image_id,p_180
test_00000,0.0010242360655756126
test_00001,0.9914291027197523
test_00002,0.999929967324197
test_00003,0.009500362261178123
test_00004,0.9914512848096932
test_00005,0.10204901645587597
test_00006,0.9991837858840836
test_00007,0.9999902163562674
test_00008,0.9987831218133101
test_00009,0.09701920088534778
test_00010,0.989440270271562
test_00011,0.00012157154665401244
test_00012,0.048937077953910335
test_00013,0.9892236305394813
test_00014,0.9908208411808412
test_00015,0.9982664468595773
test_00016,0.9637370104265056
test_00017,8.552478269015695e-05
test_00018,0.9013581437703906
test_00019,0.002515406970407649
test_00020,0.0001889855076004709
test_00021,0.017693330045533386
test_00022,0.9995517324863484
test_00023,0.007082168882183049
test_00024,0.06409804290422703
test_00025,0.9994142851027636
test_00026,0.9996889699139316
test_00027,0.8719579175221308
test_00028,0.22372670779492682
test_00029,0.9563546408674907
test_00030,0.009073733274416323
test_00031,0.9999799336164358
test_00032,0.9712826800351677
test_00033,0.9813543768638832
test_00034,0.9737091557366621
test_00035,0.9999980737305864
test_00036,0.7991962172874738
test_00037,0.0024606594209585038
test_00038,0.003195464805139933
test_00039,0.00021647939978702653
test_00040,0.4783689884895356
test_00041,0.0017095598684790578
test_00042,0.9979113108582062
test_00043,0.006920157648451979
test_00044,0.0763384199207439
test_00045,0.31378568141719243
test_00046,5.63279219809181e-05
test_00047,0.9997215159507291
test_00048,0.9901469731260939
test_00049,0.9748932513415532
test_00050,0.9998261005854514
test_00051,5.4880924646874754e-06
test_00052,2.874989967270729e-06
test_00053,0.7638719995887141
test_00054,0.0013906310059411634
test_00055,0.9844051554864467
test_00056,0.000767121693569269
test_00057,0.954440382820872
test_00058,0.00029422575318063717
test_00059,0.02995893735567861
test_00060,0.7652390486903955
test_00061,0.004373090388404727
test_00062,0.027149660776214227
test_00063,0.00033038639706761523
test_00064,2.1100165967830023e-05
test_00065,0.9999534724965621
test_00066,0.2719933562754649
test_00067,0.00025148596559403975
test_00068,5.190221180146509e-05
test_00069,0.10994176990387003
test_00070,0.9540919267728685
test_00071,0.9924246731365514
test_00072,0.9984690794882903
test_00073,0.6665702778723028
test_00074,0.16790509664599815
test_00075,0.931394929832552
test_00076,0.00022282466585038497
test_00077,0.997949188995115
test_00078,0.9995111055478518
test_00079,0.5863953833035417
test_00080,0.009278242095014556
test_00081,0.9995284798698991
test_00082,0.5307875787759775
test_00083,0.000598513064030767
test_00084,0.9999847894759393
test_00085,0.8704027680776457
test_00086,0.9996488384649336
test_00087,0.9992742511290207
test_00088,0.18118290094178563
test_00089,0.7714750661778855
test_00090,0.0011808720018395532
test_00091,2.952450340068176e-05
test_00092,0.9943942685497891
test_00093,0.4158386436956666
test_00094,0.3372291985490206
test_00095,0.3167911449545354
test_00096,0.41706672322878474
test_00097,0.0035049472054484044
test_00098,0.00016893745191346325
test_00099,0.003697391974850438
test_00100,0.001770486079213137
test_00101,0.6651983346388062
test_00102,6.625019925115813e-05
test_00103,0.9999704135814754
test_00104,0.8994054302467203
test_00105,0.00012850869682872935
test_00106,0.017528567778105592
test_00107,0.9977483983853153
test_00108,0.13627588394677434
test_00109,0.0006739354665628685
test_00110,0.9973414312251911
test_00111,0.12368332302105191
test_00112,0.9672264752334316
test_00113,4.133183534663587e-05
test_00114,0.9782547056805546
test_00115,0.76618164262425
test_00116,0.01296624081344263
test_00117,0.966815708861822
test_00118,0.9988574059274505
test_00119,0.6160801669559233
test_00120,0.09023963633670286
test_00121,0.9993153625146721
test_00122,0.9913412342284256
test_00123,0.9991876544787006
test_00124,0.0012495469180585441
test_00125,0.012435010723311834
test_00126,6.408677587157067e-05
test_00127,0.9999567452362934
test_00128,5.587479564908024e-05
test_00129,0.0028626269839729553
test_00130,0.9999912390932124
test_00131,0.0003492173035372734
test_00132,0.9671920563397218
test_00133,0.9153797275935636
test_00134,0.006261823194862075
test_00135,0.3391497406200884
test_00136,8.689869643283464e-05
test_00137,0.9878024204873375
test_00138,0.9990407284474362
test_00139,0.0005557547954785232
test_00140,0.9996784337865757
test_00141,5.235202420442607e-05
test_00142,0.960383153234222
test_00143,0.9871859437752595
test_00144,0.07819568987117552
test_00145,0.975661694217653
test_00146,0.0009468125721056172
test_00147,0.9989353416191687
test_00148,0.0014321685087046298
test_00149,0.000814114954571529
test_00150,0.000984686982385464
test_00151,0.9987497800597807
test_00152,0.001719999394725032
test_00153,0.3447293983044891
test_00154,0.35382516900074645
test_00155,0.9996502726356453
test_00156,0.9999659024569821
test_00157,0.0005248757612647404
test_00158,0.9978936518537048
test_00159,0.9999846023075032
test_00160,0.995657470676951
test_00161,0.7646771519967921
test_00162,0.35417230263979255
test_00163,0.6078550943789321
test_00164,0.0027012073283038548
test_00165,0.9974641137374365
test_00166,0.625370338395602
test_00167,0.6985281901378979
test_00168,0.03174535498728385
test_00169,0.0041894230292546
test_00170,0.9881328038348276
test_00171,0.7385537848984549
test_00172,0.8864593445588171
test_00173,0.01348290835055166
test_00174,1.949292638543375e-05
test_00175,0.9996792047482166
test_00176,0.976327362540596
test_00177,4.1938519653834785e-05
test_00178,0.0026284136472381533
test_00179,0.9991846036435768
test_00180,5.7306973607532645e-05
test_00181,0.6790562048688586
test_00182,0.93579881772145
test_00183,0.6373272018588004
test_00184,0.6925067965229328
test_00185,0.9996823918673254
test_00186,0.019214278936513816
test_00187,0.9963978801770155
test_00188,0.9999754047553673
test_00189,0.9996044543970344
test_00190,0.0009682115482816647
test_00191,0.7548538328366794
test_00192,6.093534556571485e-07
test_00193,0.18110154721659
test_00194,3.789677032391871e-06
test_00195,0.0010984224453003792
test_00196,0.06026982303070597
test_00197,0.3705130391047805
test_00198,0.19874338639658803
test_00199,0.9999505209620815
test_00200,0.9998455522956688
test_00201,0.9915688395819675
test_00202,0.9987704390923776
test_00203,0.03530018200157855
test_00204,0.9558358159476783
test_00205,0.005906267982023154
test_00206,0.00011275218978687414
test_00207,6.698700701978812e-07
test_00208,0.0002042941244335051
test_00209,4.5914876049376e-05
test_00210,0.007984175778846607
test_00211,0.9990807736943043
test_00212,0.9965675384753026
test_00213,0.9773435525929841
test_00214,0.9971208972364668
test_00215,0.00011634869869155634
test_00216,4.44508753713477e-05
test_00217,0.00019251381830221405
test_00218,0.005909547137845949
test_00219,0.9997734081198751
test_00220,0.9980345516698333
test_00221,0.9751376985112038
test_00222,0.11569191531663398
test_00223,0.9983683951554083
test_00224,0.9814339031674456
test_00225,0.9618388454278707
test_00226,0.0008136817281478242
test_00227,0.011404427398893762
test_00228,0.42378490290315074
test_00229,0.001703841911519743
test_00230,0.0006682581091266097
test_00231,0.9999919943170473
test_00232,0.9533917735367754
test_00233,0.9818157409320651
test_00234,0.0006606385289500331
test_00235,0.9858545138466945
test_00236,4.957040245401315e-06
test_00237,0.0005265854711964683
test_00238,0.9998389669505554
test_00239,0.006630655873236099
test_00240,0.00029872629055710667
test_00241,0.0015343948980607888
test_00242,0.40506575693328073
test_00243,0.9997706088772776
test_00244,0.9993778883766816
test_00245,0.1543039327113925
test_00246,2.641295852928384e-06
test_00247,0.9751733812828507
test_00248,0.9994942265612035
test_00249,0.9999472083473214
test_00250,0.24288343643389004
test_00251,0.5402644525445022
test_00252,7.006657860966875e-05
test_00253,0.9999815987378513
test_00254,0.00046372927500841466
test_00255,0.00027991738199387986
test_00256,0.023921674330999336
test_00257,0.00023170981545297118
test_00258,0.014082066140327053
test_00259,0.1738219847675595
test_00260,0.0015247079069194624
test_00261,0.6430591804643898
test_00262,0.993784942596551
test_00263,0.9970647353171845
test_00264,0.998198855499541
test_00265,0.9345773280652623
test_00266,0.022943183608080942
test_00267,0.6266590378600932
test_00268,0.0040436950019661294
test_00269,0.9990756538570821
test_00270,0.48941277643914954
test_00271,0.6829639975793329
test_00272,0.909008531144991
test_00273,0.00574314532894456
test_00274,0.7707216909688782
test_00275,0.0025847879771928486
test_00276,0.7489716802363136
test_00277,0.9996324500835169
test_00278,0.001250154993245284
test_00279,0.11891496128425041
test_00280,0.9924568316721952
test_00281,0.8024978903693328
test_00282,0.9924127527126775
test_00283,0.3896288678613633
test_00284,0.4762801225236246
test_00285,0.000202916570433632
test_00286,0.002806182064779311
test_00287,0.8078451478120425
test_00288,0.9999915003526068
test_00289,0.9986299945405308
test_00290,0.9969481105301874
test_00291,0.9999715024502578
test_00292,0.999984248883732
test_00293,0.0015705522120526593
test_00294,0.9993668453130738
test_00295,0.9999642674803031
test_00296,6.705756738010032e-05
test_00297,0.9473839719463786
test_00298,0.007891118814311825
test_00299,0.9964273773984572
test_00300,0.006411006253226285
test_00301,0.053620333949222734
test_00302,0.6747522529298243
test_00303,0.018160765671896124
test_00304,2.518478305560831e-05
test_00305,0.8660539068617263
test_00306,0.9887170690878752
test_00307,0.8260511786977398
test_00308,0.337961155180462
test_00309,0.6839373603652543
test_00310,0.7568760922434682
test_00311,0.9686693008883235
test_00312,0.000174730975808586
test_00313,0.9999603653148753
test_00314,0.0003167579872424954
test_00315,0.9177183728057386
test_00316,0.9884020143561394
test_00317,2.7417382935270093e-06
test_00318,0.9982758330423235
test_00319,0.43786308398687007
test_00320,0.975819351540079
test_00321,0.0894537207529721
test_00322,0.9347791954158491
test_00323,0.9886090735625009
test_00324,0.9187889049983957
test_00325,0.9651086648636504
test_00326,0.0021893220047535444
test_00327,0.22837766872164514
test_00328,0.923488060219969
test_00329,0.801214382478198
test_00330,0.9999138307881096
test_00331,0.995277075584766
test_00332,0.9293000323741561
test_00333,0.9996048414619993
test_00334,0.998573645475004
test_00335,0.12354730674800461
test_00336,0.10161762187491792
test_00337,0.7534282575046686
test_00338,0.002660795664784092
test_00339,0.997111327230045
test_00340,0.013651054123725713
test_00341,0.0024349426857566627
test_00342,0.9962826622806189
test_00343,0.9992594292193776
test_00344,0.9979724728678409
test_00345,0.9868593985421279
test_00346,0.0019728626985690144
test_00347,0.019176546517571086
test_00348,0.9077546449204449
test_00349,0.0005965578210801939
test_00350,0.837981933721084
test_00351,0.47590142684064507
test_00352,0.9918649071012197
test_00353,0.6296131638652716
test_00354,0.07485302172623061
test_00355,0.9999701018877396
test_00356,0.006231047863178477
test_00357,0.0007694681586381648
test_00358,0.7627169023824002
test_00359,0.9999673948983341
test_00360,0.9903157147790691
test_00361,0.99962863490434
test_00362,0.9603639158989073
test_00363,0.9994510316730898
test_00364,0.9993107382174793
test_00365,0.8678294069273285
test_00366,0.9075485627977945
test_00367,0.0041556050440136865
test_00368,8.180126965618053e-05
test_00369,0.9999526164021157
test_00370,0.0001943859082424298
test_00371,0.008541769908720381
test_00372,0.9991479170120953
test_00373,0.000595236557936032
test_00374,0.9998102561714102
test_00375,0.9960557286822662
test_00376,0.011758688727480435
test_00377,0.0008940274241561748
test_00378,0.9643720331885176
test_00379,0.0014428160926127078
test_00380,0.00018089431407281652
test_00381,0.9741327281451303
test_00382,0.14005394391190396
test_00383,0.0033308180860961165
test_00384,0.9988786718857108
test_00385,0.0082623813525456
test_00386,0.9819157782266118
test_00387,0.9754962083879114
test_00388,0.10462093750573036
test_00389,0.999956863637237
test_00390,0.10681399797911124
test_00391,0.0006094074563155116
test_00392,0.1493407395871079
test_00393,0.09643052264164939
test_00394,0.014212257486646335
test_00395,0.0007559782739829638
test_00396,0.0003455397209869333
test_00397,0.9993089879361777
test_00398,0.001974675626722726
test_00399,0.810813002659293
test_00400,0.9999928443590175
test_00401,0.9246602170101341
test_00402,0.9994106245935311
test_00403,8.819414314052544e-05
test_00404,2.175758531044338e-05
test_00405,0.9650924126204592
test_00406,0.9798671489833987
test_00407,0.8315599511448033
test_00408,0.993776360352255
test_00409,0.9606282795041402
test_00410,3.4528918898145195e-05
test_00411,0.0004077518330835466
test_00412,0.0062355306087770275
test_00413,0.08274186914520722
test_00414,0.7869140723222826
test_00415,0.8713842319882669
test_00416,0.00018042970823286617
test_00417,0.0003522598294634722
test_00418,0.999872740345313
test_00419,0.9999764877444002
test_00420,1.915277763697718e-05
test_00421,0.9853681838891079
test_00422,0.9999311614559943
test_00423,3.3686854390525913e-06
test_00424,0.0002918288120300614
test_00425,0.0013825281642382773
test_00426,0.5913274147226749
test_00427,0.00043016976565988943
test_00428,0.0012150463424219016
test_00429,0.9991804491606457
test_00430,0.9934790201611383
test_00431,0.999998840063843
test_00432,0.9999638934228743
test_00433,0.058535223135139536
test_00434,0.3062646794857053
test_00435,0.0016383801956912714
test_00436,0.9996238819921953
test_00437,0.16722937518471576
test_00438,0.9961028161208655
test_00439,0.40415770650751925
test_00440,0.2900668509779528
test_00441,9.149291621091972e-08
test_00442,0.9047717255025856
test_00443,0.999479429980343
test_00444,0.9999927897623077
test_00445,2.586657747133985e-05
test_00446,5.5572000508397106e-05
test_00447,0.009730018531304651
test_00448,0.9995081237041001
test_00449,6.608751375313126e-06
test_00450,0.005262499240660512
test_00451,0.9991880178783412
test_00452,0.9808598188411711
test_00453,0.01248981938191346
test_00454,0.7601328753770241
test_00455,0.9992996393679923
test_00456,0.0024649023506768905
test_00457,1.641595610655426e-05
test_00458,0.9990591121819301
test_00459,0.9878920835578262
test_00460,0.07111264752649704
test_00461,0.9990546252509586
test_00462,0.1462299061637611
test_00463,0.9999972597101726
test_00464,0.00024373985651972074
test_00465,0.00831449246170811
test_00466,0.9974994700681878
test_00467,0.3851239982382119
test_00468,0.9981819079674432
test_00469,0.06259777785732239
test_00470,0.17067401670541085
test_00471,0.0026286790239367064
test_00472,0.003536326052404302
test_00473,0.004760490605131604
test_00474,3.952599689942134e-05
test_00475,0.00012104587266334865
test_00476,0.6504841971674393
test_00477,0.04688060020900486
test_00478,0.10798728613061385
test_00479,0.3034872934471094
test_00480,0.9992727817462299
test_00481,7.147515525039342e-05
test_00482,0.016852881437786897
test_00483,0.9997354569227892
test_00484,0.5621067572323377
test_00485,0.0008286392740951845
test_00486,0.00018147439618808423
test_00487,0.20398679925271226
test_00488,0.010367947573439347
test_00489,0.9998190902639069
test_00490,0.9924544109479568
test_00491,0.5656009770966653
test_00492,0.9770060642724665
test_00493,0.9999979644683918
test_00494,0.9575355636523556
test_00495,0.9998973639328901
test_00496,0.3231241149153626
test_00497,0.9999908441484536
test_00498,0.08299642481903742
test_00499,6.0188726856165216e-05
test_00500,0.9998813940980116
test_00501,0.011415058852288173
test_00502,0.9477141257835129
test_00503,0.0002529543380837769
test_00504,0.9999437370101438
test_00505,0.9507516941706478
test_00506,0.9961724576947049
test_00507,0.006679781495867683
test_00508,0.6787673129342632
test_00509,0.7104055326589638
test_00510,0.9880695361833823
test_00511,0.9584642706025067
test_00512,0.9991003062965725
test_00513,0.9976453522358752
test_00514,8.022874192819801e-05
test_00515,0.005593390907900922
test_00516,0.02670140148970383
test_00517,0.0867301149630575
test_00518,0.00536284377332879
test_00519,0.9947366367724412
test_00520,3.4699572475044794e-05
test_00521,0.9998428492275804
test_00522,0.006422806724797891
test_00523,0.12155061566689222
test_00524,0.9980475164077954
test_00525,0.3231102046512757
test_00526,0.007909249443295631
test_00527,9.281996450184945e-05
test_00528,0.0028468047402110458
test_00529,0.4179626327121508
test_00530,0.02142988096713193
test_00531,0.3195237478572399
test_00532,0.03154680753990682
test_00533,0.0020893110032363517
test_00534,0.9999897243364372
test_00535,0.10641940105626123
test_00536,0.0017297834033136092
test_00537,0.006226794989527276
test_00538,0.9836883484025795
test_00539,0.04082824016025201
test_00540,0.4449102929261127
test_00541,0.004991902514132065
test_00542,0.07421912998361728
test_00543,0.9999706866576844
test_00544,0.9967284660845376
test_00545,0.0007360990068046822
test_00546,1.769604591527846e-05
test_00547,0.9997105910389135
test_00548,0.0009303107945559581
test_00549,0.8829443847795564
test_00550,0.0002613141733057315
test_00551,0.0025729666294002813
test_00552,0.9601520777438993
test_00553,0.8888297262007614
test_00554,0.14166439241230794
test_00555,0.3701795816604818
test_00556,0.8668052329955319
test_00557,0.9999676078009073
test_00558,0.0013382861248044486
test_00559,1.2383264315456654e-05
test_00560,0.5723865522174717
test_00561,0.05147541641434773
test_00562,0.17839988981711072
test_00563,0.04490059944884271
test_00564,0.9976200611283901
test_00565,0.9987053070246327
test_00566,2.598639046300789e-06
test_00567,0.9544361529395929
test_00568,0.004697245101296081
test_00569,0.8075528592230652
test_00570,0.04446664465645681
test_00571,0.31366753225729405
test_00572,7.555663645726975e-05
test_00573,0.0025616449823832243
test_00574,0.008411445141113286
test_00575,0.14677945842101592
test_00576,0.9665188280214714
test_00577,0.25590710290693297
test_00578,4.530916483514557e-07
test_00579,0.9611576180867085
test_00580,0.999993392442397
test_00581,0.9996963662580615
test_00582,0.0028076688068079136
test_00583,0.9947670168837988
test_00584,0.0002186056383311203
test_00585,6.086394260685291e-06
test_00586,0.9999406405256814
test_00587,0.999997492935861
test_00588,0.12887718448594904
test_00589,0.0015349934509211658
test_00590,3.0214042003788667e-05
test_00591,0.005832099789233764
test_00592,0.01064140119508848
test_00593,0.9295013747948631
test_00594,0.9973574271621293
test_00595,0.02336595605342565
test_00596,0.5301277209788966
test_00597,0.00130943157488978
test_00598,0.9971041643807315
test_00599,3.1726536897478435e-05
test_00600,0.9486267438340937
test_00601,0.9834655204635843
test_00602,0.9854548165902927
test_00603,0.02844291755987803
test_00604,0.7514490488110241
test_00605,0.4969272383130381
test_00606,0.9993493440872101
test_00607,0.10291902641851403
test_00608,0.29177465953063053
test_00609,0.0005951554027618398
test_00610,0.9992986413813872
test_00611,0.06710010295089965
test_00612,0.19917258246379
test_00613,0.1410465636994945
test_00614,0.1832202332391204
test_00615,0.9999999136204513
test_00616,2.2327741071352895e-05
test_00617,0.9955315055501445
test_00618,1.8619946065433963e-05
test_00619,0.9999967081708856
test_00620,0.9903920041095967
test_00621,0.5403225143882933
test_00622,0.9999480324618426
test_00623,0.4736180652571422
test_00624,6.43773185845586e-05
test_00625,0.0007946187050588426
test_00626,0.9998931582291307
test_00627,0.00017964827139845316
test_00628,0.0007564615370779356
test_00629,0.27845964712515453
test_00630,0.9978893549338748
test_00631,0.6988299447133264
test_00632,0.9887229012902043
test_00633,0.9603812711983392
test_00634,0.9998552145049852
test_00635,0.00041315340760933754
test_00636,0.9882843704384096
test_00637,0.019869220770765663
test_00638,0.007606368167657024
test_00639,0.9983015639905952
test_00640,0.0002675227155070837
test_00641,0.9997416246946883
test_00642,0.7289903441068769
test_00643,0.0001589295961537325
test_00644,0.999989609151617
test_00645,0.9997481791617606
test_00646,0.0021402557323365987
test_00647,0.0004045560640161503
test_00648,0.7874423950489082
test_00649,0.9216331842281497
test_00650,0.00019209600831572934
test_00651,0.004969051358867415
test_00652,0.002138899523346177
test_00653,0.9940146261877846
test_00654,0.11046956940199848
test_00655,0.9503912376116218
test_00656,8.909895991109708e-07
test_00657,0.11327016092577119
test_00658,0.9998375232285777
test_00659,0.011611737546630167
test_00660,0.0001737012452669942
test_00661,5.7868930243580105e-05
test_00662,0.23500430797791785
test_00663,0.9194842257502631
test_00664,0.01399413908224078
test_00665,0.006989356229324516
test_00666,0.9634922054200142
test_00667,0.8770394102488958
test_00668,0.0017068219151781987
test_00669,0.451340875750188
test_00670,0.9168305486893398
test_00671,0.9998984417158009
test_00672,0.9989446543663321
test_00673,0.9514840848817865
test_00674,0.958031654140895
test_00675,0.9996882821908115
test_00676,0.04341683171022292
test_00677,0.153906654898318
test_00678,0.9995505321873921
test_00679,0.8801153722752433
test_00680,0.19541834993628038
test_00681,0.9943240891394536
test_00682,0.9998298071149924
test_00683,0.1841552027426819
test_00684,0.9995531076626893
test_00685,0.9218356651205858
test_00686,0.999861869768408
test_00687,0.5351941144068746
test_00688,0.00029728317498151714
test_00689,0.9999341257087349
test_00690,0.7741719083313282
test_00691,0.9979564395698618
test_00692,0.9999454277340807
test_00693,0.9117211068302226
test_00694,9.930018858713151e-06
test_00695,0.003273487863429846
test_00696,0.003913066693665224
test_00697,0.9998853047146476
test_00698,0.00021801849287662802
test_00699,0.01608290891022047
test_00700,0.9905824245928749
test_00701,0.9791635683585909
test_00702,0.9995703867316337
test_00703,0.2678677354695661
test_00704,2.1243439489276236e-05
test_00705,0.3394581040519623
test_00706,0.02620502207528968
test_00707,0.982809898686819
test_00708,0.0007662164597348198
test_00709,0.36043950179933
test_00710,0.9359476863200865
test_00711,0.520702988295065
test_00712,0.18470189201916656
test_00713,0.05299212092222858
test_00714,0.0431944262228923
test_00715,0.9999995776382998
test_00716,0.7271012902400514
test_00717,0.9850419216185327
test_00718,0.13301991681645087
test_00719,0.005108656546542826
test_00720,0.9999806920419092
test_00721,0.05775642985109847
test_00722,4.804283722716383e-05
test_00723,0.9999746575122345
test_00724,0.991979539096376
test_00725,0.9998563648431669
test_00726,0.003546436117173686
test_00727,0.00015768607691560825
test_00728,0.9997042343524245
test_00729,0.9996049320702661
test_00730,0.029277134280943144
test_00731,0.1042624230270003
test_00732,0.003392331302513091
test_00733,0.03005826919437952
test_00734,0.9927997876366251
test_00735,0.018540576339690248
test_00736,0.18877894927255534
test_00737,0.4305907395698454
test_00738,0.00795233204233806
test_00739,0.999919469970912
test_00740,0.00017761866494188648
test_00741,0.9999880465689864
test_00742,0.9806934992452714
test_00743,0.9005834719030267
test_00744,0.057922426997911294
test_00745,0.8223310612212932
test_00746,0.0067882706258568844
test_00747,0.04489456421126347
test_00748,0.9988771100092702
test_00749,0.0006710697433889233
test_00750,0.1673158239482726
test_00751,0.9975516782998711
test_00752,0.0023708716702956776
test_00753,1.7448239782182492e-05
test_00754,0.30652310129034344
test_00755,0.9938482974275632
test_00756,0.002396262059949985
test_00757,0.00032447016142644485
test_00758,0.00016783116555939314
test_00759,0.00248596164074472
test_00760,0.9992842626528119
test_00761,0.9799887898337127
test_00762,6.03997716653579e-07
test_00763,0.9978195727305715
test_00764,0.003273688407207707
test_00765,0.9998754837034302
test_00766,0.016338019346413872
test_00767,0.9992811999678823
test_00768,0.00014954333265093582
test_00769,0.00024063858855519467
test_00770,0.998542180026159
test_00771,0.07456739774830852
test_00772,9.289556542859125e-05
test_00773,0.9992500511211625
test_00774,0.9996624707777267
test_00775,0.9999991011400212
test_00776,0.9916173853305543
test_00777,0.041720269949058156
test_00778,0.0009815918707369337
test_00779,0.00023594871808311376
test_00780,0.7570270642718555
test_00781,0.0035053908080684227
test_00782,0.10777184557793676
test_00783,0.7596663839835157
test_00784,0.7581122488415313
test_00785,0.9997990643978899
test_00786,0.9999993990332311
test_00787,0.005300376512750191
test_00788,0.9995451212663805
test_00789,0.041844366956974
test_00790,0.9962821091951659
test_00791,0.9993668389077707
test_00792,0.9996288064156732
test_00793,7.400834806411717e-05
test_00794,0.9988366083386498
test_00795,0.00201471308596013
test_00796,0.003188949243005568
test_00797,0.00022376358432243848
test_00798,0.9967316399290963
test_00799,0.9688894417476943
test_00800,0.0012164313217723315
test_00801,0.003706958105637403
test_00802,7.076520988027666e-05
test_00803,0.010182894658927272
test_00804,0.869208651827957
test_00805,0.2094581431963786
test_00806,0.9999186624549881
test_00807,0.9997398141245151
test_00808,0.023256989694969147
test_00809,0.1291162101518784
test_00810,0.9782831773601128
test_00811,0.99052162255592
test_00812,0.9103442528910912
test_00813,7.818786954711665e-05
test_00814,0.9999480455519894
test_00815,0.03324384713054299
test_00816,0.00029241005916175
test_00817,4.483579917054257e-05
test_00818,0.0002845682093204256
test_00819,0.9926909363046694
test_00820,0.00406439927001263
test_00821,4.3195311946204086e-05
test_00822,0.6352449427634956
test_00823,0.00034573840521352723
test_00824,0.003109914506084892
test_00825,0.9516953610065387
test_00826,0.4771292616127676
test_00827,0.9981079973068905
test_00828,0.9620777379022569
test_00829,0.9999412234888885
test_00830,0.99832503621969
test_00831,0.9997732295714474
test_00832,0.0221928994713498
test_00833,0.007921891991525867
test_00834,0.0003146617293307456
test_00835,0.002858879445645682
test_00836,0.3984164179800858
test_00837,0.8993706446466134
test_00838,0.0006060946006711403
test_00839,1.892311395507551e-07
test_00840,0.0028990191380335265
test_00841,0.6435169988881667
test_00842,0.9995174555643714
test_00843,0.9996386060325338
test_00844,0.006932524214433406
test_00845,0.0040958306103827365
test_00846,0.9992962466705719
test_00847,0.1545432215733102
test_00848,5.453207434140792e-07
test_00849,0.012546615935759516
test_00850,0.20051083530373176
test_00851,0.9623608369521952
test_00852,0.9836081426304039
test_00853,0.3173178829418432
test_00854,0.9692511059182742
test_00855,0.05093297440213504
test_00856,0.8861441020782932
test_00857,0.01643625059893554
test_00858,0.3577159318905834
test_00859,0.9999658553844505
test_00860,0.007507216220180312
test_00861,0.15699331174365175
test_00862,0.0003180795623997636
test_00863,0.9999986041961797
test_00864,0.08457645676626765
test_00865,0.0011574981526776284
test_00866,0.5736336607922544
test_00867,0.05716042211367415
test_00868,0.9991395511018096
test_00869,0.2729436709829126
test_00870,0.7605740332514461
test_00871,0.0004983230313951809
test_00872,0.0002725321854939543
test_00873,0.9938522061520956
test_00874,0.00014448469118205688
test_00875,0.947520897110594
test_00876,0.022004920760897797
test_00877,0.003385796609535423
test_00878,6.8292903479019765e-09
test_00879,0.9995566529220543
test_00880,0.43605800158610336
test_00881,0.9996295997500151
test_00882,0.968139959920941
test_00883,0.9714811071216194
test_00884,0.9620802658946047
test_00885,0.5729462424139158
test_00886,0.13819905055743598
test_00887,0.04913343081491474
test_00888,0.1813618784296021
test_00889,0.9985392843966132
test_00890,0.6968281024966296
test_00891,0.989875870785982
test_00892,0.013118408542210342
test_00893,0.95845909384914
test_00894,0.5740460769091709
test_00895,0.9806653483282651
test_00896,0.27844508371890975
test_00897,0.7658708703566037
test_00898,0.9975115641424381
test_00899,0.002226266280258796
test_00900,0.004525427274046632
test_00901,0.983998799349595
test_00902,0.39985517442029467
test_00903,0.9999776319521266
test_00904,0.9999934346468617
test_00905,0.006225349587800233
test_00906,0.10662034877246888
test_00907,0.09236849423536939
test_00908,0.0005477220349449603
test_00909,0.9197751078510431
test_00910,2.316864417087296e-05
test_00911,0.04358515997250274
test_00912,0.575897135419823
test_00913,0.0001330579643728475
test_00914,0.0010612514282838975
test_00915,0.6218265383303452
test_00916,0.0002475538031639271
test_00917,0.9994705885845802
test_00918,0.0037459712057812443
test_00919,0.0002697077865421058
test_00920,3.9896319535763814e-05
test_00921,2.0887199983826072e-07
test_00922,0.24852881868315116
test_00923,0.00018281191104585747
test_00924,0.9609716514990971
test_00925,0.9997232333290517
test_00926,0.9958731738442625
test_00927,0.003094931508126389
test_00928,0.7058233989910416
test_00929,0.35996866929026183
test_00930,4.188146486014976e-05
test_00931,0.9921075536101405
test_00932,1.8709018564365933e-05
test_00933,0.9986230813284812
test_00934,0.9999961426324563
test_00935,0.001029793832639139
test_00936,0.9986152331418073
test_00937,0.9999985408810944
test_00938,0.0005804001381504736
test_00939,0.9999925179145132
test_00940,0.9999970294534087
test_00941,0.9965828465526363
test_00942,0.9999929570661076
test_00943,0.0013656144118496837
test_00944,0.001075028857601752
test_00945,0.9988649803141973
test_00946,0.9966785678360257
test_00947,0.0054374999202433175
test_00948,0.00031073729939215875
test_00949,0.010240416259085418
test_00950,0.00025014664374859173
test_00951,0.7336181213793417
test_00952,0.7435526303143905
test_00953,0.9911280568374278
test_00954,0.9311572502728694
test_00955,0.9954339419754751
test_00956,0.05260678658738877
test_00957,0.6517105814794568
test_00958,0.00343078825940924
test_00959,0.8729096941837187
test_00960,2.035618476116577e-05
test_00961,0.9937858149380541
test_00962,0.0002061715444096163
test_00963,0.9999587478102816
test_00964,0.9980963522388305
test_00965,0.9999805128452136
test_00966,0.9897257214500045
test_00967,0.5500934695632838
test_00968,0.0024642052610031983
test_00969,0.9974076575805283
test_00970,0.7989134276444266
test_00971,0.9984466161801144
test_00972,0.5669911397108207
test_00973,0.48592009909530837
test_00974,0.004479524640505864
test_00975,0.8483908931574461
test_00976,0.9999533043226578
test_00977,0.9938936295565777
test_00978,1.633862521289533e-06
test_00979,0.7521298795129547
test_00980,0.9889748442890325
test_00981,0.8027878565680081
test_00982,0.0256277253760241
test_00983,0.0005797966967994997
test_00984,0.017609043267595027
test_00985,0.9570147096726866
test_00986,0.0025501983790031913
test_00987,8.598423924429652e-05
test_00988,0.9010072773137954
test_00989,0.9983552612756644
test_00990,0.04787991706266478
test_00991,0.9922396617953261
test_00992,0.012304171183068542
test_00993,0.00205324160112875
test_00994,0.7349918952558109
test_00995,0.2909761722862751
test_00996,0.9999804911834922
test_00997,0.9927578481404233
test_00998,4.628284481333804e-05
test_00999,0.0943119985377448
test_01000,0.08491775628114082
test_01001,0.9976099638496223
test_01002,0.46579582669259273
test_01003,0.8987704533413654
test_01004,0.011020968757586201
test_01005,0.0015911903085765041
test_01006,0.16388401048564774
test_01007,0.0006903788683745332
test_01008,0.9642328773835099
test_01009,0.9856110159576071
test_01010,0.9418618225088895
test_01011,0.9956999684561308
test_01012,0.05405525034909299
test_01013,0.0002532885384488178
test_01014,7.543304906530193e-08
test_01015,0.9284488545901861
test_01016,0.9840117740514095
test_01017,0.005730823754411775
test_01018,0.9994182900692359
test_01019,0.9987583389529525
test_01020,0.9906805286081317
test_01021,0.999519339006315
test_01022,2.6594715501247907e-05
test_01023,0.9960495980827232
test_01024,0.013132696400853171
test_01025,0.6588595947049108
test_01026,0.7862082451706324
test_01027,0.0005825256130715824
test_01028,0.00011199355832511006
test_01029,0.9999217988528967
test_01030,0.9681139302214482
test_01031,0.0027851104007787023
test_01032,0.9909600697888332
test_01033,0.9975045045872348
test_01034,0.01305794859601097
test_01035,0.00036471913258717686
test_01036,0.9994807703590044
test_01037,0.0015542492277156102
test_01038,0.9998164803281598
test_01039,0.9991878544637386
test_01040,0.9928545626674404
test_01041,0.49440258092011796
test_01042,0.9705568841723409
test_01043,0.4561967237468995
test_01044,0.9999683304925773
test_01045,0.9215632132297987
test_01046,0.028691163544250022
test_01047,0.9998486532677157
test_01048,0.9889900940401372
test_01049,0.006756834041428521
test_01050,5.4794723273119555e-05
test_01051,0.08295180895487587
test_01052,0.8057770107692067
test_01053,0.8028449264029554
test_01054,0.9666114981264964
test_01055,0.8499503579441673
test_01056,0.004487667005955198
test_01057,0.15724233327404158
test_01058,0.9264205258690107
test_01059,0.5101695314385144
test_01060,0.9624988153771727
test_01061,0.9983221895941184
test_01062,0.40564113249807476
test_01063,0.004021698796527838
test_01064,0.00011492256978628018
test_01065,0.6151005026056197
test_01066,0.8609223627196563
test_01067,0.9410146167786586
test_01068,0.9549266713047523
test_01069,0.001434248938434013
test_01070,0.9927014345196332
test_01071,0.9973298320802534
test_01072,0.9987979055405181
test_01073,0.864312562434424
test_01074,0.9922203662885236
test_01075,0.00013439368848821705
test_01076,0.07233545597436405
test_01077,0.9991684043675548
test_01078,0.7331073768521371
test_01079,0.1279228778766391
test_01080,0.9999957956580332
test_01081,0.9929802919414512
test_01082,0.9992853846846805
test_01083,0.9999679511551446
test_01084,0.2794197781908143
test_01085,0.9965572973320121
test_01086,0.9549001568657455
test_01087,0.023391448883331004
test_01088,0.01672115323162388
test_01089,0.9993725999543743
test_01090,0.9999354293115241
test_01091,0.9979729154558938
test_01092,0.606522823813311
test_01093,0.014666751591197336
test_01094,0.08765107417808694
test_01095,0.9998969028913155
test_01096,0.003651747014511881
test_01097,0.9953805020695198
test_01098,0.9999823848397362
test_01099,0.8990512163170403
test_01100,0.005001526019455475
test_01101,0.7390292410609501
test_01102,0.9999997964986668
test_01103,0.052407017569766026
test_01104,0.10191713454163928
test_01105,0.9996188560726277
test_01106,0.17315725221883244
test_01107,0.9998480489675788
test_01108,0.40827070976221663
test_01109,0.0006870659657499218
test_01110,0.5539985434698504
test_01111,0.005190111957356749
test_01112,0.02324115249090891
test_01113,0.9581272291748765
test_01114,0.00046626707902448837
test_01115,0.2656797936164316
test_01116,0.9963401806882777
test_01117,0.006485186954853544
test_01118,0.001952834568265023
test_01119,0.004465449205246878
test_01120,0.00017999068530116753
test_01121,0.9926031230142809
test_01122,0.013445828921349951
test_01123,0.42518978524519185
test_01124,0.040693612150558806
test_01125,0.4098337608891013
test_01126,0.9993413638893192
test_01127,1.4471114057695826e-05
test_01128,0.9380531344137414
test_01129,0.2541221468358259
test_01130,0.9999830168835876
test_01131,0.8509648312524573
test_01132,2.6429450347513645e-05
test_01133,0.025451855073171513
test_01134,0.0001485244353211358
test_01135,0.9065274288330808
test_01136,0.09945596500484243
test_01137,0.9999199356087684
test_01138,0.46998699967720553
test_01139,7.451474359699402e-05
test_01140,0.33201126890475763
test_01141,0.9970470185395864
test_01142,0.9495483971335903
test_01143,0.8748140525591618
test_01144,0.9999743537668063
test_01145,0.8511389225796211
test_01146,0.995231863699392
test_01147,0.05702236000104387
test_01148,0.9255058208909875
test_01149,0.10778332986204803
test_01150,0.02661928202215407
test_01151,3.042269888062268e-05
test_01152,0.0002015090320286213
test_01153,0.999199439481556
test_01154,0.9928371059277682
test_01155,0.11897720331219676
test_01156,0.00041576593615815774
test_01157,4.4137121625706035e-05
test_01158,0.005591474616584581
test_01159,0.008619490681871482
test_01160,0.02554348117754865
test_01161,8.98671367569529e-06
test_01162,0.0009376694532532083
test_01163,0.9999999810529548
test_01164,0.00027559829744120274
test_01165,0.02977621709895749
test_01166,0.9996557713076342
test_01167,0.9655981071081585
test_01168,0.8015280506979388
test_01169,0.006141298577619393
test_01170,0.09941036309482129
test_01171,0.9642857885313084
test_01172,0.9970658029312649
test_01173,0.0006644384463083114
test_01174,0.28264243898611324
test_01175,7.656256311503229e-06
test_01176,0.004319243200827836
test_01177,0.5219609098422147
test_01178,0.9644989630272347
test_01179,1.0594797929297016e-06
test_01180,0.0004889555663425622
test_01181,0.001398425981995135
test_01182,0.9299473836297931
test_01183,0.9856869586900087
test_01184,0.9996057350806803
test_01185,0.008416398704062487
test_01186,0.0011501793876125927
test_01187,0.013808813494897928
test_01188,7.66861916001068e-06
test_01189,0.00044990552258014627
test_01190,0.004837094418753119
test_01191,0.0016494786800458979
test_01192,0.9947205957349323
test_01193,0.00015361479944848877
test_01194,0.999931833302357
test_01195,0.9183953832825115
test_01196,0.8680962777846107
test_01197,0.9966944559328894
test_01198,0.4200166925323581
test_01199,0.00023338734703253318
test_01200,0.12873532660363943
test_01201,0.0010890288121508842
test_01202,0.9985448138216233
test_01203,0.9973743036501802
test_01204,0.010098974272069447
test_01205,6.988800949370661e-07
test_01206,0.9718435590755461
test_01207,0.0005244131952404967
test_01208,0.9486905010226611
test_01209,0.663450631897934
test_01210,0.9999986398643311
test_01211,0.990984242635312
test_01212,0.002708083139511387
test_01213,0.9975524157652177
test_01214,0.830931353074115
test_01215,0.0022786638413648088
test_01216,0.3579856261503408
test_01217,0.0008980783932673915
test_01218,0.11769675770046195
test_01219,0.044842130601696645
test_01220,0.9998187148697985
test_01221,0.9999588522362765
test_01222,0.9947833970560443
test_01223,0.9999471908109183
test_01224,0.998170189618422
test_01225,0.9178448598479764
test_01226,0.21513824996850045
test_01227,0.99945495151968
test_01228,9.238482050946537e-06
test_01229,0.9999643590810915
test_01230,0.9999494643016502
test_01231,0.9968602230005683
test_01232,0.0031886950357837354
test_01233,0.9997348389997325
test_01234,0.07954175225904755
test_01235,0.9998218753435928
test_01236,0.9719220640504982
test_01237,0.036899097730675366
test_01238,0.019725030930538776
test_01239,0.9998880004609899
test_01240,0.9999975343527189
test_01241,0.9999862483176185
test_01242,0.19799161370332524
test_01243,0.012476271543919708
test_01244,0.00015796146071158447
test_01245,0.9984299973977317
test_01246,0.9997710359363795
test_01247,0.9984643872609927
test_01248,0.001955134903688165
test_01249,0.9993395291301539
test_01250,0.4129438074205218
test_01251,0.9439773749451501
test_01252,0.03198305222683987
test_01253,0.08955110143892303
test_01254,0.9996048927034902
test_01255,0.9998363671331263
test_01256,0.9999158268250854
test_01257,0.6081272697396108
test_01258,0.0009355369105186003
test_01259,0.003311060168105506
test_01260,0.004969605494742184
test_01261,0.07413097859413773
test_01262,0.5039949411608433
test_01263,0.05636064225473979
test_01264,0.0025405291736682674
test_01265,0.9999754767013735
test_01266,0.0010946517941562313
test_01267,0.008913359214956038
test_01268,0.0002835900623227674
test_01269,0.4460856385207137
test_01270,0.951531859018881
test_01271,0.00017027194669122286
test_01272,0.010056362656444546
test_01273,0.036316312865847196
test_01274,0.08588780806007787
test_01275,0.9999920080579138
test_01276,0.02990223733711893
test_01277,0.004312904981529165
test_01278,0.14353427041600153
test_01279,0.004072178516800705
test_01280,0.7933617707650831
test_01281,0.444120930417784
test_01282,0.9999814383766593
test_01283,0.5248331527992914
test_01284,0.022811259355567992
test_01285,0.03803884522460644
test_01286,0.9997331331383298
test_01287,0.9995709746503444
test_01288,0.03579706993873052
test_01289,0.9999025982759312
test_01290,0.9999966125239157
test_01291,9.103581021131301e-05
test_01292,0.9748174337057361
test_01293,0.3037423543695248
test_01294,0.9914725523299428
test_01295,0.999942748388091
test_01296,0.14441484956174733
test_01297,0.9988445549301677
test_01298,0.008970129184574198
test_01299,0.9912082423202612
test_01300,0.0001315229459035808
test_01301,0.9992297198394495
test_01302,0.9772947875576518
test_01303,0.013379003962330965
test_01304,0.0010570525316996127
test_01305,0.0037937196230035035
test_01306,0.0069103396996078115
test_01307,0.999948840876286
test_01308,0.9969213106756017
test_01309,0.0004623545169865097
test_01310,0.6510508779650848
test_01311,0.0005006462462384697
test_01312,0.9840032228484795
test_01313,0.9762439202945231
test_01314,0.9920841104353779
test_01315,0.00020960671148043247
test_01316,0.16961509786536358
test_01317,0.8082624545485523
test_01318,0.009552878206605449
test_01319,0.00016569511103448599
test_01320,0.5214474820027465
test_01321,8.796183853707653e-05
test_01322,0.9910601836773928
test_01323,0.5574881930936432
test_01324,0.0017152518759377567
test_01325,0.9966480059149618
test_01326,2.3246368634112555e-05
test_01327,0.8925829801546092
test_01328,0.9985649740116059
test_01329,0.9997100098822432
test_01330,0.9991385681622171
test_01331,0.00029378896856453545
test_01332,0.9756752887735426
test_01333,0.9957010087092067
test_01334,0.2586633845714433
test_01335,0.999719959129713
test_01336,0.4256251545966232
test_01337,0.9999413399103352
test_01338,0.9999049335382039
test_01339,0.9296903768685099
test_01340,2.1869724532457244e-08
test_01341,0.9996598199681985
test_01342,0.9836891515913719
test_01343,0.9991665276936949
test_01344,0.9674332372205365
test_01345,0.9339109477849988
test_01346,0.24038716019922923
test_01347,0.9984945840385478
test_01348,0.012797221804993548
test_01349,0.001161466354581179
test_01350,0.9825662384998537
test_01351,0.9999999931707095
test_01352,0.9999317159239843
test_01353,0.0007433139211005169
test_01354,0.9795257794016496
test_01355,0.5943166901429968
test_01356,0.00016274379571909353
test_01357,0.06790383996010893
test_01358,0.9293586210521936
test_01359,0.7183809780352728
test_01360,0.0033714746555698525
test_01361,0.999959445531461
test_01362,0.0064927682491343645
test_01363,0.9999944345343765
test_01364,0.9940523573094576
test_01365,0.020456997099395902
test_01366,0.12017976517196591
test_01367,0.9925982615466352
test_01368,0.10121304998446053
test_01369,0.00044067343150500874
test_01370,0.00011761396238012538
test_01371,0.036456284136399536
test_01372,0.2527738918388936
test_01373,0.9996117250417815
test_01374,0.9983582166279088
test_01375,0.001333670447848968
test_01376,0.0013435205385649604
test_01377,7.718426744506968e-06
test_01378,0.00584647463068113
test_01379,7.015793800850332e-05
test_01380,0.0779931335727135
test_01381,0.00012708108505714278
test_01382,0.9908938862232765
test_01383,0.9981540184064421
test_01384,0.9999987720453434
test_01385,0.9976182458242594
test_01386,0.008253997104281804
test_01387,0.01668450181027721
test_01388,0.0160105356454044
test_01389,0.4634087714208798
test_01390,0.009860546590276595
test_01391,0.00735100897276075
test_01392,0.9915319866557853
test_01393,0.984941748365537
test_01394,0.012016411893980807
test_01395,0.9999140128538005
test_01396,0.9953712858848426
test_01397,0.7959761081589771
test_01398,0.0029048141093858245
test_01399,0.0002430852594890111
test_01400,0.21357221217759104
test_01401,0.0003404696825620192
test_01402,4.652451565606973e-06
test_01403,0.720350904469915
test_01404,0.6393208472929509
test_01405,0.9995811204160837
test_01406,0.00027343766510594554
test_01407,0.9736059465575088
test_01408,0.9994833581265622
test_01409,0.9997894357291467
test_01410,0.9993659039829695
test_01411,0.0013737260299791808
test_01412,0.0015078778125610605
test_01413,0.00013221052167474288
test_01414,0.04079390490304447
test_01415,0.9609748083002302
test_01416,0.9974157989115087
test_01417,0.00031354374480477304
test_01418,0.9972437332969932
test_01419,0.039893435088595594
test_01420,3.593260439535021e-07
test_01421,0.0016947699724455013
test_01422,0.0005672607753940577
test_01423,0.7009912814235046
test_01424,0.9996293948320497
test_01425,0.9980970921287028
test_01426,0.997676886700635
test_01427,0.0007498562446759135
test_01428,0.9986828992348133
test_01429,0.9764976132636783
test_01430,0.47147584889536287
test_01431,0.005679345175089146
test_01432,0.9980207589164781
test_01433,0.9934096937651922
test_01434,0.9989527153373373
test_01435,0.40979410315508963
test_01436,0.0027493382726942327
test_01437,0.010538132206906236
test_01438,0.026093044120328594
test_01439,0.9502403446752541
test_01440,0.9940088308283587
test_01441,0.005190468322628022
test_01442,0.8875127799427233
test_01443,0.21293028264926026
test_01444,0.5921141856307711
test_01445,0.9275145239741629
test_01446,0.05018342511882734
test_01447,0.9802198201094671
test_01448,0.9944216509015051
test_01449,0.9873070292886635
test_01450,0.9997872116436174
test_01451,0.021538320948221168
test_01452,0.9992386680879753
test_01453,0.9244337718189085
test_01454,0.9866808046575644
test_01455,0.9586170172818038
test_01456,0.9917451703580705
test_01457,0.9956725265758533
test_01458,0.9961722406444949
test_01459,0.9943879587190508
test_01460,2.255169088244145e-06
test_01461,8.724956330253639e-05
test_01462,0.0030399581128207473
test_01463,0.9991664826575721
test_01464,0.0013331894935151266
test_01465,0.9374063903682491
test_01466,0.17793591171942394
test_01467,0.9952289716130578
test_01468,0.9916046941012231
test_01469,0.0003168266521079363
test_01470,0.0018849748024066118
test_01471,0.9194998216702507
test_01472,0.9820380223546727
test_01473,0.002342960541717769
test_01474,0.44630308801487195
test_01475,0.0067243111552767985
test_01476,0.0005945238746233473
test_01477,0.9996340973678379
test_01478,3.268978436419016e-05
test_01479,0.8300069022976518
test_01480,0.9999723532563326
test_01481,0.722542349888374
test_01482,0.008425698164795908
test_01483,0.9964759450058913
test_01484,4.8346071463476136e-05
test_01485,0.742490151661286
test_01486,0.9978972206770579
test_01487,0.02323050744711113
test_01488,0.9999830209504309
test_01489,0.38426932512535633
test_01490,0.968728192265551
test_01491,2.1863669281025092e-05
test_01492,0.00016834578597909342
test_01493,0.00023566044139208036
test_01494,0.001977561572283881
test_01495,0.0016337355314765313
test_01496,0.9982043123105804
test_01497,0.9432339590994854
test_01498,0.9985629784483478
test_01499,0.29063115039747095
test_01500,0.013059401208218815
test_01501,0.4240507938749393
test_01502,0.06507756876319373
test_01503,0.9654721849742716
test_01504,0.9986083031814317
test_01505,0.0017755089743644178
test_01506,0.9085346477211867
test_01507,0.9897783278736771
test_01508,0.9998833301669069
test_01509,0.9997351352759649
test_01510,0.20004211949341966
test_01511,0.9999522655727395
test_01512,0.9993804642641058
test_01513,0.9999558475193662
test_01514,0.4250777322960798
test_01515,0.9921883757965158
test_01516,0.5035939926312489
test_01517,0.4051955962963038
test_01518,0.9108860442094759
test_01519,0.7179651101574225
test_01520,0.9795022142832911
test_01521,0.9265198399491291
test_01522,0.8285605966140401
test_01523,0.6851354085993273
test_01524,0.9960250023171279
test_01525,0.9977833851202835
test_01526,2.420023098833896e-07
test_01527,0.9965010402063855
test_01528,0.9998719854757986
test_01529,2.9692224425782135e-07
test_01530,0.9989223802032215
test_01531,0.8759631650512878
test_01532,0.9509986662835594
test_01533,0.0625498802670072
test_01534,0.00021382340374292473
test_01535,0.0009080337530592791
test_01536,1.8449824754776626e-05
test_01537,0.9999925968141533
test_01538,0.0028554370876317193
test_01539,0.9997376539904288
test_01540,0.17432713745649422
test_01541,0.8990482275025137
test_01542,0.9839234135267442
test_01543,0.995117988300567
test_01544,0.00014560228594918406
test_01545,0.9999491036996265
test_01546,0.9986898443085723
test_01547,0.9863087737997946
test_01548,0.6133416777008132
test_01549,0.3915662153849919
test_01550,0.9977362060352324
test_01551,0.005946222602523688
test_01552,0.8902992972485907
test_01553,0.9702966107626054
test_01554,0.001321526013529148
test_01555,0.4435853256811239
test_01556,0.9468028745480016
test_01557,0.9998642271253734
test_01558,0.9995246768226355
test_01559,0.008068782785921278
test_01560,0.1682193134141021
test_01561,0.00015016537776714887
test_01562,0.00033333228228381664
test_01563,0.9986912697857852
test_01564,0.00026117696085449765
test_01565,0.528545516605798
test_01566,0.9982536173694866
test_01567,0.017279508772106173
test_01568,0.0012308892658738132
test_01569,0.0023593208620631793
test_01570,6.8292903479019765e-09
test_01571,0.9976820145070421
test_01572,0.9973506762977761
test_01573,0.9019961457071463
test_01574,0.07114726853091491
test_01575,0.0014698959531839393
test_01576,0.9991298224819718
test_01577,0.0389927084356381
test_01578,0.9965467827981735
test_01579,0.536621425692331
test_01580,0.1895512231334057
test_01581,0.9998651431460909
test_01582,3.199413439753967e-05
test_01583,0.0001030303663125778
test_01584,0.5499039536041235
test_01585,0.1849092330934424
test_01586,0.9347419557859035
test_01587,0.9974655142107353
test_01588,0.0003404537435690313
test_01589,0.1619342896564937
test_01590,0.9998769835211402
test_01591,0.9946964012126415
test_01592,0.05005963258221589
test_01593,3.421583161531765e-05
test_01594,0.999827676652687
test_01595,0.9930146530952867
test_01596,0.0002748718474197877
test_01597,0.3778299053072176
test_01598,0.0468360812135282
test_01599,0.9225926205402464
test_01600,2.394174837270219e-06
test_01601,0.9714727468111107
test_01602,0.005281186577165579
test_01603,0.9998432519699436
test_01604,0.8694274522241917
test_01605,0.049240109839537805
test_01606,8.255473703013707e-05
test_01607,0.9999709263411346
test_01608,0.9808678518898235
test_01609,0.9977582734356638
test_01610,0.9958355757709846
test_01611,0.004005015204429158
test_01612,0.995173838442124
test_01613,0.07585514296765128
test_01614,0.0008136701997218207
test_01615,0.9986259990798674
test_01616,0.0012019945186223407
test_01617,0.8646761801102849
test_01618,0.999618300872467
test_01619,0.00032275612089232246
test_01620,0.0033122849905536087
test_01621,0.09955962466702616
test_01622,0.999745794288602
test_01623,0.9782976155040376
test_01624,0.08566069287712645
test_01625,0.8142755944667251
test_01626,0.9798702424582716
test_01627,0.9706359527607468
test_01628,0.00010782743440753805
test_01629,0.9722505125870349
test_01630,0.9825169276512004
test_01631,0.9931095247628929
test_01632,8.895057402522094e-06
test_01633,0.9999497683341098
test_01634,0.00018359123658989634
test_01635,0.9842171484123937
test_01636,0.99903649883326
test_01637,3.1652743335906284e-05
test_01638,0.78565600069989
test_01639,0.3144013562789889
test_01640,0.0079937248523812
test_01641,0.01625848032711672
test_01642,0.9271435490148777
test_01643,0.06067999836414082
test_01644,0.9998806084800348
test_01645,0.9902634763305369
test_01646,0.20875755027046128
test_01647,0.9938410621750184
test_01648,0.998404813765419
test_01649,0.0005595428794367821
test_01650,0.48555180095025596
test_01651,0.003182459139526636
test_01652,0.9997609178657959
test_01653,0.009750350227012136
test_01654,0.9895444165512695
test_01655,0.9995199183540492
test_01656,0.9783882324237827
test_01657,1.2351208314623813e-05
test_01658,0.3056904712918018
test_01659,0.10025796480034696
test_01660,0.9994057743877589
test_01661,0.00021157002521865733
test_01662,0.9856636515034123
test_01663,0.0030277736796037636
test_01664,1.0345578516298929e-05
test_01665,0.9650956152135263
test_01666,0.00019602539928040874
test_01667,1.2621673571254972e-05
test_01668,0.9939994742860773
test_01669,0.00022944102529861906
test_01670,0.7334524975120695
test_01671,0.9935079689621429
test_01672,0.9977361599712647
test_01673,0.1965306511794946
test_01674,0.8864018911224304
test_01675,7.405267099441032e-05
test_01676,0.987226903177686
test_01677,0.6538160375506076
test_01678,0.9974434893859997
test_01679,0.995134067872409
test_01680,0.003352414718479503
test_01681,0.9916315075940282
test_01682,0.9968158590271304
test_01683,0.0009199958883954771
test_01684,0.9997480546156756
test_01685,0.9960360797338502
test_01686,0.9997992696437322
test_01687,0.7293855671653178
test_01688,0.01514463849064424
test_01689,0.0002851785834961089
test_01690,0.9999897306210752
test_01691,0.021538124795454947
test_01692,0.015524603288039479
test_01693,0.029726372476424325
test_01694,0.002432356633205427
test_01695,0.20444949228719597
test_01696,0.36136073711707734
test_01697,0.986534848123927
test_01698,0.9949451330751573
test_01699,0.05086738770549668
test_01700,0.9979245871519679
test_01701,0.00671763724475768
test_01702,1.0362180131608106e-05
test_01703,0.9999114998282248
test_01704,0.00017082271761934128
test_01705,0.5968295403808738
test_01706,0.7337579825272514
test_01707,0.9655198883472385
test_01708,0.9928062383296896
test_01709,0.8866839916305358
test_01710,0.9317376544053877
test_01711,0.0005885352326492334
test_01712,0.4973471755519264
test_01713,0.0003946089158696669
test_01714,0.027561102365285306
test_01715,0.999909830907297
test_01716,0.9877800754259463
test_01717,0.9998283364348185
test_01718,0.0042016410699695335
test_01719,0.02203607224181252
test_01720,0.9988285968513093
test_01721,0.00024399825943405233
test_01722,0.9932989822357682
test_01723,0.11655956820212993
test_01724,0.012858291994508903
test_01725,0.00854955051331134
test_01726,0.008408998629962066
test_01727,0.9759956458452163
test_01728,0.40697366848304817
test_01729,0.99974299492246
test_01730,0.05662908233415462
test_01731,0.05926770619070613
test_01732,0.004015599029442466
test_01733,0.9973955146066841
test_01734,0.996887497026786
test_01735,0.9982488186674421
test_01736,0.9974688887223497
test_01737,0.9997796853237365
test_01738,0.9605244772348962
test_01739,0.8393285967948715
test_01740,0.5274826112360571
test_01741,0.0499962432143412
test_01742,0.00034057223783204294
test_01743,0.8792998221806708
test_01744,0.9977831798125493
test_01745,0.003607782238578918
test_01746,0.00013656965032204926
test_01747,0.9925392744889999
test_01748,0.10703157984501785
test_01749,0.9220891432622642
test_01750,0.9993685285264967
test_01751,0.05743308554780762
test_01752,0.005208780515205782
test_01753,0.5073281757207678
test_01754,0.3374222042413207
test_01755,0.5879093286769842
test_01756,0.9022776395021455
test_01757,0.8869136455882582
test_01758,0.005828105826335149
test_01759,0.20654321638616144
test_01760,0.9999997140877295
test_01761,0.005418356102660704
test_01762,0.22195730115324383
test_01763,0.0003213433996352326
test_01764,0.9911003707175768
test_01765,0.9951900480515194
test_01766,0.0007136741609662451
test_01767,0.00015927989502203312
test_01768,0.024269541493607955
test_01769,0.30525694332120024
test_01770,0.9987209453503748
test_01771,0.0023748522973368225
test_01772,0.20543443175725767
test_01773,0.4542276943344621
test_01774,0.9986898521388329
test_01775,0.9999691755120974
test_01776,0.9999802623677335
test_01777,0.9998934224127359
test_01778,0.999994370609782
test_01779,0.3426756873265767
test_01780,0.012819976983402134
test_01781,0.9994143352867019
test_01782,0.00012438982203513577
test_01783,0.9996919918617525
test_01784,0.9990659288156702
test_01785,0.7948743387167004
test_01786,0.8040613304609106
test_01787,0.339166686113933
test_01788,0.9998278301148529
test_01789,0.6129794876981209
test_01790,0.00019796114433070467
test_01791,0.8515044201356301
test_01792,0.5140481244501315
test_01793,0.018620295474871457
test_01794,0.9526158826908475
test_01795,0.002025649791909678
test_01796,0.11742144507770513
test_01797,0.03404033338904639
test_01798,0.9501002839251589
test_01799,0.44563109687344493
test_01800,0.9728743376275837
test_01801,0.9985284644182867
test_01802,0.20004918969031357
test_01803,0.9980324363369298
test_01804,0.9998662754681035
test_01805,0.00014147316336183633
test_01806,0.02889329476482547
test_01807,0.999928641883963
test_01808,0.9999457553142309
test_01809,0.9995330478133023
test_01810,0.9914197913019669
test_01811,0.8534275844733223
test_01812,0.9999999931707095
test_01813,0.07744638553147203
test_01814,0.002594802044120025
test_01815,0.9974898862602566
test_01816,0.5618595467131988
test_01817,0.011643467141604691
test_01818,0.9957320367032034
test_01819,0.8358858857672306
test_01820,0.040820822424850786
test_01821,0.999308969772026
test_01822,0.9331446036092573
test_01823,0.0012267754033132832
test_01824,0.9929031446843712
test_01825,0.07787554011495951
test_01826,0.9989135904246721
test_01827,1.9574620222879368e-05
test_01828,0.9988768592185632
test_01829,0.04318901494323863
test_01830,0.9625538606156488
test_01831,0.0006341824917447382
test_01832,0.00013936730343840073
test_01833,0.00046829953568568855
test_01834,0.04087190779775675
test_01835,0.702123541679842
test_01836,0.00031710051477932015
test_01837,0.9939222078210395
test_01838,0.0048878331783582035
test_01839,0.9915821817907948
test_01840,1.810592398752344e-05
test_01841,0.9721998068767934
test_01842,0.04941495827355442
test_01843,2.9032469786685824e-07
test_01844,0.9945108478940423
test_01845,0.04786298991905097
test_01846,0.9999935657185277
test_01847,0.9999968693302009
test_01848,0.00035708045526836924
test_01849,0.7435854872384925
test_01850,0.9999844434084812
test_01851,0.7914611612018898
test_01852,8.21673142951801e-05
test_01853,0.048941461330442054
test_01854,0.02499325740229237
test_01855,0.06654945485667013
test_01856,0.9173744338180115
test_01857,8.775334947152972e-06
test_01858,0.9822652750036346
test_01859,0.39319163840383836
test_01860,0.9916418946206208
test_01861,0.0001506029783773271
test_01862,0.19950093983560757
test_01863,0.4163032643910807
test_01864,7.02598109315414e-05
test_01865,0.9999741276162052
test_01866,0.07436512432400505
test_01867,0.0029940506028503203
test_01868,0.0015269152359533914
test_01869,0.9964556001348035
test_01870,0.00598848642738688
test_01871,0.9813657220836203
test_01872,0.26796984296434684
test_01873,0.9960679514511145
test_01874,0.36097142219937584
test_01875,0.00038123935177263366
test_01876,0.7330001209029817
test_01877,0.9998845518881638
test_01878,0.1253500864122399
test_01879,0.9919194018414691
test_01880,0.9937786826686899
test_01881,0.9923106131172521
test_01882,0.009651865495299623
test_01883,0.7195244661521297
test_01884,2.7908363113682254e-05
test_01885,0.007914579348522374
test_01886,0.00013749518582146164
test_01887,0.9916600400260076
test_01888,0.017095765066356537
test_01889,0.0011685945860086303
test_01890,0.9997682867218253
test_01891,0.6762431256355362
test_01892,0.004471778432495038
test_01893,0.9964323693837486
test_01894,0.4564303793837066
test_01895,0.00032018328132161946
test_01896,0.9199543084333526
test_01897,0.006695247411820056
test_01898,0.9948084335264594
test_01899,0.7680954225550597
test_01900,0.9954730120619231
test_01901,0.060508551828901525
test_01902,0.9998937078668114
test_01903,0.0002633125147422152
test_01904,0.00228932574034913
test_01905,0.9997012614473391
test_01906,0.0361460292992086
test_01907,0.9999959476828992
test_01908,0.9993622730187136
test_01909,0.2195265873724741
test_01910,0.0014461773620096077
test_01911,0.21734589582966723
test_01912,0.9979228263875881
test_01913,0.003671549893373108
test_01914,0.9999682101117116
test_01915,0.6378945217566626
test_01916,0.999473738903467
test_01917,0.9999662149767227
test_01918,0.871567347415099
test_01919,0.08493926736524715
test_01920,0.8644384196609671
test_01921,0.0002895130597935711
test_01922,0.9634597369236573
test_01923,0.4335745571535112
test_01924,0.418001815473504
test_01925,0.9961261557650586
test_01926,0.0016423448505916878
test_01927,0.9804573997332179
test_01928,0.9967256111044657
test_01929,0.9995990807306586
test_01930,0.9992674204725291
test_01931,0.0072406353770956035
test_01932,0.999999549436498
test_01933,0.9010381116600307
test_01934,0.818481079848481
test_01935,0.01589157070739247
test_01936,1.5352476471211042e-05
test_01937,0.9968316145091928
test_01938,0.02284942821797022
test_01939,0.9999114364294205
test_01940,1.2840916611037116e-07
test_01941,0.14959318969652258
test_01942,0.9854085169090611
test_01943,0.009751834896799282
test_01944,0.9983949747824497
test_01945,0.05355899833614981
test_01946,0.8487558284235012
test_01947,0.0007775426148976716
test_01948,0.07039438165934891
test_01949,0.010815232430355148
test_01950,0.9853689860645266
test_01951,0.011568544520623258
test_01952,0.9992772914805156
test_01953,0.0003019973479845237
test_01954,0.9984890720842547
test_01955,0.055393227112068885
test_01956,0.998316798028206
test_01957,0.9971906881821326
test_01958,0.04424532178786992
test_01959,0.0002193519401473858
test_01960,0.9955199016191892
test_01961,0.9941092900175811
test_01962,0.00045056595214892567
test_01963,0.14697804210334775
test_01964,0.0005317148339039567
test_01965,0.9985544063976042
test_01966,8.579031367930136e-05
test_01967,0.0659351982803067
test_01968,0.6323790033623768
test_01969,5.542322405752398e-06
test_01970,0.14240512101313493
test_01971,0.9954232276176729
test_01972,0.9947064985802978
test_01973,0.00021955217298348702
test_01974,0.12518916597452823
test_01975,0.9842791058524659
test_01976,0.99990983545102
test_01977,0.0004300179724426651
test_01978,0.9998044944781199
test_01979,3.652955815365086e-05
test_01980,0.0045181679155116864
test_01981,0.01188773244641542
test_01982,1.0619485854094411e-05
test_01983,0.29399454984394047
test_01984,0.20404110556071176
test_01985,0.9999925719571666
test_01986,0.9423083601329605
test_01987,7.080279540144655e-05
test_01988,0.0012153070145574556
test_01989,0.31806280200850773
test_01990,0.0001221809045541094
test_01991,0.8933765005290358
test_01992,0.05581090196803924
test_01993,0.9992446839512384
test_01994,0.07326686170820468
test_01995,0.9998705354881198
test_01996,0.9972362886384524
test_01997,0.3376874300530059
test_01998,0.00012428119562966447
test_01999,0.5015826142485337
test_02000,0.9996261332458845
test_02001,0.14868229791899232
test_02002,0.0023654284375205295
test_02003,0.9906157026783705
test_02004,6.203759164734458e-05
test_02005,0.9415693296048323
test_02006,0.008009186590337919
test_02007,0.6297295541250326
test_02008,0.7311758086629041
test_02009,0.9903818937962778
test_02010,0.9973284527545643
test_02011,0.9999807661928904
test_02012,0.8462549119989209
test_02013,0.9971986919717356
test_02014,8.019362592355826e-05
test_02015,2.085377337337924e-05
test_02016,0.97609830150649
test_02017,0.5004999300835697
test_02018,0.6240524399619959
test_02019,0.9958630133494567
test_02020,0.9972923799542016
test_02021,0.999598071432183
test_02022,0.05604933990069171
test_02023,0.01946469124150071
test_02024,0.013400602353076656
test_02025,0.9998588545147366
test_02026,0.996824347552197
test_02027,0.005159655748132586
test_02028,0.9993250006024703
test_02029,0.8080983949296939
test_02030,0.18439541992915376
test_02031,0.7584959597871209
test_02032,0.0008565489018895026
test_02033,7.476555942401897e-06
test_02034,0.00218028123875706
test_02035,0.9972288982146073
test_02036,0.0030942888800609197
test_02037,0.04231566890545305
test_02038,0.9969095581240645
test_02039,0.9946232914334143
test_02040,0.39931808276370195
test_02041,0.9999304921138451
test_02042,0.08504456222072057
test_02043,0.00972437829929919
test_02044,0.470925902968357
test_02045,0.6516547074920475
test_02046,0.00011056069887064748
test_02047,0.08993064630916695
test_02048,0.9990753354215391
test_02049,0.001831796044588244
test_02050,0.9897726832947379
test_02051,0.9988682971757535
test_02052,0.013170488500934928
test_02053,0.9998601536081921
test_02054,0.8103093130700365
test_02055,0.9916087931750578
test_02056,0.9993423512615578
test_02057,0.9999848031377387
test_02058,0.37361793916497904
test_02059,0.9996911128097504
test_02060,0.9999807746539151
test_02061,0.9014204298304548
test_02062,0.00020647750906642483
test_02063,0.009902033203685216
test_02064,0.99891197716861
test_02065,0.9928834566050403
test_02066,0.9999985017888702
test_02067,0.0006585681749334234
test_02068,0.12730815274524196
test_02069,0.9939514486642375
test_02070,0.00037171875774129614
test_02071,0.022272650936365566
test_02072,0.9989441627879414
test_02073,0.003778222221143285
test_02074,0.999081721562849
test_02075,0.8860998241652744
test_02076,0.15022902599558993
test_02077,0.012082971837787362
test_02078,0.9982413058963906
test_02079,0.0018486517238578905
test_02080,0.9999983096145754
test_02081,0.00026899313995562774
test_02082,0.5381514711680948
test_02083,0.0034484285691246674
test_02084,0.0030142579945692752
test_02085,0.08409969916265267
test_02086,0.013410638578764844
test_02087,0.0002624917090485322
test_02088,0.015329033696464742
test_02089,0.00017546307991646195
test_02090,0.11132505766652269
test_02091,0.26318119593965394
test_02092,0.419316891908437
test_02093,0.0025971015386387452
test_02094,0.9999919328495285
test_02095,0.0006861365288462395
test_02096,0.5824081880857024
test_02097,0.0015059984361532682
test_02098,0.9181688992540702
test_02099,0.9999961118906893
test_02100,0.9997366489589302
test_02101,0.9291273953910653
test_02102,0.9981604386356956
test_02103,0.0008804890664414763
test_02104,0.0017084864503620738
test_02105,0.9766669176949173
test_02106,0.9999981624397174
test_02107,7.107170496012725e-06
test_02108,0.00012598201968293165
test_02109,1.0848466877024674e-05
test_02110,0.967998396280498
test_02111,1.4084514793968815e-06
test_02112,0.2580203998809651
test_02113,0.9998879060357486
test_02114,0.9995256172124427
test_02115,0.19638562512048707
test_02116,0.9827862457468893
test_02117,1.7845166675471774e-05
test_02118,0.009312579863290742
test_02119,0.9975330022357567
test_02120,0.0022932169278546224
test_02121,0.9383857005120033
test_02122,0.0006819540387673756
test_02123,0.001226761951932561
test_02124,0.39502508736735026
test_02125,0.9979973664988785
test_02126,0.014714779836100285
test_02127,0.0076043773633059
test_02128,0.13663406987962112
test_02129,0.6389199025548581
test_02130,0.9826807176268568
test_02131,0.9986912477560589
test_02132,0.9998128743210511
test_02133,0.9949762434316303
test_02134,0.003518409715565114
test_02135,0.9997255374718076
test_02136,0.7518680884808445
test_02137,0.29200124497050645
test_02138,0.9100909310373068
test_02139,0.9987860695518714
test_02140,0.007941260271359314
test_02141,0.9999789651906952
test_02142,0.9997636269746973
test_02143,0.001676167010615409
test_02144,0.4755144915135164
test_02145,0.0012398536374106253
test_02146,0.0014280251971821283
test_02147,0.6278781986270285
test_02148,0.9889776400721538
test_02149,0.0009438558911360634
test_02150,0.9999979891808601
test_02151,0.003375587314121003
test_02152,0.0018397995531414003
test_02153,0.9996929186476414
test_02154,0.9993894238015395
test_02155,0.9999701206373477
test_02156,0.7747677569824415
test_02157,0.00027553760224802
test_02158,0.13200765627013994
test_02159,0.9900440794211529
test_02160,0.9781386752681666
test_02161,0.8624915568802961
test_02162,0.998292307172453
test_02163,0.0002511460009897551
test_02164,0.0011916812386311413
test_02165,0.5816777516651005
test_02166,0.04591713409203247
test_02167,0.4931287937891591
test_02168,0.3073323134413105
test_02169,2.7417076266005513e-08
test_02170,0.9408139846932285
test_02171,0.003106876889994507
test_02172,0.9981619324558254
test_02173,0.0001792294187582954
test_02174,0.02729216472352227
test_02175,0.8133006685635296
test_02176,0.08581060525680025
test_02177,0.9785360441949563
test_02178,0.0640506865590504
test_02179,0.7231904075824076
test_02180,0.9999736684512173
test_02181,0.9978149470064935
test_02182,0.0012655524426779443
test_02183,8.165988278115499e-05
test_02184,0.005363817596769077
test_02185,0.998335214397211
test_02186,4.091693623058578e-05
test_02187,0.9758648827024498
test_02188,0.4403894507218905
test_02189,0.9999914507665928
test_02190,0.999993227375587
test_02191,0.6840992937255738
test_02192,0.01165428816502
test_02193,0.0004138342983612738
test_02194,0.853248276822091
test_02195,0.865271171290545
test_02196,0.002171352407837497
test_02197,0.9991120354232033
test_02198,0.0196347309274021
test_02199,0.010201595473267058
test_02200,0.08648720979534767
test_02201,0.29146178216488633
test_02202,0.001180260031164646
test_02203,0.011417192187444967
test_02204,0.04710738094013297
test_02205,0.021613251052483642
test_02206,0.913072619370766
test_02207,0.001818287478087763
test_02208,0.9741328297568617
test_02209,0.6156555370044602
test_02210,0.0011244918476189625
test_02211,0.809478398597876
test_02212,0.0038172314177632003
test_02213,0.999964508801826
test_02214,0.9996173679006386
test_02215,0.38327238011793274
test_02216,0.008487336437370865
test_02217,1.2847756162531364e-05
test_02218,0.5408043263184585
test_02219,0.01715040780104205
test_02220,0.0035346618839561415
test_02221,0.015695796698654715
test_02222,0.7587830080903809
test_02223,0.010254391408801413
test_02224,0.9999798312145682
test_02225,0.0007437396439289243
test_02226,0.045859317151636166
test_02227,0.3013823946591696
test_02228,0.9995195127433262
test_02229,0.9943875841053786
test_02230,0.8967822782344796
test_02231,0.006414341691001212
test_02232,0.9848015647427619
test_02233,0.9999720411065416
test_02234,7.160611638650746e-06
test_02235,0.9995244667978165
test_02236,0.0815053579879093
test_02237,0.9995779865440794
test_02238,0.120874449867403
test_02239,0.9878241811347538
test_02240,0.992940219737482
test_02241,0.9982809881919243
test_02242,0.00019152335265311158
test_02243,0.009368149700674165
test_02244,0.9992964129530064
test_02245,0.00310780666548229
test_02246,0.9999789759799117
test_02247,0.9999287617173902
test_02248,0.9519232811148857
test_02249,0.9996711648630202
test_02250,0.9994910063893296
test_02251,0.0018415037023283493
test_02252,0.9996757396088304
test_02253,0.9865576048056212
test_02254,0.0004939641683820149
test_02255,0.9340257187248849
test_02256,0.012990038527262713
test_02257,0.9996959271848532
test_02258,0.001158306594109719
test_02259,0.9973104920872652
test_02260,0.3252877289633332
test_02261,6.897473223898897e-06
test_02262,0.00147671668059276
test_02263,0.9934981232056268
test_02264,0.5996251978175988
test_02265,0.999815994388299
test_02266,0.9963214141692512
test_02267,0.003884961130056514
test_02268,0.0013415815192417844
test_02269,0.9999191931442504
test_02270,0.9996953233459805
test_02271,0.600839100759392
test_02272,0.004976421341460301
test_02273,0.06009024239874253
test_02274,0.887938905450121
test_02275,0.9999743338549099
test_02276,0.9988228663129562
test_02277,0.9947282110462415
test_02278,0.9999375030278406
test_02279,0.9995698443810412
test_02280,0.0006597185904260533
test_02281,0.19869909292086027
test_02282,0.0068496523753166574
test_02283,0.13398758088695648
test_02284,0.0020273634437460897
test_02285,0.9945938351488388
test_02286,0.0024737753889640364
test_02287,0.0028021076337378997
test_02288,0.06975940048267942
test_02289,4.3050800678440325e-08
test_02290,0.023600267561349822
test_02291,0.036344220841811964
test_02292,0.09290385379319427
test_02293,0.08161397736800113
test_02294,0.985371355762465
test_02295,0.7953355121765192
test_02296,0.999278802755665
test_02297,0.9901452838978705
test_02298,0.9419787383043935
test_02299,0.9649461169494935
test_02300,0.0003013658618817679
test_02301,0.8873284098168971
test_02302,0.7170520791359982
test_02303,0.9999586470056564
test_02304,0.002213312197805271
test_02305,0.9999999760876491
test_02306,0.9998783759647681
test_02307,0.3728884719297471
test_02308,0.00023267969185185793
test_02309,0.0002091333709763012
test_02310,0.9999384183014564
test_02311,0.9952943265668422
test_02312,0.5847487227423551
test_02313,0.9952531661443558
test_02314,0.01255462233909522
test_02315,0.9980186444512413
test_02316,0.8661846613425704
test_02317,0.009998323125837004
test_02318,0.9999704176622515
test_02319,0.9999652897637009
test_02320,0.2933891403461672
test_02321,0.8111777019941372
test_02322,0.9995996794235797
test_02323,0.007371564447565261
test_02324,0.9830907236609282
test_02325,0.890929376189846
test_02326,0.005696084162277445
test_02327,0.17775444138302787
test_02328,0.13757838077396392
test_02329,7.463079760030745e-05
test_02330,0.009241651544097246
test_02331,0.00019639751936829523
test_02332,0.00034830646124491286
test_02333,0.01062017190788804
test_02334,0.43306515537304724
test_02335,0.9995313400558608
test_02336,0.9995700642870171
test_02337,0.013356654095617851
test_02338,0.19350746842388464
test_02339,0.9797542074552932
test_02340,0.9986061641924413
test_02341,0.652106871200234
test_02342,0.001456520126496285
test_02343,0.9969646557631046
test_02344,0.0003840701780148477
test_02345,0.01543954621854648
test_02346,0.9980987299684795
test_02347,0.9957071378816794
test_02348,0.4866935016442289
test_02349,0.9996884041574052
test_02350,0.0006969808227646288
test_02351,0.017028829976148963
test_02352,9.378897457485383e-06
test_02353,0.45804403127285315
test_02354,0.9961616732999037
test_02355,0.999940789203505
test_02356,0.7975142471018234
test_02357,4.1267461417620356e-05
test_02358,0.0063713583731536275
test_02359,0.9995909721643764
test_02360,0.9015796684792521
test_02361,0.1278895679460551
test_02362,0.9857402542451396
test_02363,0.8617917255559346
test_02364,0.9933852919209135
test_02365,0.9999804734985758
test_02366,0.00015037396954488568
test_02367,0.9780335649406978
test_02368,8.896405009199668e-06
test_02369,0.002490652159369672
test_02370,0.9982011204236212
test_02371,0.99796814730224
test_02372,3.619210802251717e-06
test_02373,0.0003049683368976194
test_02374,0.9990294562232621
test_02375,0.9986218114000376
test_02376,0.6534686991159171
test_02377,0.057904286071587784
test_02378,0.9938524941578496
test_02379,0.001696599910142622
test_02380,0.9996625655373462
test_02381,0.9999838619356717
test_02382,0.9997774349170178
test_02383,0.057452826807578204
test_02384,4.456053817350519e-05
test_02385,0.7176944434213208
test_02386,1.2960811084950745e-06
test_02387,0.9999742156414023
test_02388,0.0032678486944620424
test_02389,5.179432091639632e-07
test_02390,0.9706367386364569
test_02391,0.003803486102677717
test_02392,0.9990453054833296
test_02393,0.00019110098816308433
test_02394,8.590120456109947e-07
test_02395,0.999699239623165
test_02396,0.013087308668349906
test_02397,0.9946902357880204
test_02398,0.9994876536754171
test_02399,0.27769651737987405
test_02400,0.9999859437517673
test_02401,0.9993635890608937
test_02402,0.9999993450979131
test_02403,0.020673203552227116
test_02404,0.9213027336477443
test_02405,0.9923025488552951
test_02406,0.4434552691869943
test_02407,0.9999148717601805
test_02408,0.4191394466369264
test_02409,0.29265085979592
test_02410,0.002004371474690046
test_02411,0.9258468906399966
test_02412,0.07841864302167079
test_02413,0.9999785188042959
test_02414,0.9999898806975472
test_02415,0.9999021491151445
test_02416,0.0003495574435406258
test_02417,0.6254621924716266
test_02418,0.1886588311718945
test_02419,0.14140314933604772
test_02420,0.0011817150998656143
test_02421,0.9946094629139947
test_02422,0.24580893600074827
test_02423,0.9987809609836137
test_02424,0.00015070741871613618
test_02425,0.00029312185492738553
test_02426,0.9999798993411544
test_02427,0.9949294016601411
test_02428,0.004373561000120802
test_02429,0.09473529221968803
test_02430,0.9991212170289194
test_02431,0.3263983921315572
test_02432,0.9727010555011418
test_02433,0.9950749471712063
test_02434,0.9992855075109335
test_02435,0.5812697969751708
test_02436,0.0024037049058521294
test_02437,0.23465718928107038
test_02438,0.9943997181209314
test_02439,0.9998308797671042
test_02440,0.9999719247436925
test_02441,0.9995370609890286
test_02442,3.815463043811398e-05
test_02443,0.9998971271847958
test_02444,0.10256697034880291
test_02445,0.4084866206568118
test_02446,0.006922903107955234
test_02447,0.8830090838034547
test_02448,0.9998337516955366
test_02449,0.0026781529495596246
test_02450,0.9982834372684402
test_02451,0.9992362932422424
test_02452,0.0024732814604120404
test_02453,0.9782968403166982
test_02454,0.9654969288629996
test_02455,0.000310305038373503
test_02456,0.20658563712840636
test_02457,0.02487570511056373
test_02458,0.3209716424433564
test_02459,0.00020821423522804694
test_02460,0.9303818380002288
test_02461,0.9996273252722679
test_02462,0.9990446816781463
test_02463,0.02926234014854411
test_02464,0.9995168604641002
test_02465,0.000602727222813216
test_02466,0.006852320098373274
test_02467,0.0014940365370915117
test_02468,0.9994926247545042
test_02469,0.6166075632101923
test_02470,0.9939285148328039
test_02471,0.9994863649108527
test_02472,6.207207192927241e-06
test_02473,0.998301107413812
test_02474,0.0003754818716810039
test_02475,0.3049301149164891
test_02476,0.0732688496225285
test_02477,0.29486209292122245
test_02478,0.9997478059602815
test_02479,0.9995092222458396
test_02480,0.9999530157867654
test_02481,0.9989504265231783
test_02482,0.6255076418910108
test_02483,0.02729349272977009
test_02484,0.4401324668542768
test_02485,0.002425334906382163
test_02486,0.9889078495323601
test_02487,0.9953158763125597
test_02488,0.004475549234905291
test_02489,0.9997220450990021
test_02490,0.9886494488839046
test_02491,0.41187545369804784
test_02492,0.055507440145131676
test_02493,5.0034421519837666e-05
test_02494,0.9998585092475204
test_02495,1.4711875503094658e-06
test_02496,0.9999857700938639
test_02497,0.5294118334422271
test_02498,0.999686483605493
test_02499,0.05473681066189392
test_02500,0.9289683080188986
test_02501,2.6169740293188675e-05
test_02502,0.024014289448367154
test_02503,0.9283801075665956
test_02504,0.9996028479350182
test_02505,0.004449146020295024
test_02506,0.21912592120175495
test_02507,0.9964583135112515
test_02508,0.0002636210282780509
test_02509,0.9996996744822656
test_02510,0.00028472398733847564
test_02511,0.9981883468129371
test_02512,0.9978460322974559
test_02513,0.999999914815776
test_02514,0.004847139324053959
test_02515,0.9999998958840965
test_02516,0.9860838796480813
test_02517,0.24301054731816032
test_02518,1.4560932581539691e-05
test_02519,0.9592514099573907
test_02520,1.289992879618537e-05
test_02521,0.1417520199906074
test_02522,0.8536624514085644
test_02523,1.8024496930556985e-05
test_02524,0.9013725552233225
test_02525,0.999452129721001
test_02526,0.010747793029029269
test_02527,0.33050103384033436
test_02528,0.18548191205519113
test_02529,0.4402128033416291
test_02530,0.39215739251252973
test_02531,0.9946971417746124
test_02532,0.3124373148067378
test_02533,0.9657652176076227
test_02534,0.03581627803897916
test_02535,0.32976554184864687
test_02536,0.9999676537819302
test_02537,0.17630851899183544
test_02538,0.0416465604188298
test_02539,0.99999181867769
test_02540,8.302156702026919e-05
test_02541,0.3104842931146407
test_02542,0.7795999595119579
test_02543,0.7157530802784035
test_02544,0.9434528772473015
test_02545,0.7005036126539013
test_02546,3.920382386639635e-05
test_02547,0.9710582553530891
test_02548,0.6601617618417743
test_02549,0.9999945493446183
test_02550,0.9999998780302295
test_02551,0.00025924271116308455
test_02552,0.8793577388320457
test_02553,0.9999442184705714
test_02554,0.44923182128261896
test_02555,0.05313411325803983
test_02556,0.9646849924076155
test_02557,0.6137103720275505
test_02558,0.9941260463206052
test_02559,6.586222497716152e-05
test_02560,0.011786259178643352
test_02561,0.9999741129244851
test_02562,0.16828511963053494
test_02563,0.9985148222183906
test_02564,0.9883670231462
test_02565,0.976254915207155
test_02566,0.7073176197106983
test_02567,0.0255309580804923
test_02568,0.5233155571780178
test_02569,0.00045195058262082713
test_02570,0.9894577020802684
test_02571,5.821153156576152e-05
test_02572,0.18027429112156448
test_02573,0.0007022135772680109
test_02574,0.951273664081134
test_02575,0.228671556701625
test_02576,0.9982852534747897
test_02577,0.2746581983239234
test_02578,0.9999027926379797
test_02579,0.0007278918365107925
test_02580,0.1274194178827431
test_02581,0.5891141675588133
test_02582,0.2694571903351733
test_02583,0.9815214290513284
test_02584,0.9999634353487109
test_02585,0.0017803559170412506
test_02586,0.8520643193976681
test_02587,0.4871261177435353
test_02588,0.4436207347241393
test_02589,0.13885258483864032
test_02590,0.7875981521754469
test_02591,0.9211828290895366
test_02592,0.5961258623449132
test_02593,0.3620193112976127
test_02594,0.9999985701369348
test_02595,0.9997820820273547
test_02596,0.0027870919699775516
test_02597,0.9993867137584412
test_02598,0.9951775106013417
test_02599,0.3404720224938962
test_02600,0.9829163350241991
test_02601,0.003869447598566402
test_02602,0.08188792253499672
test_02603,2.3863573383927706e-06
test_02604,8.057437970564982e-06
test_02605,0.0010367804541863378
test_02606,0.6665972998480802
test_02607,0.999134128016199
test_02608,0.9290559348344049
test_02609,0.9998908463447708
test_02610,2.767335122755804e-05
test_02611,0.9600603797804224
test_02612,0.04141468330242077
test_02613,0.00461553721177413
test_02614,0.002791128215949849
test_02615,0.00029969615464849926
test_02616,0.7565645651812135
test_02617,0.9990142686762241
test_02618,0.27646385092894354
test_02619,0.994801034511042
test_02620,5.369121976161831e-07
test_02621,0.9999086749486046
test_02622,0.017500176625888215
test_02623,0.8978059469742886
test_02624,0.9999975163443932
test_02625,0.0001510014849064435
test_02626,0.9996537143811528
test_02627,0.9954284718656936
test_02628,0.0002407314320572261
test_02629,0.003031011582556144
test_02630,0.9931478940544971
test_02631,2.070555257996674e-05
test_02632,0.03276011027689553
test_02633,0.9998212342788086
test_02634,0.001931417470544549
test_02635,0.0248021467581355
test_02636,0.37739232098457043
test_02637,0.9992122211982813
test_02638,0.9999881215023808
test_02639,0.03805749870590776
test_02640,0.9970451409444324
test_02641,0.9998564253657586
test_02642,0.0003798088206182383
test_02643,0.9854861009274012
test_02644,4.071008251314815e-06
test_02645,0.2807376031862466
test_02646,0.03186782195202869
test_02647,3.1470163318974666e-05
test_02648,0.0006388456224207356
test_02649,0.9994504655192791
test_02650,0.04220981608791658
test_02651,0.5265868841293299
test_02652,0.5636686817494055
test_02653,0.9803823809688718
test_02654,0.8643166844511979
test_02655,0.010972642134054744
test_02656,0.8910176800601408
test_02657,0.13591931756296555
test_02658,0.7821684356350117
test_02659,0.9946070208691703
test_02660,0.7080581301819743
test_02661,0.9999971942058653
test_02662,0.9998418312312911
test_02663,1.569798577418731e-05
test_02664,0.9997682016867245
test_02665,0.9926229458814781
test_02666,0.9983519523316481
test_02667,0.6743833208905734
test_02668,0.9995673916858545
test_02669,0.00022528678330107778
test_02670,0.21153845867229878
test_02671,0.007724167092350318
test_02672,0.9999586301135867
test_02673,0.9999999748831845
test_02674,0.5965904040551425
test_02675,0.47019386609379676
test_02676,0.9998464407026577
test_02677,0.07465447744481107
test_02678,0.9991451016724832
test_02679,0.9981228476248313
test_02680,0.0020707157301971535
test_02681,0.003656171819988855
test_02682,0.002306432380042235
test_02683,0.9962874991955275
test_02684,0.04859443396104728
test_02685,0.002826847663944106
test_02686,0.999808983519145
test_02687,0.9662533474249606
test_02688,0.9999979573910454
test_02689,0.9994895194125425
test_02690,0.008601878446913281
test_02691,0.11073098374421744
test_02692,0.9964236669740991
test_02693,0.11625312019674328
test_02694,0.9999505739564328
test_02695,0.7472584933058297
test_02696,0.8531835973007235
test_02697,0.0011771837808698395
test_02698,1.7944441360690775e-05
test_02699,0.9999921970552343
test_02700,0.06358873246424647
test_02701,0.00020291162087418278
test_02702,0.6980489560719215
test_02703,0.005754097191441307
test_02704,0.0017774328665330595
test_02705,0.9962814088859425
test_02706,4.030999383340491e-05
test_02707,0.9999380756535359
test_02708,0.7645934758313384
test_02709,0.9981444575024689
test_02710,0.9998161306112091
test_02711,0.26725652614913353
test_02712,0.9996602521736665
test_02713,0.02830049987271016
test_02714,7.783464484950474e-07
test_02715,0.997642560143621
test_02716,0.12457768103121453
test_02717,0.9995987608893898
test_02718,0.0006089084971201885
test_02719,0.9799361745238672
test_02720,0.002453471478018791
test_02721,2.7437026873103682e-05
test_02722,3.6124315545169944e-05
test_02723,0.9997431989190841
test_02724,0.0937928206183866
test_02725,0.47472201132979813
test_02726,0.9669299321161103
test_02727,0.0492795941798095
test_02728,0.0009829779702414563
test_02729,0.02496026908470867
test_02730,0.9992460745357254
test_02731,0.01160086343772923
test_02732,0.9494727421633985
test_02733,0.8216322414350363
test_02734,6.009208471706479e-06
test_02735,0.9997619725294028
test_02736,0.565934006651383
test_02737,0.9959283193553589
test_02738,0.9984194976046349
test_02739,0.3716694577729382
test_02740,0.9999802364049287
test_02741,0.059337661251683355
test_02742,0.562772713480379
test_02743,0.009053630712980648
test_02744,0.0016294068549172664
test_02745,0.9999696078116364
test_02746,0.051766856352338866
test_02747,0.003663558613499701
test_02748,4.7741173021717534e-05
test_02749,0.3895660623140667
test_02750,0.9999278556370687
test_02751,0.6859726136060283
test_02752,0.9852621412732802
test_02753,0.9997982832509228
test_02754,0.00070198821220156
test_02755,0.9983581585170188
test_02756,0.9971050402578087
test_02757,0.01851092837728218
test_02758,0.30352786685450045
test_02759,0.9426987501431734
test_02760,9.745639315905803e-06
test_02761,0.9967207866655916
test_02762,0.0011037203811199846
test_02763,0.0025925890757024376
test_02764,0.9221750777063734
test_02765,0.0017865653518978827
test_02766,0.5978850865872973
test_02767,0.02518677982621403
test_02768,0.9736500617365211
test_02769,0.0002983220402791307
test_02770,0.4649862695513592
test_02771,0.9554378590763928
test_02772,0.9901306048690472
test_02773,0.005169394856605932
test_02774,0.9446204698618682
test_02775,0.768888692992916
test_02776,0.999031119788177
test_02777,0.9999521243196016
test_02778,0.09483136259878107
test_02779,0.004013342236195768
test_02780,0.5988949428037253
test_02781,0.9792716581306914
test_02782,0.6548842441321535
test_02783,0.0001754623218360541
test_02784,0.727601241075446
test_02785,0.9995181076997394
test_02786,0.0006107287693685585
test_02787,0.0005702188269254267
test_02788,0.9997495743473829
test_02789,0.009817684250341036
test_02790,0.008801528049092417
test_02791,0.014112030167877156
test_02792,0.011939078951459868
test_02793,0.0008294549568922063
test_02794,3.783219758206831e-05
test_02795,0.9916613969381195
test_02796,0.8483722557608259
test_02797,0.04721846780550116
test_02798,0.9104780520790301
test_02799,0.3583627649807791
test_02800,0.001574440260342572
test_02801,2.4484105480555024e-05
test_02802,6.585400814360425e-05
test_02803,0.0004586579407535697
test_02804,0.01155153957522709
test_02805,0.0007912090703446435
test_02806,0.999998748552166
test_02807,5.523859569378538e-07
test_02808,0.024552356052747512
test_02809,0.6518532257163834
test_02810,0.007238550711891452
test_02811,3.378278181280601e-05
test_02812,0.759723244982795
test_02813,0.9619216678351716
test_02814,0.9998147651509136
test_02815,0.05017241373741767
test_02816,0.9080621909312144
test_02817,0.037046013962976215
test_02818,0.004607067150777282
test_02819,0.9998954155287196
test_02820,1.1098414840610686e-06
test_02821,0.9611707957809453
test_02822,0.9892517029708354
test_02823,0.997149999035775
test_02824,3.157400105496967e-06
test_02825,0.9999138849305941
test_02826,0.999976342544116
test_02827,0.9326513485975904
test_02828,0.9996931019434115
test_02829,0.9998892051772282
test_02830,0.9535780502461367
test_02831,0.979080239115312
test_02832,0.23584725730502512
test_02833,0.00305584239812603
test_02834,0.9566565589302473
test_02835,3.1031991502685674e-05
test_02836,0.9999458250357494
test_02837,0.999529474874141
test_02838,4.738373768567314e-05
test_02839,0.9893535057407963
test_02840,0.9846274342566792
test_02841,0.999989009838137
test_02842,0.99976559340916
test_02843,0.0030793261679692525
test_02844,0.0001353377232322975
test_02845,0.0023602536654633182
test_02846,0.9977233346103408
test_02847,0.9998556956181196
test_02848,0.006869478490346251
test_02849,0.5115472203400783
test_02850,2.286544944494545e-07
test_02851,0.999999416274357
test_02852,3.4459222908544225e-06
test_02853,0.00146975558485263
test_02854,0.3664067631016536
test_02855,0.9991584047016774
test_02856,0.006105823336124606
test_02857,0.9938896510645179
test_02858,0.9920150155416583
test_02859,0.9999996169995867
test_02860,0.2804965017629227
test_02861,0.9996035304567906
test_02862,0.05485616131053606
test_02863,0.2162359972149262
test_02864,0.7491181154832862
test_02865,0.9964486396670704
test_02866,0.9998319632910141
test_02867,0.9045821724100098
test_02868,0.00016379291104696251
test_02869,0.9640993106073921
test_02870,0.918931734999339
test_02871,0.9990370362044944
test_02872,0.1583313982749308
test_02873,0.9999999795407144
test_02874,0.9992668428667753
test_02875,0.9976327700205052
test_02876,0.9889070789870021
test_02877,0.008784392683359241
test_02878,0.020729847829544824
test_02879,0.016438407022408223
test_02880,0.9965571992448065
test_02881,0.00198878510676344
test_02882,0.003885076688422528
test_02883,0.9983266652588074
test_02884,0.6024317599656667
test_02885,0.9907765878729292
test_02886,0.042455757674798304
test_02887,0.03096979378015858
test_02888,0.00016387519616482257
test_02889,0.002817818874653645
test_02890,0.00023430737160322687
test_02891,0.0027674964526700143
test_02892,0.0026678136161487668
test_02893,0.0002978388508976945
test_02894,0.0002482516928643045
test_02895,0.35657469663382446
test_02896,0.9934867873886413
test_02897,0.1420658667993293
test_02898,0.5815661107644913
test_02899,0.18886612006914055
test_02900,0.27317283879822896
test_02901,0.9999677515002082
test_02902,2.775542127212502e-05
test_02903,0.0030983856703223032
test_02904,0.04511600676266472
test_02905,0.9995241721432458
test_02906,0.9312514655814015
test_02907,0.9494029792807681
test_02908,0.9996641316476954
test_02909,0.12138058698487794
test_02910,0.0008534516206272675
test_02911,0.002704886018227258
test_02912,0.9998788461429795
test_02913,0.001073916032745543
test_02914,0.7407118752556161
test_02915,0.9997165494332675
test_02916,0.9755120281125712
test_02917,0.01761782533558524
test_02918,0.015607465358451528
test_02919,0.008092360691046293
test_02920,4.4096985652834825e-06
test_02921,0.005535054650575983
test_02922,0.999904102639591
test_02923,0.0012602364840931107
test_02924,0.01288490411506942
test_02925,0.0004981201276768193
test_02926,0.9702656127057955
test_02927,0.33570866903594454
test_02928,0.8249714523589887
test_02929,0.0011575201145989514
test_02930,0.9988375879795329
test_02931,0.9488003433173632
test_02932,0.9524965996482054
test_02933,0.14991703841349
test_02934,0.8133815340862374
test_02935,0.8958627176677311
test_02936,0.978236527650699
test_02937,0.03758978391883495
test_02938,0.292381039088656
test_02939,0.9985586124571355
test_02940,0.36836490113264453
test_02941,0.8577585203388794
test_02942,0.09367804397279335
test_02943,0.9725917826484172
test_02944,9.074088583013658e-05
test_02945,0.9904217839448072
test_02946,0.0010900284736686842
test_02947,0.28183040376851304
test_02948,2.8277614032935846e-05
test_02949,0.9853922303882693
test_02950,0.6628277668608992
test_02951,0.0017156205234878466
test_02952,0.9999101103382358
test_02953,0.9266545804075255
test_02954,0.9998957382140016
test_02955,0.0006074002809562191
test_02956,0.00010533459418358217
test_02957,0.0001748114591293381
test_02958,0.9928597621279053
test_02959,0.0020479896399508164
test_02960,0.8652390549913598
test_02961,0.07483891444530885
test_02962,0.9953166063627628
test_02963,0.0029876438613275456
test_02964,0.9058269161886272
test_02965,0.000358232946280883
test_02966,9.895189254344182e-06
test_02967,0.009718259210836062
test_02968,0.9998614016049259
test_02969,0.9961849780739653
test_02970,0.6773383377251045
test_02971,0.17841544023123532
test_02972,0.9999959522554082
test_02973,0.004893441905079586
test_02974,0.46430378259194255
test_02975,0.13160192586568842
test_02976,0.4684371583197597
test_02977,0.9722673496241112
test_02978,0.9994356588604563
test_02979,0.9988022216705487
test_02980,0.02355757987465924
test_02981,0.37247077566474135
test_02982,0.9998492526350962
test_02983,0.9976047564501506
test_02984,0.9944536352296146
test_02985,2.692987521770171e-07
test_02986,0.4764065349871314
test_02987,0.0012832412490884017
test_02988,0.442044637623176
test_02989,0.9216548225812533
test_02990,0.9811012508740705
test_02991,0.9986667599372224
test_02992,0.0006557831042677556
test_02993,0.0033111901608181235
test_02994,0.949005152702134
test_02995,1.5084581698062606e-06
test_02996,0.22867846253305113
test_02997,0.14927348843217847
test_02998,0.0016024451935882549
test_02999,0.9999410511095799
test_03000,0.9999404051531912
test_03001,0.9989734377977878
test_03002,0.9889431357508679
test_03003,0.9965323328302107
test_03004,0.00866031300011461
test_03005,0.0002456352755273285
test_03006,0.9963215032097303
test_03007,0.8191126808027434
test_03008,0.008837708678063888
test_03009,0.00901097812479476
test_03010,0.9984753593408695
test_03011,0.9983754385319723
test_03012,0.0017531055737795727
test_03013,0.9999993887780353
test_03014,0.9883376134653411
test_03015,2.4038704041527984e-05
test_03016,2.574784869747136e-05
test_03017,0.7182282401920645
test_03018,0.00018761858071261506
test_03019,0.002547979672050963
test_03020,0.9933014216464858
test_03021,0.010177534743271844
test_03022,0.8808073513510731
test_03023,0.3638948960918538
test_03024,0.9997852597450527
test_03025,0.8832018560975351
test_03026,5.994548820653671e-06
test_03027,2.8213742353096342e-05
test_03028,0.33570362203760806
test_03029,0.0008175546121106933
test_03030,0.9927577343937046
test_03031,0.05263948736419529
test_03032,0.003760365998408559
test_03033,0.9940051933984361
test_03034,0.027362393723897392
test_03035,0.0006267841815046131
test_03036,0.0021955530195659294
test_03037,0.6482191886833031
test_03038,0.041874094466124015
test_03039,0.13567824079852217
test_03040,0.9934516400038182
test_03041,0.9999413247619492
test_03042,0.9992375633526442
test_03043,0.9059863605531323
test_03044,0.9433609433221665
test_03045,0.9260523993641024
test_03046,0.4711143377327912
test_03047,0.9947916199630956
test_03048,0.07487144450526524
test_03049,0.8692282725815768
test_03050,0.19673319938107978
test_03051,0.0002001731014281711
test_03052,0.004161148844791199
test_03053,0.018775506483785117
test_03054,0.00576264151052769
test_03055,0.9956898139527685
test_03056,0.9997232957854989
test_03057,0.0002204232001174734
test_03058,0.0006819854731629624
test_03059,0.9977155028842863
test_03060,0.9683705098324622
test_03061,0.9999700293850274
test_03062,0.9886463708281196
test_03063,0.0003044133023048046
test_03064,0.9996174232790374
test_03065,0.00398006749789644
test_03066,0.9997909014856988
test_03067,0.673676333260366
test_03068,0.8272528199662149
test_03069,0.9732246732666316
test_03070,0.8989160495629919
test_03071,0.9998417542433635
test_03072,0.12188145792692413
test_03073,0.021249520550937883
test_03074,0.9996269018065591
test_03075,0.8400542680956916
test_03076,0.0008316193593309813
test_03077,0.428714847763566
test_03078,0.0005366257836869913
test_03079,0.23696418216446463
test_03080,0.0037679066132955126
test_03081,0.10385548999777841
test_03082,0.9986469079212497
test_03083,0.5894773031905722
test_03084,0.05041277460850074
test_03085,0.8518722187541055
test_03086,0.31029574547390687
test_03087,0.5954877271895492
test_03088,0.8870922053124026
test_03089,0.0031224724337774084
test_03090,0.9986573149850784
test_03091,0.9996458998112238
test_03092,0.0013564354148093208
test_03093,0.929428994313157
test_03094,0.9995132141801102
test_03095,0.9698762569025927
test_03096,0.8131701271672505
test_03097,0.005161835955969049
test_03098,0.001216848166634622
test_03099,0.019110143597945852
test_03100,0.5597716969698688
test_03101,0.2729549468839418
test_03102,0.9894259081517557
test_03103,0.00936922165667387
test_03104,0.4043869789555899
test_03105,0.2380788342335107
test_03106,0.0017098061393490138
test_03107,0.005996758715476672
test_03108,0.0018435568493732346
test_03109,0.1493088557909102
test_03110,0.03692908117367792
test_03111,0.00021215078363085406
test_03112,0.004122062056552393
test_03113,0.0003332024906242597
test_03114,0.00021849431341920578
test_03115,0.01288630772032657
test_03116,0.9994436881119945
test_03117,5.475163712113936e-05
test_03118,0.002759535717447513
test_03119,0.9505934003322087
test_03120,0.14630820234537184
test_03121,1.986587279690945e-06
test_03122,0.4202319829348175
test_03123,0.9998659403303067
test_03124,0.9996293761763024
test_03125,0.4940922148588957
test_03126,0.9913557968084639
test_03127,0.941083851949478
test_03128,2.578658290362471e-05
test_03129,0.005844657356597747
test_03130,0.9998592051563179
test_03131,0.97615811357911
test_03132,0.9993585503464321
test_03133,0.007860616344940966
test_03134,0.6874007327994247
test_03135,0.9944256488847745
test_03136,0.002365076043424467
test_03137,0.8811426100404276
test_03138,0.0027887745651264074
test_03139,0.0007877673838615723
test_03140,0.0007804700878033588
test_03141,0.9897535162501119
test_03142,0.9956467022236437
test_03143,0.02696784652673673
test_03144,0.9999606632025514
test_03145,0.9997637843581328
test_03146,0.008275614601000299
test_03147,0.0629672078524781
test_03148,0.0022698162055884677
test_03149,0.5650764782736178
test_03150,0.9678084811935507
test_03151,0.001902731288316018
test_03152,0.8423534812421707
test_03153,9.52158262025802e-05
test_03154,0.9948444689217022
test_03155,0.00022666703235223204
test_03156,0.9988242643710127
test_03157,0.0010010482357600832
test_03158,0.9875450084469957
test_03159,0.999585348913174
test_03160,0.32503635442100626
test_03161,1.2101944012885408e-07
test_03162,0.9999310820731999
test_03163,0.0011805163784006593
test_03164,0.9998700649014414
test_03165,8.822497350394807e-05
test_03166,0.002040227108541435
test_03167,0.005011974306482559
test_03168,4.057965450060336e-05
test_03169,0.7783640917535093
test_03170,2.0913673987164447e-05
test_03171,0.9796732920662872
test_03172,0.9941416139739865
test_03173,0.9989633706912637
test_03174,0.002099731642451891
test_03175,0.18133853392900068
test_03176,0.9995293011249122
test_03177,0.7119397174418056
test_03178,0.9997775606424653
test_03179,0.021300819291766863
test_03180,0.9999481159709573
test_03181,0.9999964434092223
test_03182,1.5468356524480547e-05
test_03183,0.9869136437599864
test_03184,0.9997504622877501
test_03185,0.9990572506286526
test_03186,7.79572088654766e-05
test_03187,0.9728642602589215
test_03188,0.6376075206387821
test_03189,0.7852394285100835
test_03190,0.22084535185809775
test_03191,0.00046431966490932116
test_03192,0.993959037957855
test_03193,0.02816179534026235
test_03194,0.9874289077622753
test_03195,0.19712364709816838
test_03196,0.999997794441511
test_03197,0.0007246638842871295
test_03198,0.0033393104398990584
test_03199,0.4728045459894703
test_03200,0.017257706105138052
test_03201,0.839373454018321
test_03202,0.05296528571984738
test_03203,0.0009953512564236382
test_03204,0.9967564486670231
test_03205,0.7422796354582221
test_03206,0.011826041872765328
test_03207,0.9966270241059463
test_03208,0.14242125173575976
test_03209,0.7855861321313913
test_03210,0.8216328139825668
test_03211,0.14916125371724445
test_03212,0.9183204630790829
test_03213,0.9998958612802545
test_03214,0.03186088171747408
test_03215,0.9982310892018388
test_03216,0.568247697145551
test_03217,0.034601071785088075
test_03218,0.0002581271216667297
test_03219,0.9997012050540076
test_03220,0.9975089439102991
test_03221,0.6449915873316382
test_03222,0.2558523789282467
test_03223,0.0016805891988833535
test_03224,0.9999972577169082
test_03225,0.9991948439940457
test_03226,1.3653777571749354e-05
test_03227,0.9994500652447939
test_03228,0.9908574276366804
test_03229,0.04607871847887245
test_03230,0.9818956622073575
test_03231,0.9999985979153437
test_03232,0.9908092258887593
test_03233,0.00015637187085847375
test_03234,0.03111745914107093
test_03235,0.021719403105530173
test_03236,0.00035190650010631923
test_03237,0.9398087118141703
test_03238,0.5498887748975217
test_03239,0.04726039537474244
test_03240,4.736093832739057e-05
test_03241,0.6610745000552352
test_03242,0.038539342593703105
test_03243,4.871585108953834e-05
test_03244,0.8310550652408931
test_03245,0.9625590571124172
test_03246,0.9864986944749919
test_03247,0.9957514646537077
test_03248,0.001065556197455267
test_03249,0.9999991896224788
test_03250,0.005631587247929382
test_03251,0.00015793588958732806
test_03252,0.9999999756464372
test_03253,0.995224449133076
test_03254,0.006444758168080625
test_03255,0.05349086680166021
test_03256,0.9729565588953111
test_03257,0.9910152646172856
test_03258,0.37928147434930654
test_03259,0.9924092277768388
test_03260,0.011995085858075474
test_03261,0.0016567247097993014
test_03262,0.9992374636345591
test_03263,0.9110555342243948
test_03264,0.07997582293122692
test_03265,1.4258685530872287e-05
test_03266,0.9999420544502784
test_03267,0.9994597426413202
test_03268,0.07385007494447768
test_03269,0.9998344612808473
test_03270,0.0025435366889775316
test_03271,0.009813778775310625
test_03272,0.995863849523889
test_03273,0.16543281888046266
test_03274,0.0016059626961094642
test_03275,0.013320778858088153
test_03276,0.03641052600796023
test_03277,0.003211943136067063
test_03278,0.9025320252699328
test_03279,0.9663480085139146
test_03280,0.7374021253218044
test_03281,0.998513637317719
test_03282,0.9807725317690051
test_03283,0.03101157476185037
test_03284,0.00026555896869225927
test_03285,0.9994948444055035
test_03286,0.9715282011912902
test_03287,0.9991891164759233
test_03288,0.9500380338425578
test_03289,0.9880879925509543
test_03290,0.40387790734035167
test_03291,0.6931768810284434
test_03292,0.1191731288427391
test_03293,0.8898234446377622
test_03294,0.9998538512710515
test_03295,6.614104180786588e-06
test_03296,0.0007994634223921388
test_03297,0.9997717416353369
test_03298,9.940405659445654e-05
test_03299,0.9967917282657393
test_03300,0.9993201113499768
test_03301,0.053997034480978846
test_03302,0.9997150279532503
test_03303,0.011209592243541216
test_03304,0.0002333059054467532
test_03305,0.9968906917934498
test_03306,0.9734430500737246
test_03307,0.9865440176859627
test_03308,0.9982529559626323
test_03309,0.0003796139759442758
test_03310,0.9936713929796647
test_03311,0.02180475773049915
test_03312,0.8589933906471563
test_03313,8.232730160115696e-07
test_03314,8.996789774582899e-06
test_03315,0.5368256572766297
test_03316,0.9999495177201817
test_03317,0.9978615883991253
test_03318,0.9185790874438579
test_03319,0.002284949260906988
test_03320,0.9990469776987011
test_03321,0.9864891141091565
test_03322,0.9962926761057533
test_03323,0.9994227459919434
test_03324,0.33160965000590603
test_03325,0.12287390550812728
test_03326,0.007832639034070882
test_03327,0.9923977112904199
test_03328,0.7752836043203126
test_03329,0.007981485574308323
test_03330,0.9859736079868859
test_03331,0.001016398834130192
test_03332,0.9994358398553699
test_03333,0.013770423562234419
test_03334,0.9944347278915302
test_03335,0.9142868009061385
test_03336,0.00011022182269194915
test_03337,0.001406136024189222
test_03338,0.9089374275458003
test_03339,0.9905731776323001
test_03340,0.7048651537083869
test_03341,0.00032544366041706074
test_03342,0.012299012905656402
test_03343,0.00786480833849602
test_03344,0.9859290954321882
test_03345,0.00020292552858705313
test_03346,0.002638778875587718
test_03347,0.0023184431766745525
test_03348,0.0014158602212325337
test_03349,0.9993491873900475
test_03350,0.9923860609862555
test_03351,0.5248030815767798
test_03352,0.9999531434649703
test_03353,0.27247440464375705
test_03354,8.266048576919821e-05
test_03355,0.3655698521849572
test_03356,0.0028087500588562754
test_03357,0.9950764786937908
test_03358,0.1169073010035519
test_03359,0.9999625581977312
test_03360,0.8749776666059557
test_03361,4.832045880606538e-05
test_03362,0.9778941200073442
test_03363,0.9951004497716651
test_03364,0.9615432374096485
test_03365,0.9146109461516809
test_03366,0.6016422273643836
test_03367,0.8671013944829741
test_03368,0.5916974727531682
test_03369,0.00035333073999769247
test_03370,0.009930242636346395
test_03371,0.9999365139351563
test_03372,0.41726450804243187
test_03373,0.40251403850611944
test_03374,0.791599277583053
test_03375,0.0010627003504442936
test_03376,0.9773256021379872
test_03377,0.25845541937855604
test_03378,0.00041801304434508165
test_03379,0.9953257501715752
test_03380,0.9999791931747588
test_03381,0.9988367856317891
test_03382,0.9997212737866217
test_03383,5.155931094380742e-05
test_03384,0.8612379912917603
test_03385,0.995011709250942
test_03386,0.633456974466418
test_03387,0.9999845083556721
test_03388,0.02460964949470474
test_03389,0.9771685353713209
test_03390,0.7850070831056657
test_03391,0.9974553754057808
test_03392,0.8755288872077279
test_03393,0.001827876056263711
test_03394,0.7257335641954994
test_03395,0.017295747172642924
test_03396,0.010463127427084922
test_03397,0.025696098402374412
test_03398,0.986001314821919
test_03399,0.979908812928497
test_03400,0.0002942610941643079
test_03401,0.02205502528582204
test_03402,0.7457805611797704
test_03403,0.00011149592452113634
test_03404,0.00029084356637212004
test_03405,0.8421994013936174
test_03406,0.005284567076189963
test_03407,2.384654768204529e-05
test_03408,0.4387011094518385
test_03409,0.00015856094096559423
test_03410,0.21967084387014466
test_03411,0.9875711413442351
test_03412,0.9633733859186321
test_03413,0.00024284768002320778
test_03414,0.001349989063710491
test_03415,0.9694303533493736
test_03416,0.028156533505859345
test_03417,0.009635687097771245
test_03418,0.005596335610099389
test_03419,0.07110287950282089
test_03420,0.9957527145203408
test_03421,0.006970893373358876
test_03422,0.9998360557604823
test_03423,0.0020304479603753937
test_03424,0.010793153632746737
test_03425,0.00027362047989052833
test_03426,0.986017844464983
test_03427,0.9999454055623148
test_03428,0.0004634905441546803
test_03429,0.16339759345488888
test_03430,0.9916753680403766
test_03431,0.9985707389668409
test_03432,0.6502812453666191
test_03433,0.9939082029107428
test_03434,0.0019828639211730663
test_03435,0.9453565616452724
test_03436,0.6913656748032762
test_03437,0.17162076334890533
test_03438,7.513883602893771e-07
test_03439,0.977966541728328
test_03440,0.9220554757805864
test_03441,0.9927194218700394
test_03442,0.8285228874819808
test_03443,0.9971374749694006
test_03444,0.48213482359941967
test_03445,0.8520886909025785
test_03446,0.8842446104190338
test_03447,0.9999930930259665
test_03448,0.9574148659213078
test_03449,0.9999261161646694
test_03450,0.20915831628388323
test_03451,0.3247702250153309
test_03452,6.317457898884848e-06
test_03453,0.00010094047888446247
test_03454,0.011248859878313255
test_03455,0.0004292835696584039
test_03456,0.0003907891413166969
test_03457,0.07942862345678288
test_03458,0.9998186893573154
test_03459,1.2846968328251015e-06
test_03460,0.026011970467917218
test_03461,0.28472423598129293
test_03462,0.9994626543768665
test_03463,7.437266642859228e-07
test_03464,0.997840819236196
test_03465,0.17341231241726046
test_03466,0.09387301295097723
test_03467,0.9235763486660549
test_03468,0.0001702002252284823
test_03469,0.0011568506372509736
test_03470,0.00010774550424008172
test_03471,0.2795189259826289
test_03472,0.9999607283693764
test_03473,0.999443691094521
test_03474,0.999972263064726
test_03475,0.12013628626802009
test_03476,0.6375888557361845
test_03477,0.4796134528789356
test_03478,0.014281566763573415
test_03479,0.017183776146617227
test_03480,0.997606026497653
test_03481,0.6581645352146664
test_03482,0.9980657518397015
test_03483,0.3485943596065735
test_03484,0.9320279608896057
test_03485,0.015499895015317006
test_03486,0.9444499975811055
test_03487,0.9961787142430264
test_03488,0.996520003940247
test_03489,0.01847642889937818
test_03490,0.6239164042793688
test_03491,0.9955721440557878
test_03492,0.990195353171194
test_03493,0.9999799617175362
test_03494,0.004799790784895897
test_03495,0.006055830197622062
test_03496,0.0007652367802023027
test_03497,0.997501720066987
test_03498,0.9994193384807851
test_03499,0.9999272458950574
test_03500,0.658378886345335
test_03501,0.00020954012030197138
test_03502,0.006520073488167573
test_03503,0.04138265953143124
test_03504,0.02823160589995103
test_03505,0.0005209516744777204
test_03506,0.13601643888552276
test_03507,4.5190771798636075e-05
test_03508,0.11084727679552567
test_03509,0.03235439017098273
test_03510,0.9985972066568489
test_03511,0.0004136588580836306
test_03512,0.9779447140030537
test_03513,0.0005422968003279945
test_03514,0.9999635931053653
test_03515,0.8900650393906191
test_03516,0.001593011484211238
test_03517,0.9938615800603625
test_03518,4.6406216161934126e-05
test_03519,0.6502617971346133
test_03520,0.9641886771566524
test_03521,0.9880030236381698
test_03522,0.9505043148907861
test_03523,0.9999858223014501
test_03524,0.11301262532721429
test_03525,0.997669940943408
test_03526,0.9999996986796564
test_03527,0.9394462846543509
test_03528,0.16448999490125257
test_03529,0.0008099169089954955
test_03530,5.9926550856672e-05
test_03531,0.003994123997011304
test_03532,0.999941213022749
test_03533,0.0010934187226827726
test_03534,0.9742162373207369
test_03535,0.00017990654871486914
test_03536,0.994478310169224
test_03537,0.005191162282242786
test_03538,0.0004612751072309287
test_03539,0.4810338618236457
test_03540,0.050544887529668424
test_03541,0.4077032612190535
test_03542,0.05647898387244553
test_03543,0.9957023604685578
test_03544,6.779568557608234e-05
test_03545,4.687943908188822e-06
test_03546,0.9270907869495462
test_03547,0.9847848588947687
test_03548,0.999765217625135
test_03549,0.006865954311954068
test_03550,0.9997787371267127
test_03551,0.9992789230509176
test_03552,0.8768549793436954
test_03553,0.7139837497557641
test_03554,0.8564853386262071
test_03555,0.0003442684984651745
test_03556,0.09342300562371565
test_03557,0.9954262227341347
test_03558,0.9761395055807774
test_03559,0.00011949561657292513
test_03560,0.9933797349643443
test_03561,0.9894056596421552
test_03562,0.9995841968739066
test_03563,0.9536009339915806
test_03564,0.9893798947619987
test_03565,0.9845317225100649
test_03566,0.001997348922033543
test_03567,0.26070315817236706
test_03568,0.006917442932391846
test_03569,0.00012259002695542967
test_03570,0.9842621573887345
test_03571,0.0002845491067314
test_03572,0.2410789605240248
test_03573,0.8841041364577369
test_03574,0.8718399861073808
test_03575,0.9983480475441456
test_03576,0.9997024023782127
test_03577,0.08746280465050005
test_03578,0.00019011736129204477
test_03579,0.03167536097196409
test_03580,0.3525865636340125
test_03581,5.9444497047098435e-05
test_03582,0.989308232944849
test_03583,0.9990708163200404
test_03584,3.7504168459346057e-06
test_03585,0.9997563156991668
test_03586,0.0002469957348455395
test_03587,0.6311465167238067
test_03588,0.001967374129410235
test_03589,0.2199500301713068
test_03590,0.03504074165289275
test_03591,0.0022789734319824807
test_03592,0.999541712317286
test_03593,0.9973980955095708
test_03594,0.00015373251053422455
test_03595,0.9990617568423996
test_03596,0.9378929054226153
test_03597,0.30427369593154313
test_03598,0.8745612569374149
test_03599,0.9997300382838532
test_03600,0.034574102984438554
test_03601,0.999412385783217
test_03602,4.7266441957540546e-07
test_03603,0.998955361212865
test_03604,0.9877762847991876
test_03605,0.013225154377348395
test_03606,0.0003573621508997329
test_03607,0.0006029378337705439
test_03608,0.9999363918388391
test_03609,2.108998554547104e-06
test_03610,0.01762474865270564
test_03611,0.8030269300689155
test_03612,0.9946341027894876
test_03613,0.9549096225950727
test_03614,0.05024541817208704
test_03615,0.9770388744370716
test_03616,0.07946270810044696
test_03617,2.1127175228118232e-07
test_03618,0.9999307342334266
test_03619,0.047919405776221814
test_03620,0.08384921189114199
test_03621,0.0034513886144387647
test_03622,2.1797315450719027e-07
test_03623,0.0012689570921928862
test_03624,0.05422153428119061
test_03625,0.9998849749361046
test_03626,0.7551278189934242
test_03627,0.08223016105422541
test_03628,0.0020568114501790568
test_03629,0.9096347412824394
test_03630,0.824991836328582
test_03631,0.00411626235442421
test_03632,0.9984709186849546
test_03633,0.024445689348929628
test_03634,0.0044588044866021295
test_03635,0.9989977125970805
test_03636,0.28654503656668273
test_03637,0.0005223533423052479
test_03638,0.9681281286929356
test_03639,0.008133633827415917
test_03640,0.006633616906627459
test_03641,0.9724668654184832
test_03642,0.2829589319012436
test_03643,0.9984626593999126
test_03644,0.00024578375679026643
test_03645,0.9999677898154617
test_03646,0.9903246389350966
test_03647,0.6316530744186287
test_03648,0.9535322225290356
test_03649,0.9958133682913296
test_03650,0.9999703070296382
test_03651,0.015252892433926652
test_03652,1.1984239559241154e-08
test_03653,0.9939593028317286
test_03654,0.997549030025664
test_03655,0.9969080775717211
test_03656,0.7073954975383209
test_03657,0.16483715103266364
test_03658,0.8718436335902447
test_03659,0.9990713855748838
test_03660,0.9997917849853165
test_03661,0.004550786330399614
test_03662,0.999974182278273
test_03663,0.9921401137538276
test_03664,0.9992137787941364
test_03665,0.9997889994114361
test_03666,0.7150382976343896
test_03667,0.010721092114774669
test_03668,0.9999030955749899
test_03669,0.9996679478200634
test_03670,8.786076813475059e-05
test_03671,2.3952517025791474e-05
test_03672,0.9264325618146295
test_03673,0.9937721051444264
test_03674,0.0640304345789917
test_03675,0.999960866948389
test_03676,0.9993119546317409
test_03677,0.969068651297812
test_03678,0.9555942538670876
test_03679,4.5953965083913906e-05
test_03680,0.9994061443461077
test_03681,0.0051676108580471026
test_03682,0.8903600224083664
test_03683,0.9999224892841304
test_03684,0.9999889072184525
test_03685,0.9929922122655778
test_03686,0.9972351434985421
test_03687,0.6223433719293651
test_03688,0.9943227845026487
test_03689,0.0010875112196934854
test_03690,0.6184527918519107
test_03691,0.999838351584098
test_03692,0.0001263774619006964
test_03693,0.9763262267231196
test_03694,0.9996418931802524
test_03695,0.0020082173134044292
test_03696,0.0020126456783693698
test_03697,0.39870346464882167
test_03698,0.9930198974896571
test_03699,0.9971661148817239
test_03700,0.9997731931943161
test_03701,0.029432748852810088
test_03702,0.9998278840991254
test_03703,0.9972302627077785
test_03704,0.0010041355036532944
test_03705,0.0007031582571028774
test_03706,1.9564932171430345e-05
test_03707,0.9994731172431723
test_03708,0.17191956961879437
test_03709,0.9999374627510471
test_03710,0.9457330521324349
test_03711,0.24343150121361556
test_03712,0.7782119117985795
test_03713,0.0014939469200909736
test_03714,0.03325117618917556
test_03715,0.9999918230772759
test_03716,0.99989468353388
test_03717,1.3993258028767455e-05
test_03718,0.0005480614606325856
test_03719,0.9999004138523078
test_03720,0.00468117636782265
test_03721,8.658981012562128e-05
test_03722,0.0004740790621413949
test_03723,0.0003185411986533551
test_03724,0.9883120462898243
test_03725,1.146981243906583e-06
test_03726,0.9998248011474444
test_03727,0.00022791976221775046
test_03728,0.4362632354060234
test_03729,0.0034635618519296123
test_03730,0.9202826375603055
test_03731,0.15153760354758733
test_03732,0.743749227636484
test_03733,0.7540718709999167
test_03734,0.9971477859509161
test_03735,0.018936824612177945
test_03736,0.013260513448057783
test_03737,0.9934527597562319
test_03738,0.5322730800083871
test_03739,0.9999222498769543
test_03740,0.003185791100023813
test_03741,0.019135548476198957
test_03742,0.17575982158063036
test_03743,0.9991219773733947
test_03744,0.934746807820505
test_03745,0.9998697925100939
test_03746,0.0020793873654015274
test_03747,0.6212968800908335
test_03748,2.2161032139382454e-05
test_03749,0.9878051080393687
test_03750,0.9986902718310269
test_03751,0.9932573363103632
test_03752,0.9050603565699692
test_03753,0.9945964653348013
test_03754,0.9981690084008705
test_03755,0.9846818202189739
test_03756,0.9999618836355292
test_03757,0.005059008510663846
test_03758,0.9946329631581762
test_03759,0.01508229915462698
test_03760,0.1560677701458169
test_03761,0.17859758201266848
test_03762,0.9986200470990093
test_03763,0.25348425137975367
test_03764,0.9841956783235318
test_03765,8.762197819224897e-05
test_03766,0.9990122546737696
test_03767,0.47049377310445967
test_03768,0.0004786036499165805
test_03769,0.19179370426737233
test_03770,0.9319181841063235
test_03771,0.84056907264564
test_03772,0.9992276159213423
test_03773,0.0001678056831789243
test_03774,0.07506550316831703
test_03775,0.2754655123283663
test_03776,1.8368672137421467e-07
test_03777,0.0002694913282184812
test_03778,0.9969413818658611
test_03779,0.0011418375089830089
test_03780,5.906584911981731e-05
test_03781,0.08175012577115211
test_03782,0.00143458509605176
test_03783,0.0007361623322435127
test_03784,0.003987121001581746
test_03785,0.9995267894192617
test_03786,0.1361228360097559
test_03787,0.010788787998257375
test_03788,4.4666050595134404e-06
test_03789,0.0037954960590871
test_03790,0.7560596138261538
test_03791,0.7958735631188772
test_03792,0.9988588710900861
test_03793,7.639171465601118e-05
test_03794,0.9197195112253792
test_03795,0.9990544102459398
test_03796,0.9980970411996763
test_03797,0.022047703424213843
test_03798,0.9829344159832515
test_03799,0.016425291823619417
test_03800,0.9997323107400786
test_03801,1.0960102829103758e-05
test_03802,0.165870973211307
test_03803,0.04800677521582252
test_03804,0.00015450158084441508
test_03805,0.8566977900977472
test_03806,0.0005835001177854672
test_03807,0.24985498328472214
test_03808,0.9991745955614052
test_03809,0.7305023962986886
test_03810,8.818918396567086e-06
test_03811,0.014892294109268482
test_03812,9.137043350862887e-05
test_03813,0.9938345834582536
test_03814,0.010765151791768204
test_03815,0.8594105750061318
test_03816,0.003936861544382671
test_03817,0.7779499634352781
test_03818,9.490149175026986e-05
test_03819,0.21696220335897334
test_03820,0.9971055507730076
test_03821,0.9997586654360824
test_03822,0.9867109406456896
test_03823,0.006548167068200872
test_03824,0.9952932876771038
test_03825,0.990912208203748
test_03826,0.9999126829489957
test_03827,0.8018877102288836
test_03828,0.9991822429447775
test_03829,0.05487599703067633
test_03830,0.12966291258359147
test_03831,1.9604360594893355e-05
test_03832,0.002198863738619056
test_03833,0.06393404908322112
test_03834,0.9995662198074804
test_03835,0.9774973054233405
test_03836,0.005851348330490171
test_03837,0.00048669345583578493
test_03838,3.170098671099936e-05
test_03839,0.23808407758729275
test_03840,0.9999000942403228
test_03841,0.9961696735299881
test_03842,0.050595441377191054
test_03843,0.6272106146347971
test_03844,0.0028873073876898615
test_03845,0.998737746828792
test_03846,0.9999864722441555
test_03847,8.438061202725056e-05
test_03848,0.7171510891242908
test_03849,0.9941341428888708
test_03850,0.016366046262044628
test_03851,0.006126349856471174
test_03852,0.005576983055476066
test_03853,0.9992123314842775
test_03854,0.9999435041970659
test_03855,0.0005028389752398975
test_03856,0.9828755014000061
test_03857,0.0002244063770187033
test_03858,0.0001414476532399517
test_03859,0.0001710979008203854
test_03860,1.050607222153944e-05
test_03861,0.021152055787183627
test_03862,0.9980247615250167
test_03863,0.9961701908008466
test_03864,0.9983683952292604
test_03865,0.3199310710409208
test_03866,0.9997995413067667
test_03867,0.00027051678171112405
test_03868,2.789561165815932e-05
test_03869,0.9982445115282271
test_03870,0.5295727117783832
test_03871,1.4186218699609128e-05
test_03872,0.00023383957339672095
test_03873,0.07613924301383253
test_03874,0.007121012073025008
test_03875,0.01201567204848816
test_03876,0.999536410299699
test_03877,0.7764477877185139
test_03878,0.6706328182293165
test_03879,0.9976669399027208
test_03880,0.9988150859151421
test_03881,0.00018527863666376737
test_03882,0.9963765106612361
test_03883,0.0021186773075767625
test_03884,0.9998516676529358
test_03885,0.0009941370620279828
test_03886,0.00012213111196337408
test_03887,0.8445969953826443
test_03888,0.9886560628566494
test_03889,0.0001105874354949518
test_03890,0.8842502877369935
test_03891,0.0036486857873924603
test_03892,0.14349031043535632
test_03893,0.0003880881804697383
test_03894,0.973281607776839
test_03895,0.010768903843441032
test_03896,0.9994293803922003
test_03897,0.999971603638331
test_03898,0.0022667148668431935
test_03899,0.751657167080837
test_03900,0.5948900267831592
test_03901,0.00011828014592600633
test_03902,0.0007295942540999516
test_03903,0.9434012476335808
test_03904,0.0005119301848444555
test_03905,0.9965264645202273
test_03906,0.001971903007625191
test_03907,0.9994394183123155
test_03908,0.9117024697083208
test_03909,0.9832637688316586
test_03910,0.001076715149793003
test_03911,0.23230885768066073
test_03912,0.9985694709383032
test_03913,0.0030204843038386174
test_03914,0.10251018323620817
test_03915,0.004510401408003916
test_03916,0.17522759974656987
test_03917,0.9989437069128787
test_03918,0.9095402683538726
test_03919,0.975285814932476
test_03920,0.8601728035237634
test_03921,0.008581655606505284
test_03922,0.007032667201194575
test_03923,0.9978441650193127
test_03924,0.880518703760938
test_03925,7.287078213542057e-05
test_03926,0.9892353249096775
test_03927,0.0010445938340202213
test_03928,4.696456632135356e-05
test_03929,0.7009256786164492
test_03930,0.9958458760391453
test_03931,0.9755304115602852
test_03932,2.3911825825970865e-05
test_03933,0.0002692695205113289
test_03934,0.9998033885460514
test_03935,0.0067051487425453665
test_03936,0.28285559251371856
test_03937,0.000944695751050222
test_03938,0.36500002874131254
test_03939,0.0004907484459809665
test_03940,0.0009683455659895109
test_03941,0.012585602312831519
test_03942,0.002541887515218216
test_03943,0.0026566070948248486
test_03944,0.9945418895718185
test_03945,0.9893181042176638
test_03946,0.9438195942337356
test_03947,0.9626602727522328
test_03948,0.9990886081885736
test_03949,0.1559479605802761
test_03950,0.9922063270180174
test_03951,0.06338628211055307
test_03952,0.6207499426838573
test_03953,0.9904565271089282
test_03954,0.9962513267986151
test_03955,8.140557984021244e-05
test_03956,0.0014023218256168778
test_03957,0.23763986263480846
test_03958,0.9999693434795658
test_03959,0.2937013803156566
test_03960,0.048097451496738934
test_03961,0.997886762028021
test_03962,0.9995891500529378
test_03963,0.005483473786133459
test_03964,0.514484479272184
test_03965,3.831105253794752e-07
test_03966,0.0034315401922497984
test_03967,4.7202868389172195e-05
test_03968,0.9999014593012017
test_03969,0.9398431879633129
test_03970,0.9999572480117577
test_03971,4.160398582939746e-05
test_03972,0.001358645878458959
test_03973,0.9976944744280806
test_03974,0.023542874734106763
test_03975,0.9361153237227879
test_03976,0.9989017479352039
test_03977,0.9998267269669737
test_03978,0.32879050845957253
test_03979,0.9968857884631513
test_03980,0.7360031517436524
test_03981,0.9996051459161568
test_03982,0.9993034012652122
test_03983,0.9976364618977073
test_03984,0.948663038798519
test_03985,0.35017237422425046
test_03986,0.0001917017403363699
test_03987,0.18823097252003507
test_03988,0.9998972748971119
test_03989,0.01096201769463761
test_03990,2.843924236533984e-06
test_03991,0.0010536423988999125
test_03992,0.9895007162548118
test_03993,0.6213570501653838
test_03994,8.20392521774585e-05
test_03995,0.008909474386785401
test_03996,0.9999950493009382
test_03997,0.9972159159411041
test_03998,0.6384174985346911
test_03999,0.9999895588114166
test_04000,0.9999596417223103
test_04001,0.4840239980252801
test_04002,0.99992562617249
test_04003,0.9497076004198519
test_04004,0.31187742802113133
test_04005,0.09205851456789482
test_04006,0.0075552362572144875
test_04007,0.0006475909101232459
test_04008,0.019480659061130532
test_04009,0.00024435841713328974
test_04010,0.0019636370448495245
test_04011,0.00028880917467848127
test_04012,4.664306767813222e-05
test_04013,0.5142959290951963
test_04014,0.99607003418095
test_04015,0.9997103563098498
test_04016,0.1618874147748177
test_04017,0.0038658132658009672
test_04018,0.9999552808127354
test_04019,0.9242900924237805
test_04020,0.999833709985275
test_04021,0.0009305327475093316
test_04022,0.0005638492091584843
test_04023,0.664221173489105
test_04024,0.0034601222763206876
test_04025,0.00014225754431042956
test_04026,0.9999674594716327
test_04027,0.0022132808586402372
test_04028,0.014041364164681661
test_04029,0.3708114920042738
test_04030,0.9817957948121742
test_04031,2.972176566035746e-05
test_04032,0.08109061768453195
test_04033,0.9998496757224098
test_04034,0.9997095186491443
test_04035,0.9714431981606412
test_04036,0.8907742241540019
test_04037,0.9999365181840494
test_04038,0.0006423448099971128
test_04039,0.002026114330418161
test_04040,0.9999895115969657
test_04041,0.9991699757454806
test_04042,0.9979023080175393
test_04043,0.02555843740576576
test_04044,0.0035552326870741183
test_04045,0.08547081837895017
test_04046,0.30883512602428576
test_04047,0.998388000838013
test_04048,0.9981996452683842
test_04049,0.9955137628323731
test_04050,0.00042426527447162675
test_04051,0.9999970020257622
test_04052,0.955693097140114
test_04053,0.8267983525310185
test_04054,0.00048168195011675705
test_04055,0.9995242111473162
test_04056,0.9995014148585011
test_04057,0.9963149685169708
test_04058,0.9904633403514328
test_04059,0.970430761325018
test_04060,0.9999544679280528
test_04061,0.2018322341437072
test_04062,2.9466769067688794e-05
test_04063,0.0003905018024832654
test_04064,0.9753450676763818
test_04065,0.9902671595780166
test_04066,0.9997367184739376
test_04067,0.028606403323253423
test_04068,0.0058666780642699715
test_04069,0.0013438813506196233
test_04070,0.0009497254581114517
test_04071,0.661201663614882
test_04072,0.025238710174912877
test_04073,0.004449764803460856
test_04074,0.22483436224253897
test_04075,0.9866153678463582
test_04076,0.906933326910752
test_04077,0.9502402396399752
test_04078,0.9998543435993075
test_04079,0.00568408668074222
test_04080,0.14537754271843992
test_04081,0.9931048366411884
test_04082,0.0005259666859040553
test_04083,0.3699753533972541
test_04084,0.9824543080662965
test_04085,6.002591066469478e-07
test_04086,0.9981485319299157
test_04087,0.982538085193443
test_04088,0.9991460953938403
test_04089,0.001461160076257371
test_04090,0.9966108785411124
test_04091,0.9886904015955751
test_04092,0.9747560072155642
test_04093,0.9999546110283172
test_04094,0.0009127462709004742
test_04095,0.13546472664704
test_04096,0.0005332598552586754
test_04097,0.8669895160356872
test_04098,5.162939211229808e-05
test_04099,0.9995951472088083
test_04100,0.9999965033252355
test_04101,5.057491298851867e-05
test_04102,2.85995316180448e-07
test_04103,4.096703699609438e-05
test_04104,0.9969055227720657
test_04105,0.07027010783652968
test_04106,2.1002927542261537e-05
test_04107,0.08304385133941883
test_04108,0.9824032998647948
test_04109,0.9980964317076287
test_04110,0.5266743637214535
test_04111,0.9994216557896464
test_04112,0.8982979870814531
test_04113,0.9847106895284305
test_04114,0.00964244233249949
test_04115,0.40445408336907657
test_04116,0.9999934959829998
test_04117,0.999933456739257
test_04118,0.01210585897977685
test_04119,0.0062563762599108525
test_04120,0.9984147466870578
test_04121,0.662624490311563
test_04122,0.010915356150006352
test_04123,0.9999887402673566
test_04124,0.7592872471731752
test_04125,0.00023471056602628436
test_04126,0.00010862981264035149
test_04127,0.00014003898326717148
test_04128,0.8802171328799274
test_04129,0.9584380211219399
test_04130,4.072975301105453e-05
test_04131,2.3539392236693404e-08
test_04132,0.19408570586503796
test_04133,0.00024306300544163517
test_04134,0.9597539420607933
test_04135,0.9985419559434282
test_04136,0.9447692591998292
test_04137,0.011963216427637636
test_04138,0.7490835190169517
test_04139,0.6831753387598002
test_04140,0.9999938794606399
test_04141,0.05510572574717483
test_04142,0.8277383235458063
test_04143,0.2337906231313018
test_04144,0.9687411014700803
test_04145,0.9649268956695888
test_04146,0.0014673902225428147
test_04147,0.00067998208532585
test_04148,0.9985988382984573
test_04149,0.8255621907193332
test_04150,0.00047169685865174933
test_04151,0.9892557432234743
test_04152,0.9090456475999428
test_04153,0.8971428102747234
test_04154,0.0268601685414045
test_04155,0.006620385367485631
test_04156,0.45706480979094
test_04157,0.9997135212689704
test_04158,0.9818059093893045
test_04159,0.6987731402035943
test_04160,0.9999771978080028
test_04161,0.0005574574294849694
test_04162,0.9848326692181347
test_04163,0.7798478057794782
test_04164,0.9309677656434173
test_04165,0.9996576418821652
test_04166,0.00039635630600804773
test_04167,0.0035842695693097354
test_04168,0.005858413346913099
test_04169,0.9999338124833943
test_04170,0.9974364013259363
test_04171,0.9970481035211844
test_04172,0.05985040772298654
test_04173,0.9944628540954716
test_04174,0.00013888539296187584
test_04175,0.8403414989013521
test_04176,0.964770606734397
test_04177,7.277780222257354e-06
test_04178,0.9669126669580526
test_04179,0.003804225305621915
test_04180,0.00039063660263065483
test_04181,0.994005308990354
test_04182,0.9083400755888398
test_04183,0.5915996075422271
test_04184,0.9973246898024257
test_04185,0.9216359256563721
test_04186,0.6006241329376373
test_04187,0.742735830695255
test_04188,0.00023501493706283404
test_04189,2.8846007416302833e-05
test_04190,0.9849300229840613
test_04191,0.9997692453384536
test_04192,0.003586375854116086
test_04193,0.009853237152735292
test_04194,0.01697690957673803
test_04195,0.0005224065546734295
test_04196,0.5044340939618569
test_04197,0.008463216422837731
test_04198,0.999868500584523
test_04199,0.05066190698754434
test_04200,0.004451795918378405
test_04201,0.6038660033015341
test_04202,0.9552519341080382
test_04203,0.9850347821921073
test_04204,0.5378307097737748
test_04205,2.556861354808317e-06
test_04206,0.0018367595900863917
test_04207,0.9916357170851477
test_04208,0.0019579434123185133
test_04209,0.2318745148746892
test_04210,0.8515676947816574
test_04211,0.31862942892708745
test_04212,0.9744921264836222
test_04213,0.15303169865237146
test_04214,0.9993621967312141
test_04215,0.002135677159340587
test_04216,0.00041915048015146646
test_04217,0.9994455382781905
test_04218,0.013518688820499107
test_04219,0.9822669811822204
test_04220,0.0007944619712722237
test_04221,0.9985150306145613
test_04222,0.9999922173742499
test_04223,0.9999358657431991
test_04224,0.9998074205482139
test_04225,0.4422125897700201
test_04226,0.9809866976247417
test_04227,0.9936943916614681
test_04228,0.9999837483884058
test_04229,0.9376847036238828
test_04230,0.39636283513443227
test_04231,0.1672880380961238
test_04232,0.9999995391752096
test_04233,0.9996541027675222
test_04234,0.9998555628208027
test_04235,0.9996909888252171
test_04236,0.0007444786056056547
test_04237,0.09612861822479092
test_04238,0.0011737618628681547
test_04239,0.22612914154325928
test_04240,0.8845642812709015
test_04241,0.9999902215138123
test_04242,0.7821231469829023
test_04243,0.0002042634297233092
test_04244,0.9649373860906775
test_04245,0.9999951996287307
test_04246,0.9998176425410839
test_04247,0.9999066951938393
test_04248,0.9999210019715346
test_04249,0.9998982674159206
test_04250,0.9968313843476766
test_04251,0.9331109606204826
test_04252,7.269112715685135e-07
test_04253,0.0007953040298795986
test_04254,1.3289330717935934e-05
test_04255,0.8990299585430445
test_04256,0.9999994170800429
test_04257,0.9414631075647905
test_04258,0.0012981596696107708
test_04259,0.9863852778267497
test_04260,0.5551609234702628
test_04261,0.9990278826770587
test_04262,0.8339657481331902
test_04263,0.2609372063191942
test_04264,0.9991278766384906
test_04265,0.9997929815808049
test_04266,0.12384109770005745
test_04267,0.002168394759971967
test_04268,0.9996757529834718
test_04269,0.9999683551582753
test_04270,0.037393429116872004
test_04271,0.004183573606528775
test_04272,0.0011566207431781433
test_04273,0.999799059429191
test_04274,0.0011180291114743057
test_04275,0.0001837587811469604
test_04276,0.5954151409256107
test_04277,0.16274874631393588
test_04278,0.7288184700331624
test_04279,0.00045487861281592244
test_04280,0.04651130421276233
test_04281,0.9965291038220422
test_04282,0.07977132547616364
test_04283,0.0001166604462655947
test_04284,0.007422564799915827
test_04285,0.9729220479378259
test_04286,0.0003365053020395535
test_04287,0.9999750580948505
test_04288,0.0013070160146167686
test_04289,0.9999990356824648
test_04290,0.1768452766024285
test_04291,0.003171310471876337
test_04292,0.00799673199059424
test_04293,0.9235337040949386
test_04294,0.59945014126222
test_04295,5.192776972990863e-07
test_04296,0.9707444753768707
test_04297,0.9996376673610454
test_04298,0.9974710180318135
test_04299,1.2243012430912093e-08
test_04300,0.0004222898755131399
test_04301,0.9996320938728881
test_04302,0.1041948539228661
test_04303,0.9631299081384321
test_04304,0.9820067603105279
test_04305,0.9610629468131946
test_04306,0.0008646781650890952
test_04307,0.9892516869167879
test_04308,0.0010317373444090046
test_04309,0.8638896816453127
test_04310,0.9999992040326203
test_04311,0.9999172349265185
test_04312,0.018499148711238658
test_04313,2.070272925280802e-05
test_04314,0.525666857097453
test_04315,0.9998970324987457
test_04316,2.992830509423134e-05
test_04317,0.0009431007008333329
test_04318,0.09839321638385513
test_04319,0.0023923356750310855
test_04320,0.0020593836605569374
test_04321,0.9756749763555607
test_04322,0.20623233237494015
test_04323,0.005241706463212367
test_04324,0.9693401288525083
test_04325,0.9971584380084074
test_04326,0.9582017273710691
test_04327,0.9517452051560835
test_04328,0.032647935379214246
test_04329,0.9999945859347362
test_04330,0.9999940070666822
test_04331,0.9978114164960085
test_04332,0.02372243241393832
test_04333,0.0005041251277340788
test_04334,0.9779163198932516
test_04335,0.0033714124988584626
test_04336,0.003208258517573022
test_04337,0.7592681725755672
test_04338,0.9999139439986242
test_04339,0.9997603683211493
test_04340,0.11450537840338088
test_04341,0.9901348761330193
test_04342,0.028496756781392955
test_04343,0.8285450169014565
test_04344,0.19754891427154367
test_04345,0.9714927085609754
test_04346,0.0013484800864578307
test_04347,0.11768394638454156
test_04348,0.9934281481102153
test_04349,0.8529631780189555
test_04350,0.9983632909997019
test_04351,0.05837658489226369
test_04352,0.6310460269045998
test_04353,0.6762588241540961
test_04354,0.00038385725392739656
test_04355,0.9980791672521251
test_04356,0.24268998783445736
test_04357,0.1931597113632249
test_04358,5.111311812016746e-05
test_04359,0.47377285797485
test_04360,0.9051499445486386
test_04361,0.18392453060923716
test_04362,0.00508391273342591
test_04363,0.9889105183367789
test_04364,0.9875387558352626
test_04365,0.003698813656512698
test_04366,0.008001041803264393
test_04367,0.0043705610034909526
test_04368,0.04824205430637275
test_04369,0.536720887566289
test_04370,1.1324802577689946e-06
test_04371,0.99908253343564
test_04372,0.5293796269100604
test_04373,0.0066407266699515174
test_04374,0.006311616729415337
test_04375,0.9998243463179748
test_04376,0.07381331492684894
test_04377,0.1999506566488024
test_04378,0.9998172275089229
test_04379,6.42545672829171e-05
test_04380,0.0042402102965445
test_04381,0.9999557198370498
test_04382,0.0040603975247584185
test_04383,0.29463804321825987
test_04384,0.940220210719784
test_04385,0.2882404987851165
test_04386,0.0030751456649394195
test_04387,0.009241010864731414
test_04388,0.001962853526707125
test_04389,0.0004829642207013983
test_04390,0.994975870298105
test_04391,0.9977075824077583
test_04392,0.9754912402798582
test_04393,0.9914836368566852
test_04394,0.9998484072937729
test_04395,0.0008487932628329419
test_04396,0.0011498401706775188
test_04397,0.07613813354063317
test_04398,0.00021564230558011573
test_04399,8.199696649610935e-05
test_04400,0.043844537778508115
test_04401,0.0013226136104800895
test_04402,0.9523598366690804
test_04403,0.8618174256952739
test_04404,0.018663700995356296
test_04405,0.9999718324907043
test_04406,0.9993588147557616
test_04407,6.111010946921337e-05
test_04408,0.9998813072606171
test_04409,0.9998849212842682
test_04410,0.9936905390211092
test_04411,0.9999495674359842
test_04412,0.8743149835205504
test_04413,0.9999590712302328
test_04414,0.9997785751638214
test_04415,6.386252185573337e-07
test_04416,0.4253886024859276
test_04417,0.060417842030336226
test_04418,5.6702960371252995e-05
test_04419,0.0003893212965131719
test_04420,0.000813953535942172
test_04421,0.9992054627797577
test_04422,0.008685261072506681
test_04423,0.03167176664923918
test_04424,0.021673348970103805
test_04425,0.9990616735062372
test_04426,0.5164793395695927
test_04427,0.9989294782844492
test_04428,0.009109150686296766
test_04429,0.9999448804078646
test_04430,0.973995917014389
test_04431,0.9999072389457658
test_04432,5.40423253556847e-06
test_04433,0.001302496085388837
test_04434,0.9971973359590481
test_04435,0.38080960404506836
test_04436,0.212672549056496
test_04437,0.9999979909437771
test_04438,0.8253397462840867
test_04439,7.022287654742248e-05
test_04440,0.999740399560961
test_04441,0.9992385902909762
test_04442,0.6999686869929787
test_04443,0.008807762841727372
test_04444,0.834515048353364
test_04445,0.9999905408844987
test_04446,0.0380848414293195
test_04447,0.9973818384010026
test_04448,0.0008394040479925562
test_04449,0.40607384768294674
test_04450,0.9997742424793269
test_04451,0.0007400602366808232
test_04452,0.00015389370815958381
test_04453,0.9987896410402151
test_04454,0.00868720870676536
test_04455,0.6634405408708107
test_04456,0.011401753096278035
test_04457,0.33536056096145167
test_04458,0.9998147963728761
test_04459,0.03277095499991023
test_04460,0.0034181157882119165
test_04461,0.9465534702334231
test_04462,0.11964067027385913
test_04463,0.9122967467248873
test_04464,0.9992884617112519
test_04465,0.6979191728770939
test_04466,0.0002041065356659849
test_04467,0.999910663319888
test_04468,0.003182539229270133
test_04469,0.05071920840222597
test_04470,0.22469774336500573
test_04471,0.9080645803066936
test_04472,0.8737728602371724
test_04473,0.0013073445089404694
test_04474,0.14880707161156315
test_04475,0.00037520242223460675
test_04476,0.0001939069976206155
test_04477,0.10440601411672772
test_04478,0.9619066251643636
test_04479,0.5246795395401194
test_04480,0.9539502852139313
test_04481,0.2287465944838592
test_04482,0.0037719456142763217
test_04483,0.999999637617654
test_04484,0.9906106164228343
test_04485,0.9994033221417808
test_04486,0.9996825395970939
test_04487,0.01831740952341611
test_04488,0.9488408927040215
test_04489,0.0008434178077476888
test_04490,0.8963844421299798
test_04491,0.06982361400746777
test_04492,0.02384212377043297
test_04493,0.009331559814112607
test_04494,0.004976760328433967
test_04495,0.9973981105673498
test_04496,0.0013246627446987117
test_04497,0.0002908940326296935
test_04498,0.0008263190248918925
test_04499,0.0021163004402523326
test_04500,0.9985484855380266
test_04501,2.216640325509269e-06
test_04502,0.9996947892445855
test_04503,0.0008167132186043225
test_04504,0.0012169677497385122
test_04505,0.06166677703122576
test_04506,0.9995253703918695
test_04507,1.3016901889259696e-05
test_04508,0.00012473785299379957
test_04509,0.002527926620026706
test_04510,6.172915398625478e-05
test_04511,0.0012211006128857278
test_04512,0.9999988954280439
test_04513,0.0034067740421894455
test_04514,0.9994851883491322
test_04515,0.01217621958584315
test_04516,0.9069505432154068
test_04517,0.9985568717555444
test_04518,0.0003683576820079696
test_04519,0.6865567685515115
test_04520,0.003719556010806258
test_04521,0.9954091195032324
test_04522,0.990867627404701
test_04523,0.0007980692092085785
test_04524,0.9983843906135185
test_04525,0.0012244136563641626
test_04526,0.9999992191813315
test_04527,0.21480968553255164
test_04528,0.9807411555040345
test_04529,0.00034021205309446676
test_04530,0.03812456290547554
test_04531,0.22109979686424402
test_04532,0.2722255972466824
test_04533,0.006715022297124422
test_04534,0.010335958939767005
test_04535,0.9334973287830096
test_04536,0.005619807980825795
test_04537,0.007974695414448165
test_04538,0.4306077205057529
test_04539,0.987389753162695
test_04540,0.9598638807125702
test_04541,0.9990881099208614
test_04542,0.03128496990377435
test_04543,0.0002413126278481255
test_04544,0.04263674019969124
test_04545,0.9998761349018274
test_04546,0.9913130288121945
test_04547,0.9997600487445052
test_04548,0.9999195973593089
test_04549,1.3835465234800583e-05
test_04550,0.9292936750545159
test_04551,0.9981437756962953
test_04552,0.008100426076626912
test_04553,0.0080918405456863
test_04554,0.09330439896936343
test_04555,0.20547798990135932
test_04556,0.9102349482377385
test_04557,7.851779358964046e-05
test_04558,0.0003417782759816053
test_04559,2.7360698925164488e-05
test_04560,0.10591554442725638
test_04561,0.0006242193503885119
test_04562,0.005276213076354588
test_04563,0.9996680236669777
test_04564,9.632187566840695e-05
test_04565,0.9923000494563494
test_04566,0.12505054317987885
test_04567,0.998830268965724
test_04568,0.46303854093263386
test_04569,0.9995546238722498
test_04570,0.01821998070230918
test_04571,6.409398465475397e-05
test_04572,0.9994348480987051
test_04573,0.7292461362274858
test_04574,0.0010614089511649782
test_04575,0.8558885403010535
test_04576,0.9988068019455021
test_04577,0.973323679768372
test_04578,0.999947065429545
test_04579,0.52008724906462
test_04580,0.006970291803441985
test_04581,0.029837090393410474
test_04582,0.003922373874232606
test_04583,0.9911459231027777
test_04584,0.9176557424034102
test_04585,0.8708485165250237
test_04586,0.0022032639180009526
test_04587,0.84126965370699
test_04588,0.6944885633867488
test_04589,0.9087539866961513
test_04590,0.9984244112898814
test_04591,0.9989403179284719
test_04592,0.00042255435386216245
test_04593,0.6528695843717843
test_04594,0.21492157246219712
test_04595,0.9745968477767756
test_04596,0.0009418678177096526
test_04597,0.0011514582672679506
test_04598,0.00043006634677929554
test_04599,0.7318362666940358
test_04600,0.0028017161850285807
test_04601,0.0016572541672550919
test_04602,0.4447448461139709
test_04603,0.9992656522425231
test_04604,0.008225208554525073
test_04605,0.95125259929934
test_04606,0.9909139738236827
test_04607,0.04664773086613934
test_04608,0.012782190107006765
test_04609,0.8371942184499876
test_04610,1.9226129049417838e-05
test_04611,0.9999999931707095
test_04612,0.9995805728480995
test_04613,0.9969965814404268
test_04614,0.9999132444110249
test_04615,0.999737710912699
test_04616,0.9937712981394888
test_04617,0.0006483320199068923
test_04618,0.9997213275037552
test_04619,0.9087056162383064
test_04620,0.09370341561750097
test_04621,0.9879906241791222
test_04622,0.9232501904183625
test_04623,0.9928413919422906
test_04624,0.21907387014750895
test_04625,0.9772489481180413
test_04626,0.1545744514409995
test_04627,0.0022586411504112534
test_04628,0.999260272329949
test_04629,0.9934864481373281
test_04630,0.9947747512334177
test_04631,0.9996233247611624
test_04632,0.0007741397310404642
test_04633,0.00038720111563911877
test_04634,0.99869839124332
test_04635,0.996302098783091
test_04636,0.9799425414469258
test_04637,0.909100193056146
test_04638,0.9852620547503826
test_04639,0.9994543451076788
test_04640,0.9997138024495535
test_04641,0.9969344231632401
test_04642,0.046289516250240435
test_04643,0.8347099122273903
test_04644,0.9939374008469473
test_04645,0.9916843123026139
test_04646,0.737774007127931
test_04647,0.9992022109928447
test_04648,0.7943195855708042
test_04649,0.9302739877530007
test_04650,0.0062840516169727694
test_04651,0.9997696086725845
test_04652,0.009511755888358706
test_04653,0.9997362429575654
test_04654,0.0006868726179227959
test_04655,0.224715140427482
test_04656,0.000204846521716457
test_04657,0.9989620003653803
test_04658,0.9994384085216218
test_04659,0.4018300016878964
test_04660,0.25196271863580993
test_04661,0.01365977726817034
test_04662,0.010760020160217957
test_04663,0.04220670200243272
test_04664,0.0001500937351753373
test_04665,0.9999715947277
test_04666,0.0009422099777463957
test_04667,0.9999500113883958
test_04668,3.20633253069167e-05
test_04669,0.9904853512592481
test_04670,0.9948924960903566
test_04671,0.02197739546386589
test_04672,0.02578753795959329
test_04673,0.01286877962560873
test_04674,0.00015075624556381407
test_04675,0.2898215096224798
test_04676,0.017532457775038385
test_04677,0.9718086553462194
test_04678,0.9961313450061681
test_04679,0.00043283782215552854
test_04680,0.9990887097131916
test_04681,0.9986229496615939
test_04682,6.306295381259519e-05
test_04683,0.0002947765220041438
test_04684,0.010079574656773069
test_04685,0.9944555134729914
test_04686,0.9996339462277127
test_04687,0.9985067688947985
test_04688,0.30821468710556266
test_04689,0.9082397647204107
test_04690,0.9738609595136043
test_04691,0.0005481943417872304
test_04692,5.891103277306382e-05
test_04693,0.9999370980553265
test_04694,0.9621486248032763
test_04695,0.0011875250184663413
test_04696,0.9999999755349532
test_04697,0.002572052757301864
test_04698,5.886590285791378e-05
test_04699,0.0006193457081057107
test_04700,0.999945000009622
test_04701,0.2585478674655612
test_04702,0.14564760901162432
test_04703,0.999786996991619
test_04704,0.0016896577058595956
test_04705,0.014706387283036972
test_04706,2.7134849159123085e-05
test_04707,0.49530788792612646
test_04708,0.010721490119578974
test_04709,0.0004739375521084882
test_04710,0.9920891057175627
test_04711,0.9793546877228647
test_04712,0.9999899210443078
test_04713,0.07272180300527376
test_04714,0.01671882520507331
test_04715,0.9999735679697088
test_04716,3.316918491020776e-05
test_04717,0.11190150142041227
test_04718,0.0009859819208813518
test_04719,0.00014548892139295018
test_04720,0.998785160960309
test_04721,0.97667938657419
test_04722,0.9851500589964003
test_04723,0.9997316580633118
test_04724,0.9999976279482863
test_04725,0.986652475710486
test_04726,0.6616250681456156
test_04727,0.9960931028509358
test_04728,0.44829726233395
test_04729,0.00020870703251476855
test_04730,2.4279298677285184e-05
test_04731,0.0002435195243940332
test_04732,0.9236108117553464
test_04733,0.07161556181795554
test_04734,0.9999581622516596
test_04735,0.9997359672392305
test_04736,0.13162573488237403
test_04737,0.2370064347123056
test_04738,0.0018662017655339427
test_04739,0.16122640651559114
test_04740,0.999731840172471
test_04741,0.9978859589666456
test_04742,0.9992132185064654
test_04743,0.7980106128481383
test_04744,0.9985772560253474
test_04745,0.9130765924173875
test_04746,0.00010263831545493801
test_04747,0.04812111284407478
test_04748,0.01820553472995984
test_04749,0.8384084681619203
test_04750,0.9723347725096649
test_04751,0.9999787872369931
test_04752,0.0005271764327212444
test_04753,0.9905552514694232
test_04754,8.497517015819453e-05
test_04755,0.0038434366630663956
test_04756,0.00021716772000834506
test_04757,0.00036338118251708155
test_04758,3.6675788246212674e-06
test_04759,0.9973234297642686
test_04760,0.9923659436972526
test_04761,0.5363576506441867
test_04762,0.0003849235811219568
test_04763,0.6758115008826773
test_04764,0.9922135449952948
test_04765,0.9936923452937169
test_04766,0.005293535258843103
test_04767,0.999987855070184
test_04768,0.0014521558699808795
test_04769,0.9998264378577696
test_04770,0.9994506407386452
test_04771,0.001911894238222345
test_04772,0.8123668793774139
test_04773,0.99886926476724
test_04774,0.0033670390136876054
test_04775,0.7987499224645622
test_04776,0.9999026800622245
test_04777,0.005969088601738435
test_04778,0.8469479979404926
test_04779,0.42180185274863863
test_04780,0.977482176601123
test_04781,0.640148312960722
test_04782,0.00014106758072936703
test_04783,0.990843192270568
test_04784,0.00019033598168097934
test_04785,0.9987093900014384
test_04786,0.010267257438250422
test_04787,0.9895182666974972
test_04788,0.26351762733532175
test_04789,0.0009555876143050473
test_04790,0.9989502328609822
test_04791,3.8746048514933754e-05
test_04792,0.9960178740284618
test_04793,0.9999902457041054
test_04794,0.00024172237262936496
test_04795,0.0010882994426356207
test_04796,0.003954036279428629
test_04797,0.9999916651995756
test_04798,0.9983304076713977
test_04799,0.02946895256614642
test_04800,0.9981747201647325
test_04801,0.04566000746193244
test_04802,0.0006167254530515194
test_04803,0.9999636735858916
test_04804,0.8197367085692765
test_04805,0.0002127214482643973
test_04806,0.8573514553639185
test_04807,0.29535858982739244
test_04808,0.45309109509665196
test_04809,0.9867446609634947
test_04810,0.11731975792212992
test_04811,0.0002846412765407521
test_04812,0.9619613732204355
test_04813,0.9999643270935717
test_04814,0.00037306868846947056
test_04815,0.5469065476231187
test_04816,0.5623410903865519
test_04817,0.0037423325765192066
test_04818,0.004840398178529516
test_04819,0.20538702367951026
test_04820,0.0020207506113341326
test_04821,0.9996405609207686
test_04822,0.9899098518057458
test_04823,0.9988745533255875
test_04824,0.00023897881557295876
test_04825,0.19765853381584314
test_04826,0.9692776993858345
test_04827,0.00022797091937848028
test_04828,0.9108843500426171
test_04829,0.9999778759927146
test_04830,0.0072904765429161215
test_04831,0.16140514807580572
test_04832,0.9984990655263292
test_04833,0.453176021166871
test_04834,0.0005022900712445999
test_04835,0.9999991935699593
test_04836,0.0049200588944757605
test_04837,0.1029086333356701
test_04838,0.011275213485769098
test_04839,0.0026563902167929445
test_04840,4.662063213651446e-05
test_04841,0.04933881875040011
test_04842,0.9886340635194946
test_04843,0.023274118231908808
test_04844,1.4451621781193467e-06
test_04845,0.999978881418597
test_04846,0.03145151771559815
test_04847,0.9858394496696031
test_04848,0.9997206393287374
test_04849,0.33529947070596394
test_04850,0.9999122093410376
test_04851,0.9976315780872939
test_04852,0.9996023482434192
test_04853,0.052946423317844514
test_04854,0.003235522250753214
test_04855,0.9997228314369584
test_04856,0.07998894459696146
test_04857,8.452493067716497e-05
test_04858,0.9734292939030348
test_04859,0.0005518966791984176
test_04860,0.025577763835065142
test_04861,0.9999811772776434
test_04862,0.0008910541388058687
test_04863,0.013827348881835878
test_04864,0.18929988514178558
test_04865,0.0032782941045890056
test_04866,7.0148239217974e-05
test_04867,0.0003345361915870149
test_04868,2.5617271263988772e-05
test_04869,0.34442571470741273
test_04870,0.9988124047938549
test_04871,0.9868034880130684
test_04872,0.9998667150967674
test_04873,0.9908830345028194
test_04874,0.0036906957990345624
test_04875,0.8687154391107039
test_04876,0.0005411523023831816
test_04877,0.9598416584719046
test_04878,0.009877574242977916
test_04879,0.9943494486731121
test_04880,0.0004432608047606286
test_04881,0.0016077278412667153
test_04882,0.42267647996656255
test_04883,0.9971065516397276
test_04884,0.01651964765238373
test_04885,0.001089850709733865
test_04886,0.9999809747619918
test_04887,0.05834303770087152
test_04888,0.0004895276114534372
test_04889,0.9803431305119775
test_04890,0.0023786882614495004
test_04891,0.8156236094925947
test_04892,0.7561606962530414
test_04893,0.06192256110443175
test_04894,0.0007298792170104608
test_04895,1.467248414551318e-06
test_04896,0.012787454414014944
test_04897,0.0007807363570135532
test_04898,0.0006749458495963637
test_04899,0.039678057201559785
test_04900,0.9995734035874263
test_04901,0.9843656974366435
test_04902,0.0016478337501872966
test_04903,0.9989123409744607
test_04904,0.9891541244011758
test_04905,0.37783305056644473
test_04906,0.9994285911288361
test_04907,0.9724539597826114
test_04908,0.18000749819139464
test_04909,0.9995641310000601
test_04910,0.9996233653168402
test_04911,0.9959899395382898
test_04912,0.9999978425252234
test_04913,0.8244267703535691
test_04914,0.001506598293201704
test_04915,0.9910746250038982
test_04916,0.003131609817707061
test_04917,0.9998066277437724
test_04918,0.9894772058663579
test_04919,0.1362046030826677
test_04920,0.5675367115117026
test_04921,0.9990116645665792
test_04922,1.2822017630599492e-05
test_04923,0.013796524389557594
test_04924,0.0058458035680613064
test_04925,0.014675913174260138
test_04926,0.9998993732751884
test_04927,0.0010162615998977756
test_04928,5.007953549749377e-07
test_04929,0.9997475996762551
test_04930,0.0026755705333016437
test_04931,0.8949046336453446
test_04932,0.9327615476424124
test_04933,0.999874471159469
test_04934,0.22664439941849635
test_04935,3.4012136721510455e-05
test_04936,0.9998427153949401
test_04937,4.5512678054550225e-05
test_04938,0.01738434985784426
test_04939,0.9797290622558696
test_04940,0.965977033881237
test_04941,0.9932692366954624
test_04942,0.22692921578510045
test_04943,0.9988660344468656
test_04944,0.9944957649117929
test_04945,0.002597777076605386
test_04946,0.0004482197570100822
test_04947,0.9933529151212663
test_04948,0.9997331049299927
test_04949,0.9710934189999818
test_04950,0.0026942166685116824
test_04951,0.002075433462159902
test_04952,0.9987698857556984
test_04953,0.0015348170578558119
test_04954,0.7790724143066093
test_04955,0.999838454080806
test_04956,0.9995802147822287
test_04957,0.9172283432180606
test_04958,0.005698498217286361
test_04959,0.012913049057536666
test_04960,0.18209603964432827
test_04961,0.035674796339945566
test_04962,0.9995087754548203
test_04963,3.310553018544783e-07
test_04964,0.9508278180845146
test_04965,0.9998594919877084
test_04966,0.999997752724033
test_04967,0.328751416088874
test_04968,0.6895181494653699
test_04969,0.829861976170173
test_04970,0.9988517966969628
test_04971,0.9999503613591144
test_04972,0.0005027887184415768
test_04973,0.9982926539090246
test_04974,0.9546553648396905
test_04975,0.0016088979166735053
test_04976,0.001206041241187601
test_04977,0.00015618016606125574
test_04978,0.08453091755147549
test_04979,0.0023479753718585535
test_04980,0.9946867319605026
test_04981,0.9997628855574745
test_04982,0.9992080737872299
test_04983,0.0007977099728206449
test_04984,0.07240015969865841
test_04985,0.8631824392184841
test_04986,0.005426395796304373
test_04987,0.9999679509674044
test_04988,9.866141643720668e-05
test_04989,0.0023583066652249005
test_04990,0.9969134169944717
test_04991,0.013682014918174923
test_04992,0.0017246217686529527
test_04993,0.9999514000032864
test_04994,0.0003969408415564545
test_04995,0.9987391394926262
test_04996,0.891319313692753
test_04997,0.06978395242494356
test_04998,0.023472792434464224
test_04999,0.004872126402074636
test_05000,0.9908947991596184
test_05001,0.9999941541251915
test_05002,0.4806538119876884
test_05003,0.9979576300957668
test_05004,0.7220504212010493
test_05005,0.9984779308938897
test_05006,0.004827630195204977
test_05007,0.17832845038059297
test_05008,0.9957267182647314
test_05009,0.892958401276785
test_05010,0.0519146939681962
test_05011,0.7897574867738858
test_05012,0.9999539823336696
test_05013,0.9994702447038557
test_05014,0.9979344168684009
test_05015,0.9918388569889791
test_05016,0.03868077968708146
test_05017,0.9998570358234068
test_05018,0.4965469196855079
test_05019,0.0012861789125123556
test_05020,0.9999743241387836
test_05021,0.435291609932672
test_05022,0.9999131435835824
test_05023,0.7942993738507549
test_05024,0.9961950331463778
test_05025,0.0010360557293430134
test_05026,0.7607408906710904
test_05027,0.6313128337058618
test_05028,0.9997793651855853
test_05029,0.9220792927019078
test_05030,0.8911408812313969
test_05031,0.005799838050061975
test_05032,0.9982435880832582
test_05033,0.9976372781351496
test_05034,0.8449756051337974
test_05035,0.8019861398425923
test_05036,0.9476953106225072
test_05037,0.9996872778867536
test_05038,0.0006232851950431039
test_05039,0.9979125172077291
test_05040,0.9882397961709879
test_05041,0.9988089042198842
test_05042,0.995725926513172
test_05043,0.9999848514537911
test_05044,0.9502478834043606
test_05045,0.9945582426413425
test_05046,0.0009415563961042167
test_05047,0.9999658291345896
test_05048,0.0008774919630987934
test_05049,0.9999969930015142
test_05050,0.10457291734736465
test_05051,0.9772521606342284
test_05052,0.5378921165523642
test_05053,0.9999999931707095
test_05054,3.954661791343886e-05
test_05055,0.0011902803895325778
test_05056,0.28778633954881955
test_05057,0.9988649358478751
test_05058,0.8866821791103295
test_05059,0.0003048158881515795
test_05060,0.9371341864589197
test_05061,0.9999810928447496
test_05062,0.0015429265825225682
test_05063,0.9998120246563609
test_05064,0.588953403059346
test_05065,0.025826075121560432
test_05066,0.0013518942691859346
test_05067,0.9999882161580874
test_05068,0.999026651759804
test_05069,0.8638042840088942
test_05070,0.37735879740063
test_05071,0.03698642246994554
test_05072,0.3225501477091913
test_05073,0.21875303094739568
test_05074,0.002713862411336051
test_05075,0.9973605074168104
test_05076,0.9938997931476907
test_05077,1.939287115849167e-06
test_05078,0.9998706292661313
test_05079,0.04494681859309037
test_05080,0.9999546622221559
test_05081,0.006871499746722955
test_05082,0.0001820577933481218
test_05083,0.7708897396378495
test_05084,0.9964627011450835
test_05085,0.9994467303941004
test_05086,0.8805129818777081
test_05087,0.31397039507179497
test_05088,0.999164651007429
test_05089,0.29044429262660193
test_05090,0.32055262885438013
test_05091,0.9998148756268768
test_05092,0.0004183090261348279
test_05093,0.00032761628271410145
test_05094,0.9769389329038911
test_05095,0.9969572486772876
test_05096,0.02604819227617831
test_05097,0.9992054633221729
test_05098,6.28453332761108e-06
test_05099,0.9995316530454905
test_05100,6.787578051560694e-05
test_05101,0.9144895625077892
test_05102,0.0008431657031881515
test_05103,0.9998181594643891
test_05104,0.0007606337580922353
test_05105,0.9933918251697482
test_05106,0.9405911035798064
test_05107,0.007960076219286388
test_05108,0.2963937699479095
test_05109,0.00041405302725456417
test_05110,0.9992769725688433
test_05111,0.9116885852029649
test_05112,0.9471011101926862
test_05113,0.30702159770386067
test_05114,0.7985699702715908
test_05115,0.00018637484935998355
test_05116,0.007474323293239248
test_05117,0.06278091489431309
test_05118,0.015842930663564035
test_05119,0.99990288577659
test_05120,0.9967793769910755
test_05121,0.0002285597820603947
test_05122,0.12777233376950162
test_05123,0.005678329134002542
test_05124,0.0839229382444366
test_05125,0.9817293824106895
test_05126,0.9975531047570702
test_05127,0.9995357108127227
test_05128,0.013925146617634769
test_05129,0.9312330525703302
test_05130,0.000781532876001421
test_05131,0.24418556706894295
test_05132,0.2855524217971442
test_05133,0.0525467950864749
test_05134,0.4865814617910063
test_05135,0.010476144749723106
test_05136,0.024407345997456305
test_05137,0.9999765559571879
test_05138,0.9844403959701187
test_05139,0.9545574237924778
test_05140,0.9999670010363171
test_05141,0.028642315789364655
test_05142,0.9075877139352317
test_05143,0.4075589006030227
test_05144,0.6671963070280188
test_05145,0.9995486116808174
test_05146,0.9995270354137259
test_05147,0.20584069416590547
test_05148,0.06315848454068519
test_05149,0.0027034913461808194
test_05150,8.112310805278466e-06
test_05151,0.9999253764522862
test_05152,0.999852254816811
test_05153,0.5738435454836277
test_05154,0.000813680810797649
test_05155,0.05159169258427584
test_05156,0.9995777308891693
test_05157,0.024788845050288253
test_05158,0.9832732575499208
test_05159,0.004987782097099642
test_05160,0.8804066129977826
test_05161,0.8807677042219025
test_05162,7.787027358446514e-05
test_05163,6.808544890198655e-07
test_05164,0.02043323884648457
test_05165,0.000731685324000622
test_05166,0.997420489129136
test_05167,0.9414609104472564
test_05168,0.6691319832635816
test_05169,0.9986405657591217
test_05170,4.9391177453461236e-05
test_05171,0.9996124666426875
test_05172,0.9933206384290776
test_05173,0.003520942244146023
test_05174,0.7896826883349845
test_05175,0.036450204855649225
test_05176,0.003179702922926076
test_05177,0.9981883243439795
test_05178,0.704431121826102
test_05179,0.007802357761298281
test_05180,0.004090163433608498
test_05181,0.019315774737813266
test_05182,0.014471878542751584
test_05183,0.002669997570994642
test_05184,0.9993969985221336
test_05185,0.9999756970987419
test_05186,0.9999756446011079
test_05187,0.9980648944250444
test_05188,0.9998562681712929
test_05189,0.9778166084613983
test_05190,0.8998292516162251
test_05191,0.9823742554261025
test_05192,2.1614499753245328e-05
test_05193,0.0010703470285624139
test_05194,0.6735345489656425
test_05195,0.10298476169128803
test_05196,0.024432035154304366
test_05197,0.25132804902242906
test_05198,0.9995657638279684
test_05199,0.9863051845507814
test_05200,0.9998803945635477
test_05201,0.999864326621218
test_05202,0.9661170169702739
test_05203,0.998854783789529
test_05204,0.0003274103256328371
test_05205,0.02732187595937628
test_05206,0.8204942367326773
test_05207,8.715827216376103e-05
test_05208,0.9747125691421101
test_05209,0.7298086886755054
test_05210,0.9999602628706632
test_05211,0.15623340035287298
test_05212,0.9994285885363031
test_05213,0.0026039788250831527
test_05214,0.1344044883492729
test_05215,0.9790832306102524
test_05216,0.9821774459437458
test_05217,0.9904352973836208
test_05218,0.9983713296343726
test_05219,0.9202459051857892
test_05220,0.9997079595692053
test_05221,0.00014839076726825548
test_05222,0.04037383713905036
test_05223,0.9999547961014582
test_05224,0.032233035775923076
test_05225,0.9999897730494419
test_05226,3.4798379572488235e-05
test_05227,0.999177673047943
test_05228,0.6424243029650201
test_05229,0.12791656256055658
test_05230,0.023399925567875585
test_05231,0.12533993597597445
test_05232,0.0022470982024529944
test_05233,0.6514969019500617
test_05234,0.003673357673531683
test_05235,0.999111949495643
test_05236,0.2733801810298795
test_05237,0.9784908332647925
test_05238,0.00034153185605370026
test_05239,0.9987233925217137
test_05240,0.9977474911628238
test_05241,0.0017274617185360707
test_05242,0.11265667019243626
test_05243,0.9994582105238712
test_05244,0.5219565054379861
test_05245,0.00013608468860745927
test_05246,0.19000118661372004
test_05247,0.12992256158762658
test_05248,0.009823226033986573
test_05249,0.35214646362609925
test_05250,0.9147922744377331
test_05251,0.9999997611379163
test_05252,2.0939174342399283e-05
test_05253,0.8542927222305062
test_05254,0.9700722907950201
test_05255,0.986631464914391
test_05256,0.0011093668030600246
test_05257,0.9902841930147716
test_05258,0.07270335447456024
test_05259,0.0004681932400060761
test_05260,0.9837758787344675
test_05261,0.9996347138701315
test_05262,0.8746399509842141
test_05263,0.9999422605705334
test_05264,0.3202136294122069
test_05265,0.022358095955014395
test_05266,0.999272549387623
test_05267,0.9990664379208551
test_05268,0.9567801283242134
test_05269,0.8408138415499431
test_05270,0.7462060270281958
test_05271,0.9864653275116326
test_05272,0.9864386454194781
test_05273,0.0005645503224924703
test_05274,0.20794865730272166
test_05275,0.004445121068184484
test_05276,0.9996916206920483
test_05277,0.13044541604624785
test_05278,0.9664204753724848
test_05279,0.0015209746242359828
test_05280,0.007286016482577473
test_05281,0.9879532369830956
test_05282,0.4095829972465266
test_05283,0.9995544754416841
test_05284,0.9950709333774208
test_05285,0.01592112079109716
test_05286,0.9999159945455931
test_05287,9.339946673735801e-06
test_05288,0.9903310073180529
test_05289,0.9997161209622125
test_05290,0.9992726247841984
test_05291,4.126494078733637e-08
test_05292,0.9999864946030156
test_05293,0.003076316507017983
test_05294,0.9407018739546401
test_05295,0.9999815388371013
test_05296,0.007121481468732743
test_05297,0.06714598417792106
test_05298,0.9987899717342608
test_05299,0.5882589327288366
test_05300,8.61869504835927e-05
test_05301,3.854535613873178e-06
test_05302,0.0004502186287921027
test_05303,0.9999565048135322
test_05304,0.0013408610604744831
test_05305,0.9989486189364303
test_05306,0.45663124561443996
test_05307,0.9409434191651328
test_05308,0.9999984473112261
test_05309,1.855074361511924e-05
test_05310,0.0031861376019657306
test_05311,0.9781678282985327
test_05312,0.9946266395091431
test_05313,0.9999748385578938
test_05314,0.9682888589765203
test_05315,0.012206678443841228
test_05316,0.9619413316002281
test_05317,0.9996898212316606
test_05318,0.4966482993649943
test_05319,0.9999812574397555
test_05320,0.999952638902735
test_05321,0.9997466368241839
test_05322,0.939791736124328
test_05323,0.8564641337904524
test_05324,0.9998081312749002
test_05325,0.9991238735120167
test_05326,0.9999512993525398
test_05327,0.8663165824563022
test_05328,0.0084930089811304
test_05329,0.9834817422768974
test_05330,2.1532000418897064e-05
test_05331,0.00022920418534843899
test_05332,2.0567235482851956e-05
test_05333,0.09201946204762163
test_05334,0.00041296148611384025
test_05335,0.024324399311519907
test_05336,0.9356052648636708
test_05337,0.9999974848312536
test_05338,0.9982897825842388
test_05339,0.0007512764435614317
test_05340,0.980420979410802
test_05341,0.4418735221907521
test_05342,0.00047192127515145374
test_05343,0.8304709236596368
test_05344,1.451549659481141e-07
test_05345,0.2424205599231607
test_05346,0.977135776199947
test_05347,0.006041516855285357
test_05348,0.9321085230111273
test_05349,0.9581473022301059
test_05350,0.17861579749180262
test_05351,0.9993561788106982
test_05352,0.00019501416120500922
test_05353,0.0005177152178205567
test_05354,0.010794927383527742
test_05355,0.004257762658989458
test_05356,0.27763728592829745
test_05357,0.9537980416756416
test_05358,0.0010687010488690894
test_05359,6.848285121749772e-07
test_05360,2.4883561555093164e-07
test_05361,0.9548601254578034
test_05362,0.9935986023742966
test_05363,0.0006341684160330192
test_05364,0.9999915487577652
test_05365,0.5598411696605057
test_05366,0.006186134687126026
test_05367,5.176702272010855e-05
test_05368,0.0178810790986392
test_05369,0.00305039037430316
test_05370,0.9997687979033064
test_05371,0.08389948884101797
test_05372,0.6173877107514256
test_05373,0.9998773040495147
test_05374,0.021901933393760977
test_05375,0.0001383769752454872
test_05376,0.0016035444310104454
test_05377,0.9967965127479181
test_05378,0.9997699060212075
test_05379,0.9990962885578536
test_05380,0.0015097488896623921
test_05381,0.9883383627565033
test_05382,0.48195018675749246
test_05383,0.9970072813725306
test_05384,0.6987953854685265
test_05385,0.9881295312885346
test_05386,0.9477916820882815
test_05387,0.999983556658447
test_05388,0.9998192083245167
test_05389,0.00019504687980835948
test_05390,0.9992959944702797
test_05391,0.9990149531993365
test_05392,0.1459720524959912
test_05393,0.037998341606331545
test_05394,0.9997293506943781
test_05395,0.8236815671322113
test_05396,0.8789957410349591
test_05397,0.0038619991882017004
test_05398,0.9937115178596944
test_05399,0.9724426016285751
test_05400,0.5302541414150437
test_05401,0.6547555160970929
test_05402,0.9778119522713281
test_05403,0.9971093658437284
test_05404,0.9608095304159001
test_05405,0.0020795703490286274
test_05406,0.9993177768776496
test_05407,0.44988865328907807
test_05408,0.9972679606257364
test_05409,0.000625408318634319
test_05410,0.9990451352671788
test_05411,0.9999655924308849
test_05412,0.9990973324062532
test_05413,0.001001916404913812
test_05414,0.0002742344979622449
test_05415,0.19644585771635664
test_05416,0.47169734222774046
test_05417,0.019643786065690012
test_05418,0.9997128796418218
test_05419,0.9946179922681033
test_05420,0.007671111769872292
test_05421,0.9875059863423744
test_05422,0.5142383238059571
test_05423,0.11843340983173364
test_05424,8.258645361964277e-05
test_05425,0.22020067643670163
test_05426,0.0005450559949253406
test_05427,1.2720651817348687e-05
test_05428,0.9999940079494594
test_05429,0.9997774601987027
test_05430,0.9984520201683735
test_05431,0.0905931700696209
test_05432,0.9998710016080511
test_05433,0.9998947839694282
test_05434,0.9998233210391371
test_05435,0.697785417645288
test_05436,0.010513151253423949
test_05437,0.9214704250200333
test_05438,0.025793206579368882
test_05439,0.0004601793080921297
test_05440,9.360049876044235e-07
test_05441,0.9999209498328216
test_05442,0.9984012718255714
test_05443,0.00020781963151126167
test_05444,0.8841320212821708
test_05445,0.5337242576787412
test_05446,0.003640524047267215
test_05447,0.9753350371067269
test_05448,0.9992742419627985
test_05449,0.0014837361209541846
test_05450,0.9994961699885049
test_05451,0.06402159094062504
test_05452,0.999991476699913
test_05453,0.999964179058686
test_05454,0.0234926591672986
test_05455,0.0016444863346962845
test_05456,0.0003097523741019783
test_05457,0.0007301179796086497
test_05458,0.0003316635412279788
test_05459,0.0009690014364917988
test_05460,0.999930376146677
test_05461,0.06746864604099417
test_05462,0.9887350777127599
test_05463,0.9999006570388084
test_05464,0.9998735629694719
test_05465,0.04186633735580031
test_05466,0.9995978261666768
test_05467,0.12410024001412143
test_05468,0.8437525840433945
test_05469,0.5198058454495904
test_05470,0.0023370561975954336
test_05471,0.012502165774462821
test_05472,0.9936102840299441
test_05473,0.686225566411053
test_05474,0.0023618306699649686
test_05475,0.00011233050188732329
test_05476,0.0008878122680496162
test_05477,0.15541523228673018
test_05478,0.9160222858820593
test_05479,0.9912055336968264
test_05480,0.0027298048047096194
test_05481,0.9889713650416425
test_05482,0.00279081880500735
test_05483,0.991029389894865
test_05484,0.007260235229716402
test_05485,0.0004892223358704363
test_05486,0.8123100037174524
test_05487,0.3434395357718432
test_05488,0.9988377951652675
test_05489,0.026361425028715153
test_05490,1.653545788677959e-05
test_05491,0.22829265468351734
test_05492,0.00013349051489816905
test_05493,0.008668291911609508
test_05494,0.7857252644390624
test_05495,0.9999697776067034
test_05496,0.999834806842295
test_05497,0.0002651625014710861
test_05498,0.001440878249091355
test_05499,0.04847043477811379
test_05500,0.9987463783613372
test_05501,0.9958570458720432
test_05502,1.5604148853217745e-05
test_05503,0.002278112716900123
test_05504,0.9998357140742915
test_05505,0.921802321358727
test_05506,0.0008570744314827675
test_05507,0.0006242681028364035
test_05508,0.9999708736787122
test_05509,9.639295972254035e-05
test_05510,0.9661501016042762
test_05511,0.9972552785721339
test_05512,0.03839826864718556
test_05513,0.006284434390117692
test_05514,0.0004872283167732623
test_05515,9.106112668793812e-05
test_05516,0.00346529969887985
test_05517,0.011675769906477349
test_05518,0.73352686140373
test_05519,0.6426970065067097
test_05520,0.4406979904578925
test_05521,0.9988155785373589
test_05522,2.3107111568343534e-05
test_05523,0.9989625653821883
test_05524,0.988157039150474
test_05525,0.0013069109264030867
test_05526,0.0008813959341947542
test_05527,0.03307682651170901
test_05528,0.00038384762477305777
test_05529,0.9991208682555428
test_05530,0.0011527366124096095
test_05531,0.004013628634382787
test_05532,0.9994809410547518
test_05533,0.9371373844699287
test_05534,0.9986976655976153
test_05535,0.9986661109162863
test_05536,0.7055653871731264
test_05537,0.9999695755588797
test_05538,0.9743654590719528
test_05539,0.9997081403499298
test_05540,0.9252414449639284
test_05541,0.27458321651819456
test_05542,0.0032148080403482018
test_05543,0.00016916061838015469
test_05544,0.9999861612449555
test_05545,0.0011100521473976588
test_05546,0.0026357320120551386
test_05547,1.1686613426694092e-06
test_05548,0.9994420476097325
test_05549,0.877083464987988
test_05550,0.012425561311260784
test_05551,0.9712919207853703
test_05552,0.03327887513410629
test_05553,0.9992814010038148
test_05554,0.9905751617806663
test_05555,0.9991784705206197
test_05556,0.9999510102832203
test_05557,0.9031195300104712
test_05558,0.09104008998597916
test_05559,5.059617579112835e-05
test_05560,0.9999182011741392
test_05561,0.01886612029190444
test_05562,0.999969429930426
test_05563,0.8659837877467048
test_05564,0.9987577912408431
test_05565,0.9959824957185534
test_05566,0.1570175447993388
test_05567,0.9999488718930757
test_05568,0.9977836338126291
test_05569,0.3440216464570512
test_05570,0.0021261452091427555
test_05571,0.9999995813587493
test_05572,0.9999994745005071
test_05573,0.9998661190283112
test_05574,0.12774864970344502
test_05575,0.9485194406686661
test_05576,0.040723011096789906
test_05577,0.9963319395890007
test_05578,0.9978118437189444
test_05579,0.007623495659936288
test_05580,0.3732410126762805
test_05581,0.008470843712805777
test_05582,0.999975707726793
test_05583,0.005114495059278428
test_05584,0.999513033350801
test_05585,0.00014188213604467538
test_05586,0.43172560243954805
test_05587,0.0012748127753413026
test_05588,0.9993466917186706
test_05589,3.0311662686204287e-07
test_05590,0.9817108456842936
test_05591,0.019462091130275798
test_05592,0.0001515368032930035
test_05593,0.9998984109948835
test_05594,0.9870867070726763
test_05595,0.9998026734912162
test_05596,0.8883021496424172
test_05597,0.002426824457280239
test_05598,0.9525449933693796
test_05599,0.23094808842407777
test_05600,0.9997985875583028
test_05601,0.9998812081726592
test_05602,0.20580434524806607
test_05603,0.4953476170407424
test_05604,0.9998853590947373
test_05605,0.9939218665446998
test_05606,2.6451158396185086e-05
test_05607,0.21612282959160062
test_05608,2.5092775249503634e-05
test_05609,0.0004060060033907592
test_05610,0.9999995671700616
test_05611,0.016331034852809873
test_05612,0.1062295377869081
test_05613,0.5003553579882878
test_05614,0.2785517534938031
test_05615,0.9933765081245778
test_05616,0.017347183402820064
test_05617,0.06763304565562396
test_05618,5.138890172900946e-06
test_05619,0.004633527904306654
test_05620,0.02037361249745909
test_05621,0.0837980252750532
test_05622,0.9972276732681206
test_05623,4.7146968304348676e-05
test_05624,0.8223380997330472
test_05625,2.3763392088767638e-05
test_05626,0.7920822455829424
test_05627,2.3086817801068237e-05
test_05628,0.12406870014486047
test_05629,0.32342412915203217
test_05630,9.21480890076965e-05
test_05631,0.00010934393997334032
test_05632,0.9999249332458928
test_05633,0.9998729921429724
test_05634,0.9998207371456015
test_05635,0.002160368560047596
test_05636,0.9759795054823506
test_05637,0.9608393504692558
test_05638,0.6896694388084249
test_05639,0.9706343950269718
test_05640,0.9981664411639845
test_05641,0.0022959806244000976
test_05642,0.998690246403208
test_05643,0.7999920578011128
test_05644,0.7063165191335422
test_05645,0.9607810724112091
test_05646,0.6006826120979921
test_05647,0.0060678739284418665
test_05648,0.0002359526552238173
test_05649,0.0019288968470616433
test_05650,0.9990047670955949
test_05651,0.0646139664025238
test_05652,0.9954810509617613
test_05653,0.01279784516598656
test_05654,0.7580390621289197
test_05655,0.9999899118167864
test_05656,0.9548881288686837
test_05657,0.0006589768341546084
test_05658,0.00010307992455154445
test_05659,0.9998370596086424
test_05660,0.999954227197517
test_05661,0.022065490906519467
test_05662,0.9965841229942357
test_05663,0.9999577025336658
test_05664,0.9708522712403006
test_05665,0.0016633803634749631
test_05666,0.0013548544341499271
test_05667,7.781195572307816e-05
test_05668,0.001709624269149339
test_05669,0.9999629607956451
test_05670,0.002800301921110802
test_05671,0.8048807207606309
test_05672,0.8251459500182166
test_05673,0.0001130625479408883
test_05674,0.0029220653868113973
test_05675,0.01845165618591645
test_05676,4.823158856661864e-05
test_05677,0.1669032233958862
test_05678,5.3120947386835546e-05
test_05679,0.9995796925664251
test_05680,2.0322815391963767e-05
test_05681,0.004373154333526543
test_05682,0.9716866710054208
test_05683,0.005571630243273933
test_05684,0.14595958339982484
test_05685,0.4672220503460602
test_05686,0.9676795926514321
test_05687,0.007424820214417551
test_05688,0.20325268524583087
test_05689,0.9999682075413534
test_05690,0.0007714252863546218
test_05691,0.9999096254214281
test_05692,0.48042867205918716
test_05693,0.9885854108511779
test_05694,0.943888198128269
test_05695,9.463741962127834e-05
test_05696,0.9995690861917171
test_05697,0.7883812304505314
test_05698,0.0006531443981444756
test_05699,0.9935675598727204
test_05700,0.9999989502019918
test_05701,0.9997402052116303
test_05702,0.040206179435522356
test_05703,0.999999385728204
test_05704,0.9976286328497547
test_05705,0.0018931242455041712
test_05706,0.00021248153182211305
test_05707,0.9943926693366195
test_05708,0.0038025520836299782
test_05709,0.8454496468461278
test_05710,0.9543475126155622
test_05711,6.958419316674064e-05
test_05712,0.9910978798026994
test_05713,0.4973153246532235
test_05714,0.9999496559910356
test_05715,0.04945937655889741
test_05716,0.9998310545409714
test_05717,0.9357051453416544
test_05718,0.9997135085478989
test_05719,7.988050536928982e-06
test_05720,0.0015153134629295193
test_05721,0.9998984231853066
test_05722,0.9557789323650242
test_05723,0.029241419039779976
test_05724,0.9992857668360983
test_05725,0.007025024866320409
test_05726,9.078279965312572e-05
test_05727,0.9916004198653757
test_05728,0.9997168689000228
test_05729,0.0022344774203292253
test_05730,0.9998726951439032
test_05731,0.999697985352102
test_05732,0.0006709180327190043
test_05733,0.9999715100371556
test_05734,0.4252834185863113
test_05735,0.0048232191880329765
test_05736,0.3619359880470833
test_05737,0.001794341033107606
test_05738,0.31634715337710767
test_05739,0.004195681875020706
test_05740,0.5295667524202241
test_05741,0.007243251231917505
test_05742,0.009782462006854382
test_05743,0.06112997655779163
test_05744,0.0415994095124609
test_05745,0.957530930416047
test_05746,0.011659402386996464
test_05747,0.6160665997178657
test_05748,0.15326974076966304
test_05749,0.9994825089628537
test_05750,0.2806452472799082
test_05751,0.00019920772779572952
test_05752,0.10965523387907841
test_05753,0.00046991076663755924
test_05754,0.9999968252981773
test_05755,0.922430310596372
test_05756,0.831428134094466
test_05757,0.5870397151434708
test_05758,0.006996710783235178
test_05759,0.00809081046434199
test_05760,0.8296728249835538
test_05761,0.11185288314279418
test_05762,0.0044902311411062655
test_05763,0.9998376099382011
test_05764,0.9967666932281728
test_05765,0.9999943552606293
test_05766,0.0016368443925454613
test_05767,0.002730463826980147
test_05768,0.001053012437175737
test_05769,0.40918228105672066
test_05770,0.9998411787451731
test_05771,0.03346144054656446
test_05772,0.2421617396019192
test_05773,0.9996497610389945
test_05774,0.6901017636558961
test_05775,0.1691032969566224
test_05776,0.00019148366507570203
test_05777,0.9175129417482735
test_05778,0.994232602838576
test_05779,0.8221955697895721
test_05780,0.7140859536196262
test_05781,0.9385926646880574
test_05782,0.9947698397957827
test_05783,0.9996727417636267
test_05784,0.9948207486174138
test_05785,0.9414605090876969
test_05786,0.7676845598908391
test_05787,0.7297727392260427
test_05788,0.9780215222136779
test_05789,0.9743981025175069
test_05790,0.8778047281662849
test_05791,0.00010651896463332328
test_05792,0.18575036846607348
test_05793,0.9955781437525412
test_05794,0.9811878799592096
test_05795,0.9848367159656894
test_05796,0.9968685252179348
test_05797,0.9998869863027893
test_05798,0.99266344169954
test_05799,0.9992399431883985
test_05800,0.9931567880603869
test_05801,0.31353569162814854
test_05802,0.000688765870598859
test_05803,0.9962808352335869
test_05804,0.9999481275986687
test_05805,0.9985065296989413
test_05806,0.00023289067331495108
test_05807,0.0006581376814471374
test_05808,0.6149536577127489
test_05809,0.9416229576883596
test_05810,0.9998732504017581
test_05811,0.004210211874930485
test_05812,0.9998634138599193
test_05813,0.9989082809640201
test_05814,0.9989108882913517
test_05815,0.8955172255929073
test_05816,0.002272816561811835
test_05817,0.9464906278229109
test_05818,0.9995353555215828
test_05819,0.999112417237776
test_05820,1.890974775532342e-05
test_05821,0.4549090054827513
test_05822,0.028597183590402107
test_05823,0.5583906858413233
test_05824,4.1678413624606133e-05
test_05825,0.0003075919937276673
test_05826,0.7752503304349267
test_05827,0.0015094562799342287
test_05828,0.11660401719455006
test_05829,0.0008143940717715097
test_05830,0.009264172034607027
test_05831,0.001106983022984432
test_05832,0.9637932138829675
test_05833,0.3172868735959874
test_05834,0.0040125545532076244
test_05835,0.9999993487110322
test_05836,0.9976060144266953
test_05837,0.0025379593764778795
test_05838,0.003091678132094098
test_05839,0.9982989758505747
test_05840,0.9991043395171041
test_05841,0.03046365172574053
test_05842,7.666684942848494e-07
test_05843,0.6967971268901915
test_05844,0.016661400584448
test_05845,0.00021332040482763653
test_05846,0.4912040896776147
test_05847,0.9998180916204887
test_05848,0.009238398575129031
test_05849,0.0011094049907954529
test_05850,0.08798356172490994
test_05851,0.22848231850670173
test_05852,0.9994643086873943
test_05853,0.9862784029444898
test_05854,0.3285716435922662
test_05855,0.9998046044526687
test_05856,0.9999785046745028
test_05857,0.9496562851887405
test_05858,0.035380996357568306
test_05859,0.38752845894217014
test_05860,0.0001866242952079646
test_05861,9.152773660247507e-05
test_05862,0.17788650737924397
test_05863,0.0006186735590409256
test_05864,0.09216735621349495
test_05865,5.385397157616348e-06
test_05866,0.6186853480034622
test_05867,0.9999567113055198
test_05868,0.9686524364153292
test_05869,0.9998488968083553
test_05870,0.01568106060264748
test_05871,0.999339498465731
test_05872,0.9998081302435905
test_05873,0.003165154532453176
test_05874,0.002134880276105111
test_05875,4.549756186584188e-05
test_05876,0.0030926347697357403
test_05877,0.9987163351136786
test_05878,0.9998162100944316
test_05879,0.9968813251452584
test_05880,0.994987403781574
test_05881,0.9999084562294798
test_05882,0.999951803182381
test_05883,0.9997956859630199
test_05884,0.9999137826318293
test_05885,0.018811390149700687
test_05886,0.24697007493631346
test_05887,0.0030155418248957394
test_05888,6.652082116024576e-06
test_05889,0.008438596054948953
test_05890,7.411101444601059e-06
test_05891,0.0011992855250218966
test_05892,0.9987658928597873
test_05893,0.003877092196925772
test_05894,0.873442895448447
test_05895,0.0016458984101384833
test_05896,0.9949610816342288
test_05897,0.10164349628509702
test_05898,8.138961820052886e-05
test_05899,0.9999841049291515
test_05900,0.9966124420206693
test_05901,0.9894545326691178
test_05902,0.9999831915120105
test_05903,0.9520612053301708
test_05904,0.009947531080098241
test_05905,0.36554171427258697
test_05906,0.6960502008780345
test_05907,0.850577696513901
test_05908,0.0005097801356256219
test_05909,0.08705959332043195
test_05910,0.997862585484543
test_05911,0.0011200360013718124
test_05912,0.050343248334227
test_05913,0.00293995366917342
test_05914,0.003640271150612479
test_05915,0.001099917381324835
test_05916,0.0006433361973062087
test_05917,0.11721963931699
test_05918,0.8167241451772381
test_05919,0.9930649448983201
test_05920,0.010877480707431225
test_05921,0.9991216571769344
test_05922,0.9999456042475522
test_05923,0.9999761423645016
test_05924,0.004475453867991806
test_05925,3.339639698131334e-06
test_05926,0.003479889829529681
test_05927,0.0020755882860251464
test_05928,0.999994865837226
test_05929,0.00013964186161102187
test_05930,0.16709705430569605
test_05931,0.9990958645765976
test_05932,0.001831871922740341
test_05933,0.013637457011312307
test_05934,0.0008570507338236478
test_05935,0.09148553158054482
test_05936,0.9777618400314572
test_05937,0.020368371280537166
test_05938,0.9999997213645248
test_05939,2.148002362990436e-05
test_05940,0.8370580295128195
test_05941,0.9999977141671689
test_05942,0.00024383000985913505
test_05943,0.9984409111739309
test_05944,0.9945696745085292
test_05945,1.3104628112322101e-05
test_05946,0.08077595662719549
test_05947,0.9991330077692919
test_05948,0.9862823689473744
test_05949,0.9436166915827291
test_05950,0.0012953845503022327
test_05951,0.026586599683470498
test_05952,9.04378120582358e-05
test_05953,0.999984916641762
test_05954,0.0003149918061872077
test_05955,0.9541953192359857
test_05956,0.10795968537257528
test_05957,0.001905264750863297
test_05958,2.5215308299296693e-06
test_05959,0.9999471273500514
test_05960,0.000674659072098538
test_05961,0.9975016123025258
test_05962,0.9998910548597068
test_05963,0.9999547302219535
test_05964,0.6342333616616276
test_05965,0.013490927795763257
test_05966,0.00021641961833178955
test_05967,0.7253345925241201
test_05968,0.9995747968888635
test_05969,7.374016935490209e-05
test_05970,0.9814185583896672
test_05971,0.00034131526746049496
test_05972,0.9963302184619673
test_05973,0.004086679720989615
test_05974,0.008084841046548831
test_05975,0.99229278563997
test_05976,0.1979560118411306
test_05977,0.9964093230225202
test_05978,0.9972563376116476
test_05979,0.03852812767751007
test_05980,0.011188407470899317
test_05981,0.49187001946208103
test_05982,0.9995709522917324
test_05983,3.0396227392860274e-05
test_05984,0.0011265952332079373
test_05985,0.24106922812075615
test_05986,0.8653232503859887
test_05987,0.9996256963072083
test_05988,0.9998306855188435
test_05989,0.9999925362865445
test_05990,0.9999800443873853
test_05991,0.9972162784633333
test_05992,0.9588959983991984
test_05993,0.9980882899596184
test_05994,0.048586840723605834
test_05995,0.04213456064377894
test_05996,0.4122132622896872
test_05997,0.9993731577110121
test_05998,0.29409635363529757
test_05999,0.010130999432416353
test_06000,0.9995823099470473
test_06001,0.9927980706662015
test_06002,0.9923873540911258
test_06003,0.9947611503415981
test_06004,3.288554979816008e-05
test_06005,0.9999562846113491
test_06006,0.9998834264475864
test_06007,0.0035609916707640956
test_06008,0.007346573437440863
test_06009,0.000984811422848551
test_06010,0.6873839102803668
test_06011,0.7753559659526507
test_06012,0.9994189781210022
test_06013,0.7335876961926399
test_06014,0.00824146585269227
test_06015,0.0018722195069065905
test_06016,0.0021206979903872973
test_06017,0.004520355103247944
test_06018,0.5763000797224601
test_06019,0.9864006468189171
test_06020,0.6174962677724827
test_06021,0.004006474860977884
test_06022,0.00015242518993726422
test_06023,0.002370018485139338
test_06024,0.9623663618491118
test_06025,0.9997196279190077
test_06026,0.09647031981019692
test_06027,0.9990618131254293
test_06028,0.0011821747769961085
test_06029,0.0007328112954260222
test_06030,0.9999789303195904
test_06031,0.7455619106770416
test_06032,4.571399765551362e-05
test_06033,0.0016543098304304556
test_06034,0.7642850165993481
test_06035,0.00019092296008329878
test_06036,0.9974222066959186
test_06037,0.0007723330714446513
test_06038,0.9910692689559584
test_06039,0.00043666404260909515
test_06040,0.3678540970966688
test_06041,0.05542358223836546
test_06042,0.9965560682409086
test_06043,0.0018749971777461346
test_06044,0.9999542850459503
test_06045,0.36360129082165366
test_06046,0.017057520280747397
test_06047,0.020332029570207813
test_06048,0.9424577596638368
test_06049,0.020101483281776213
test_06050,0.2214151888077108
test_06051,0.0013115510967382105
test_06052,0.9963333618911627
test_06053,0.009921915584410823
test_06054,0.01184055831183845
test_06055,0.00013660842505331912
test_06056,0.9999972888739957
test_06057,0.9968842469336388
test_06058,0.9998002957897452
test_06059,0.9996679953618826
test_06060,0.9992150803451658
test_06061,9.523130321357681e-07
test_06062,0.730845118665302
test_06063,0.9998724943904788
test_06064,0.9966970109024808
test_06065,0.000826098714784023
test_06066,0.06132314120865074
test_06067,0.5819595268983249
test_06068,0.9995902290920119
test_06069,0.9801608717794372
test_06070,0.000331351483483993
test_06071,0.010475522157968122
test_06072,0.999914229285269
test_06073,0.99859829174481
test_06074,0.028660083298825027
test_06075,0.0002414895667312215
test_06076,0.9920192204165692
test_06077,0.34092487367969304
test_06078,0.03540252754838291
test_06079,0.9999868050138966
test_06080,0.965854694829059
test_06081,0.9698682614074936
test_06082,0.8104305626960069
test_06083,0.3047375321645252
test_06084,0.0003697491896795337
test_06085,0.9984451793911072
test_06086,0.009560978283182883
test_06087,0.6881972006247593
test_06088,0.15360133917371047
test_06089,0.9473175348311287
test_06090,0.9987367778828122
test_06091,0.4005286959210021
test_06092,0.00021102244858088348
test_06093,0.2066403751018688
test_06094,0.9999482558478973
test_06095,0.07434376056561709
test_06096,0.9999793666914164
test_06097,0.0062721061320881125
test_06098,0.000507896775733179
test_06099,0.00020777457224778104
test_06100,0.0004629924530594953
test_06101,0.0009677597934615268
test_06102,0.9998753791401196
test_06103,0.9999914874847163
test_06104,0.9999748822013766
test_06105,0.9996327045682107
test_06106,0.9997132434464904
test_06107,0.430651761341275
test_06108,0.3132598457910372
test_06109,0.025676635495725384
test_06110,0.47930835973995306
test_06111,9.763050671171546e-05
test_06112,0.9873760054342207
test_06113,0.00041642187278099135
test_06114,0.009861902312338482
test_06115,0.9999241630823867
test_06116,0.9936448932940701
test_06117,0.0005181738604629781
test_06118,0.012790217618617783
test_06119,0.9999996513516717
test_06120,0.6841694712106636
test_06121,0.9116301056794226
test_06122,0.30172042468951543
test_06123,0.1044522751341167
test_06124,0.8561855136649917
test_06125,0.9999957964591781
test_06126,0.07862480396809274
test_06127,0.031876283769092864
test_06128,0.9873875783969911
test_06129,0.5308749026944396
test_06130,0.8694421233562021
test_06131,0.5204036355318105
test_06132,0.9999999745539958
test_06133,0.1760448733667654
test_06134,0.00011020101425232401
test_06135,1.047831626542502e-05
test_06136,0.9999999693412227
test_06137,0.9999071849700817
test_06138,0.9526239838314922
test_06139,0.9999737267104128
test_06140,0.7144899338569609
test_06141,0.9930462689282823
test_06142,0.9486782089639215
test_06143,0.10058975519921678
test_06144,0.9778871620734848
test_06145,0.00847887806515028
test_06146,0.000108560624448371
test_06147,0.5237996436278403
test_06148,3.5796838698105774e-07
test_06149,0.0001612519755440908
test_06150,0.052706124504213595
test_06151,0.6986458088097726
test_06152,0.00010766522753484568
test_06153,0.9999078232860384
test_06154,0.0016718108057885588
test_06155,0.9875015264424596
test_06156,9.410024327844048e-05
test_06157,0.002439342354839542
test_06158,0.009239409851741735
test_06159,0.319051052430484
test_06160,0.8970969819579614
test_06161,0.050590521769904646
test_06162,0.5147372661770054
test_06163,0.9946751623708585
test_06164,0.8699344677494114
test_06165,0.0019394815486455897
test_06166,0.017383817182250374
test_06167,0.4074076226408321
test_06168,0.3024725713217253
test_06169,0.9996551355977089
test_06170,0.5858160694443802
test_06171,5.428666458320266e-07
test_06172,0.9997524486175496
test_06173,0.9859199278187976
test_06174,0.0034520521599438188
test_06175,3.486503162254923e-05
test_06176,0.8215490721750501
test_06177,0.999180159327917
test_06178,0.9956116589709568
test_06179,0.8890401239022506
test_06180,0.9973717188683786
test_06181,0.0028035285279779673
test_06182,0.29608293334908803
test_06183,0.9999876130885184
test_06184,0.1271485264166133
test_06185,0.06013691333808058
test_06186,0.9997447837380914
test_06187,0.02043395027944707
test_06188,0.7430707383838657
test_06189,0.0033747265365284508
test_06190,0.9691178827707174
test_06191,0.0083050930114291
test_06192,0.00029521099562772996
test_06193,0.9174233133579719
test_06194,0.9812182424978017
test_06195,0.030619692999897228
test_06196,7.471171854932262e-05
test_06197,0.9997144472200594
test_06198,0.04200760492946861
test_06199,0.9646415830286696
test_06200,0.9997535599641479
test_06201,0.9999999039544721
test_06202,0.02055646736781653
test_06203,0.009306856920304293
test_06204,0.09428031632642624
test_06205,0.7720863533836017
test_06206,0.0008172871622489223
test_06207,0.7539822195541905
test_06208,0.0011049083006325771
test_06209,8.467503821672869e-05
test_06210,0.9999497072283897
test_06211,0.9491688534387134
test_06212,0.9993736616323654
test_06213,0.004675000463232559
test_06214,0.0022814949766327454
test_06215,0.9868541812067718
test_06216,0.9941993581144238
test_06217,0.9999152517383519
test_06218,0.9968218617434376
test_06219,0.0491564047854939
test_06220,8.02490139231286e-05
test_06221,8.630378147233631e-05
test_06222,6.536247988763941e-06
test_06223,0.0003845375952244951
test_06224,0.9522723464809261
test_06225,0.9892767127640151
test_06226,0.9987892867409434
test_06227,7.224864922599347e-05
test_06228,0.9985242805414889
test_06229,1.5888485867489475e-05
test_06230,0.38668145499413076
test_06231,0.0007076038181730105
test_06232,0.002595116490644509
test_06233,0.00042605873886324066
test_06234,0.9932449030489469
test_06235,8.446197083862986e-05
test_06236,0.02264958545504175
test_06237,0.7220882467933468
test_06238,0.013205192806997256
test_06239,0.9998205103489688
test_06240,0.5410907297059178
test_06241,0.9681548782680609
test_06242,0.26639823173014904
test_06243,0.9992533298082431
test_06244,0.4324399903910638
test_06245,0.9529113455272586
test_06246,0.999671706491236
test_06247,0.9987942714582588
test_06248,0.9999995275016004
test_06249,0.9839855586783716
test_06250,0.999833330790886
test_06251,0.0011320714244213788
test_06252,0.9717362714125674
test_06253,0.034049994314301196
test_06254,0.9997801224110446
test_06255,0.0004948918962041478
test_06256,0.9924013766918184
test_06257,0.9996993607557498
test_06258,0.9999906445341253
test_06259,0.8729353449749416
test_06260,0.9998475799438201
test_06261,0.007692476042592554
test_06262,0.9359847360550956
test_06263,0.8679328828993512
test_06264,0.9987666440445407
test_06265,0.7306363689733107
test_06266,0.7854023392456906
test_06267,0.9237459126944024
test_06268,0.9999171144301748
test_06269,0.9433334378685894
test_06270,0.8859685471239332
test_06271,0.9996804463165575
test_06272,0.9999907017423293
test_06273,0.6425305364888682
test_06274,0.999195958369845
test_06275,0.9987794111360107
test_06276,0.5827465252597185
test_06277,0.9968541394722004
test_06278,0.00731374953803649
test_06279,0.002110494008771965
test_06280,0.03178760217009406
test_06281,0.9961017257404163
test_06282,0.9981513353538541
test_06283,0.0037859890942854896
test_06284,0.9083996146819648
test_06285,0.01865619041432758
test_06286,0.9751644753233741
test_06287,0.0004009645588080549
test_06288,0.9844705718125036
test_06289,0.48854327978294376
test_06290,0.0010378834028849967
test_06291,0.09760503403517605
test_06292,1.76734482101585e-05
test_06293,0.000540283581144578
test_06294,0.04381106183500679
test_06295,0.0005424428375106515
test_06296,0.0004863697692007633
test_06297,0.8469133444264094
test_06298,0.9999992718693039
test_06299,0.9922189008860128
test_06300,0.9998813944348105
test_06301,0.08420782828808779
test_06302,0.9625952483512027
test_06303,0.000681949659983228
test_06304,0.9991966215698408
test_06305,0.017538325385716286
test_06306,0.0025019745120238297
test_06307,0.5056259704294687
test_06308,0.8138783227476754
test_06309,0.996107199132361
test_06310,0.00017622562207158886
test_06311,0.05594126127638682
test_06312,0.1385003821634487
test_06313,0.4071889935313331
test_06314,6.145092430270545e-05
test_06315,0.0011846271860298937
test_06316,0.05707060777944201
test_06317,0.995969290986749
test_06318,0.9995941193754144
test_06319,0.3675394600984931
test_06320,0.9998508755535863
test_06321,0.9971492193028295
test_06322,0.9950018555763617
test_06323,0.14836054503581206
test_06324,4.0365215964503385e-05
test_06325,0.9985644190831302
test_06326,0.9910248685957028
test_06327,1.9651774224344322e-05
test_06328,0.9944067774682004
test_06329,0.34349616147589623
test_06330,7.001935970235334e-06
test_06331,0.0019092852099217561
test_06332,0.037862959600793465
test_06333,0.9999529690383678
test_06334,0.000101746211146319
test_06335,0.44416074946748807
test_06336,0.15856569638517065
test_06337,0.017012217336663575
test_06338,0.9993872822257743
test_06339,0.9999903574688661
test_06340,0.999866380892257
test_06341,0.0002653309831373053
test_06342,0.9973464026791019
test_06343,0.11125727003010563
test_06344,0.0010660476175019156
test_06345,0.5463052075931358
test_06346,0.9967725376405804
test_06347,0.01141252106460188
test_06348,0.9996084578441112
test_06349,0.07570337909401134
test_06350,5.767040274934155e-05
test_06351,0.9969435575821791
test_06352,0.9737710656087564
test_06353,0.0004779677057385606
test_06354,0.05088448715440358
test_06355,0.7925978180653871
test_06356,0.9998712681968648
test_06357,0.0009078511928533182
test_06358,0.9912261916874058
test_06359,0.9999730575299026
test_06360,0.9995445342930067
test_06361,0.45029208824791006
test_06362,0.0018751406228425297
test_06363,0.9303614945352625
test_06364,0.30104734597451455
test_06365,0.00404423360156465
test_06366,0.9994509214249673
test_06367,0.9904032523392993
test_06368,0.9853216949764699
test_06369,0.9995480431199244
test_06370,0.9994904715444677
test_06371,0.023360799948073975
test_06372,0.4764932378245738
test_06373,0.9999998002448373
test_06374,0.8489309061942875
test_06375,0.010275317086083658
test_06376,0.3012273539457767
test_06377,0.5864585282107894
test_06378,0.9748729534220252
test_06379,1.8029534179418506e-05
test_06380,0.03858968947005381
test_06381,1.443818461737668e-05
test_06382,0.9998009403203535
test_06383,0.6996789439799145
test_06384,0.9954619958645113
test_06385,0.9920605480689507
test_06386,0.9999768319088265
test_06387,0.9995359982619305
test_06388,0.9984337551690303
test_06389,0.09038539592149875
test_06390,0.8752476789513528
test_06391,0.0003472293782443966
test_06392,0.018414030444598866
test_06393,0.011155802361830414
test_06394,0.9976890761550852
test_06395,0.7556419230674255
test_06396,0.20577716098374899
test_06397,0.00021846731914039428
test_06398,0.9958401848514226
test_06399,0.014389725753658182
test_06400,0.0002862789406053564
test_06401,0.741054370477795
test_06402,0.9307450367558093
test_06403,0.009960399737998534
test_06404,0.7817725961788333
test_06405,8.318595152627295e-06
test_06406,9.429945535105406e-06
test_06407,0.0013934424670542084
test_06408,3.338866622893279e-05
test_06409,0.9997381325445099
test_06410,0.997935444151944
test_06411,0.315997515360813
test_06412,0.7220780287830029
test_06413,0.004592087914027136
test_06414,0.6945752452269682
test_06415,0.0031228464175852466
test_06416,0.9960006468807417
test_06417,0.4361462226765756
test_06418,0.10311790312668663
test_06419,0.9989830459996932
test_06420,0.000988176321287866
test_06421,0.9146155346409262
test_06422,0.9999591709270069
test_06423,0.9942234451901891
test_06424,0.8687354212723974
test_06425,0.0609408136795139
test_06426,0.005965228195036904
test_06427,0.9204348668196196
test_06428,0.9767478834757963
test_06429,7.938188119122972e-07
test_06430,0.24471256592395652
test_06431,0.9934322329009386
test_06432,8.777957984455498e-05
test_06433,0.8971110628399085
test_06434,0.9990096988880178
test_06435,0.707087312761589
test_06436,0.05643965543856262
test_06437,0.2219111168078508
test_06438,0.00017171949562705058
test_06439,0.9993264086128018
test_06440,0.008167185573778277
test_06441,0.25189725247016653
test_06442,0.019461263909979272
test_06443,0.0845672383395269
test_06444,0.035362068526004584
test_06445,0.00021963146064179456
test_06446,0.7825432322929292
test_06447,0.9625327731525942
test_06448,0.998809516526687
test_06449,8.722371481152729e-05
test_06450,0.9784954645891113
test_06451,0.9978954956037288
test_06452,0.9971577472133227
test_06453,0.00905104213133525
test_06454,0.9680370663984923
test_06455,0.9999241136167443
test_06456,0.006778119260020115
test_06457,0.9704935566819846
test_06458,0.04924692813872231
test_06459,0.9938691940089383
test_06460,0.0003631921392018316
test_06461,0.000557052659911078
test_06462,0.9999932583814702
test_06463,0.999952529826887
test_06464,8.475899007343645e-05
test_06465,0.002740685218005653
test_06466,0.040171191921768414
test_06467,0.29604385485338786
test_06468,4.9304587143325984e-05
test_06469,0.9990460719983144
test_06470,0.9991301770297929
test_06471,0.0009699529289366528
test_06472,0.002314148770452686
test_06473,0.9999749524822223
test_06474,0.0005229970859877689
test_06475,0.9890446971846203
test_06476,1.9095061152296776e-06
test_06477,0.0057370927945919956
test_06478,0.9869017574008869
test_06479,0.9999880913461551
test_06480,0.9851705305927797
test_06481,0.0008904182253465119
test_06482,0.8456320190749304
test_06483,0.008186135844805152
test_06484,9.13046639135716e-05
test_06485,0.9980943026171475
test_06486,0.9830328824685589
test_06487,0.0027209111780301066
test_06488,0.9995139549249252
test_06489,2.247635470258722e-06
test_06490,0.9999979988781954
test_06491,0.0023494115873762644
test_06492,0.9997824089147166
test_06493,1.203523555969085e-05
test_06494,0.9935783071279513
test_06495,1.93549719216786e-08
test_06496,0.004070146064492855
test_06497,0.9991118150188528
test_06498,0.9988615542298638
test_06499,0.0003959780749240841
test_06500,0.3059229965309304
test_06501,8.273006153971883e-05
test_06502,0.983073638524221
test_06503,0.01849655059287795
test_06504,0.00013462489145746914
test_06505,0.00016047945802518472
test_06506,0.9398244036719254
test_06507,0.9999980108500216
test_06508,0.9998334149507743
test_06509,0.27869132382031386
test_06510,0.9338822559262786
test_06511,0.979349404620991
test_06512,0.3117853807132633
test_06513,0.5554336662621179
test_06514,0.005752619055629622
test_06515,0.9999130642264356
test_06516,0.9998538232244993
test_06517,0.6862271761144538
test_06518,0.4189223749177783
test_06519,0.0004188460714986851
test_06520,0.05843656898411222
test_06521,0.9978426717049654
test_06522,0.99899535020743
test_06523,0.9999992532419649
test_06524,7.481994700149418e-05
test_06525,0.013146902496337808
test_06526,0.9949846197106096
test_06527,8.492432393410768e-05
test_06528,0.9975043988478848
test_06529,0.0047166965075705865
test_06530,0.021922214595961113
test_06531,0.9623488281214195
test_06532,0.7582647315363343
test_06533,0.9999583640200098
test_06534,0.9988213904184293
test_06535,0.9962827635035554
test_06536,0.8663290374457895
test_06537,0.04850651668837834
test_06538,0.997093822437168
test_06539,0.1438690777817617
test_06540,0.00023861460648406507
test_06541,0.937821287969448
test_06542,0.001239545981831258
test_06543,0.0011217828742831964
test_06544,0.9670424978724925
test_06545,0.9931598244700374
test_06546,0.5982323341339808
test_06547,0.9910779340166359
test_06548,0.9938969631360333
test_06549,0.00023746278306345818
test_06550,0.9999814239328282
test_06551,0.013180976009221764
test_06552,0.804629520084266
test_06553,0.9996820421161711
test_06554,0.8189018801614051
test_06555,0.021401030392397578
test_06556,0.9998189127792528
test_06557,0.06397006798582613
test_06558,0.9333066209730227
test_06559,0.009603530332031717
test_06560,0.09667377632583572
test_06561,0.015092465906777538
test_06562,2.2357837298191e-05
test_06563,0.0010240415154327948
test_06564,0.9438217039028165
test_06565,0.9982304975579706
test_06566,0.9691798144026729
test_06567,0.23674161600642576
test_06568,0.002087745104061687
test_06569,0.007947615849798561
test_06570,0.005258280213008669
test_06571,0.00024413422446743438
test_06572,0.005409752475773497
test_06573,0.0031507550262610566
test_06574,0.06088377045595471
test_06575,0.2510912879532625
test_06576,0.00582350524019878
test_06577,1.4682802571957151e-05
test_06578,0.9990321434531007
test_06579,0.02692849481494722
test_06580,0.936939878386875
test_06581,0.01662354741966785
test_06582,0.999457662091774
test_06583,0.9393508573637226
test_06584,0.9030334554844559
test_06585,0.35983752618214093
test_06586,0.07051747991894987
test_06587,0.9998748564854921
test_06588,0.7706383595851742
test_06589,0.994254898723357
test_06590,0.0005560037542958572
test_06591,0.00012964196316432326
test_06592,0.9874161778084256
test_06593,0.9632079237105281
test_06594,0.969970284737008
test_06595,0.3591813982115443
test_06596,0.9522500328070999
test_06597,0.16227902080327844
test_06598,9.725792364689975e-05
test_06599,0.00012293390480075587
test_06600,7.463785612034028e-05
test_06601,0.0005292744730030953
test_06602,0.46368391187717223
test_06603,0.0064178269029945305
test_06604,0.7424008194450187
test_06605,6.59667336644275e-05
test_06606,0.8991930087385308
test_06607,0.0015497391428491093
test_06608,0.9984207112727811
test_06609,0.9689646112249368
test_06610,6.800329488749071e-06
test_06611,0.86736990161913
test_06612,0.00045033835896505234
test_06613,8.81891507208055e-07
test_06614,0.0032313780708651246
test_06615,0.34174395797627316
test_06616,0.8832062135519924
test_06617,0.9990759647357931
test_06618,0.002699411592383392
test_06619,0.014985514286603122
test_06620,0.4756601729505195
test_06621,1.0319691146261609e-06
test_06622,0.0039739365661691055
test_06623,0.0021063464521041673
test_06624,0.9999790496593552
test_06625,0.9310242514878224
test_06626,0.0006265383694647595
test_06627,0.0001554388506602467
test_06628,0.948063572339814
test_06629,4.5335594322651516e-05
test_06630,0.0011917500670442307
test_06631,0.06373230456272036
test_06632,0.0060854439072668826
test_06633,0.0039705993845570225
test_06634,0.4079665176844237
test_06635,0.13016668426780562
test_06636,0.019518078651201354
test_06637,0.007713161357220107
test_06638,0.12248965253108968
test_06639,0.8834945854580961
test_06640,0.9997028090448103
test_06641,0.0014657912076426988
test_06642,0.9790714669261588
test_06643,0.9990740904109099
test_06644,0.9999087800803862
test_06645,0.9999993816819608
test_06646,0.9945599717488662
test_06647,0.9988594973744643
test_06648,0.03857096985064667
test_06649,0.05627643407624977
test_06650,0.0002496175350590756
test_06651,0.9970945510734002
test_06652,0.0001184394070903209
test_06653,0.9999777726085757
test_06654,0.5427293062583669
test_06655,0.00010563501900452918
test_06656,0.9940935487935402
test_06657,0.999791242295251
test_06658,0.0022377334651272024
test_06659,0.9795716555561632
test_06660,0.782845996488076
test_06661,0.06891506084006815
test_06662,0.013217104461567333
test_06663,0.0005356961670506178
test_06664,0.0008051616090526033
test_06665,0.0032469282300189553
test_06666,0.026253464301072692
test_06667,0.9999648176767633
test_06668,0.40685905715619347
test_06669,0.05279966220043506
test_06670,0.047032304923646406
test_06671,0.9998718158949292
test_06672,0.03720877073134728
test_06673,0.000580610285628089
test_06674,0.9952495493983001
test_06675,0.037270257668800925
test_06676,0.6266287080298553
test_06677,0.9995779663122918
test_06678,0.9997634084530279
test_06679,0.02104589976145659
test_06680,0.00020651488924667302
test_06681,0.9998675837654998
test_06682,6.613186335099807e-05
test_06683,0.9025498016628373
test_06684,0.0008297149878342258
test_06685,0.9842147938822031
test_06686,0.9988724817054442
test_06687,0.22568338798713689
test_06688,0.08386672690303189
test_06689,0.7635838655016451
test_06690,0.9003674822693276
test_06691,2.8184529125799328e-05
test_06692,0.9767242236295262
test_06693,0.6059603352301199
test_06694,0.9979780914369673
test_06695,0.31581390649356855
test_06696,0.9631593677639539
test_06697,0.99999985655635
test_06698,7.541581764122608e-05
test_06699,0.9812945117607877
test_06700,0.9999930766345052
test_06701,0.998868327067205
test_06702,0.9982153107100291
test_06703,0.0043622389319935345
test_06704,0.999998890362018
test_06705,0.9996171128597855
test_06706,0.7645521048500492
test_06707,0.02593177148944948
test_06708,0.7630660329017039
test_06709,0.5489596465287269
test_06710,0.9899625973954514
test_06711,0.9999996028774127
test_06712,0.015681482000110044
test_06713,0.9996651120311697
test_06714,0.7582878120950993
test_06715,1.5561308902843408e-05
test_06716,0.9991800140370684
test_06717,0.9766749586882919
test_06718,0.6758082583403748
test_06719,0.9963233988066487
test_06720,0.9997546679196351
test_06721,0.00044387665386074046
test_06722,0.9990112997936349
test_06723,0.9999030482688706
test_06724,0.0033564289303118855
test_06725,0.15076909222363505
test_06726,0.9555078304453687
test_06727,0.012585195878307046
test_06728,0.07157668250363008
test_06729,0.0006339568682333205
test_06730,0.010629180948609693
test_06731,0.8799965568611784
test_06732,0.0019891745249373473
test_06733,0.9915048363998593
test_06734,0.004721363291031877
test_06735,0.995324860660567
test_06736,0.9998756553992424
test_06737,0.9999941842718769
test_06738,0.9980061485750445
test_06739,0.9977351756281254
test_06740,0.9924312534459696
test_06741,0.9959065896494516
test_06742,0.9997940456357647
test_06743,0.9993212966007738
test_06744,0.003473791313339194
test_06745,2.969447946521156e-06
test_06746,0.9269542261918682
test_06747,0.999763092639773
test_06748,0.04189791372307404
test_06749,0.99674258146447
test_06750,0.9972804203066951
test_06751,0.28538839716507625
test_06752,0.0014922514742851355
test_06753,0.00026287163893909887
test_06754,0.00017482453074358422
test_06755,0.9845870333487904
test_06756,0.0024465340780811997
test_06757,0.999843119775201
test_06758,6.265846558899186e-05
test_06759,0.006628458737969542
test_06760,0.00181818972758624
test_06761,0.9856255131979348
test_06762,0.9985539570217327
test_06763,0.9994752806530264
test_06764,0.945363640365004
test_06765,0.9993250423962455
test_06766,0.00015304924090374345
test_06767,9.987178247190982e-05
test_06768,0.999980302321913
test_06769,0.0007540194073567614
test_06770,0.24395655686621226
test_06771,0.998095805630015
test_06772,0.0005718302797614643
test_06773,0.9998536608337495
test_06774,0.024120288539472224
test_06775,0.002310951833497606
test_06776,0.9999962077421188
test_06777,0.9977245280578337
test_06778,0.000119081419366374
test_06779,0.9065277369263217
test_06780,0.9992933352053772
test_06781,0.9993933478898038
test_06782,0.792966931461494
test_06783,0.19003188904193988
test_06784,0.008513752052331748
test_06785,0.9984078036363953
test_06786,0.9970756472411039
test_06787,6.67349313018886e-05
test_06788,7.34048976554425e-05
test_06789,0.5655026769172148
test_06790,0.9269715610490662
test_06791,0.8510350368675622
test_06792,0.9972874523137828
test_06793,0.005728065423503593
test_06794,0.996318682566971
test_06795,0.00032456251072802365
test_06796,0.9980328636422445
test_06797,0.8371152423303971
test_06798,0.9999773462511612
test_06799,0.00031776799262105783
test_06800,0.0008966996268377693
test_06801,0.09563362185231049
test_06802,0.011025593113162329
test_06803,0.015096519937074705
test_06804,0.9525242062732531
test_06805,0.04937093778578965
test_06806,0.9973595987105983
test_06807,0.9999447305318533
test_06808,0.9996529180183833
test_06809,0.9944745719827116
test_06810,0.7688873818330709
test_06811,0.9999370157704192
test_06812,0.00773761435275998
test_06813,0.968537106663019
test_06814,0.9989908755247828
test_06815,0.9897950998492363
test_06816,0.9976633359333434
test_06817,0.0003653392675403148
test_06818,0.9827505459897067
test_06819,0.9344535700433284
test_06820,0.010481951281531733
test_06821,0.9969437710609869
test_06822,0.04721424083329579
test_06823,0.09404878344527853
test_06824,0.9909783764288629
test_06825,0.00031466541286921993
test_06826,0.0009238963762266114
test_06827,0.021556917077572374
test_06828,0.999056975784544
test_06829,0.9994671604683218
test_06830,0.00010591925593908224
test_06831,0.10410131420714387
test_06832,1.9608019819280273e-05
test_06833,0.02653152029071642
test_06834,0.10121000411087558
test_06835,0.00014824586747749357
test_06836,0.12260402192109082
test_06837,0.0007529463390131709
test_06838,0.00048570347146790577
test_06839,0.0762022061573072
test_06840,0.9998110558446113
test_06841,0.039817763473054324
test_06842,0.9995582055840037
test_06843,0.0015905701368218762
test_06844,1.354841802838976e-05
test_06845,9.071543766523654e-06
test_06846,0.999959708198356
test_06847,0.995101961637241
test_06848,0.03599184399730482
test_06849,0.9509470504245148
test_06850,0.0003451057690263703
test_06851,0.0001678420497424384
test_06852,0.0018281018322439373
test_06853,0.03705753147590231
test_06854,0.8509051424408697
test_06855,2.0377156520200855e-05
test_06856,2.0493615820439725e-05
test_06857,0.3526143212736129
test_06858,0.036243958037237935
test_06859,0.6297314011667993
test_06860,0.9883408772921695
test_06861,0.0007907824262121789
test_06862,0.9918882581765497
test_06863,0.7868945481048701
test_06864,0.6341184254017116
test_06865,0.064666611177727
test_06866,0.005925590950888339
test_06867,0.004846303538127534
test_06868,0.9434076039896053
test_06869,0.0019622283920853324
test_06870,0.9998033725432514
test_06871,0.9931528138818096
test_06872,0.303333301699641
test_06873,0.011969480373161739
test_06874,0.9993235958143354
test_06875,0.12207616237853619
test_06876,0.00019242505070885037
test_06877,0.9984597289553374
test_06878,0.02893352286539954
test_06879,0.8638824210080563
test_06880,0.0011057733967396988
test_06881,0.883839006506923
test_06882,0.020154709546364037
test_06883,0.5536292039357261
test_06884,1.7239794679586356e-06
test_06885,0.6477911662437332
test_06886,0.012290063387752485
test_06887,0.9875262847629958
test_06888,0.9645791858609294
test_06889,0.994984368056025
test_06890,0.08657965998961081
test_06891,0.00018067978710388963
test_06892,0.00012116008781149889
test_06893,0.027841386509321314
test_06894,0.0002406049904689963
test_06895,8.237796707646752e-06
test_06896,0.9999975804624666
test_06897,0.627182399923237
test_06898,0.01636780195594437
test_06899,0.6717319744346859
test_06900,0.0004867903813345731
test_06901,0.998147753232871
test_06902,0.0017403002910368708
test_06903,0.9998385474737712
test_06904,0.9999047668713581
test_06905,0.9999075766564176
test_06906,0.678289341714901
test_06907,0.9942152173148905
test_06908,0.9999981674613849
test_06909,2.2596963846671726e-08
test_06910,0.9961186737165442
test_06911,0.9999259874550313
test_06912,5.0005627008967045e-05
test_06913,0.068515515640266
test_06914,0.918126678512408
test_06915,0.1308477550871973
test_06916,0.9999423432126172
test_06917,3.3199657786645863e-05
test_06918,0.8548137596507646
test_06919,0.9995433485465807
test_06920,0.9267883137110635
test_06921,0.9960886561867748
test_06922,0.9999083867526947
test_06923,0.7061164665089402
test_06924,0.0748272730558919
test_06925,0.01362265619983902
test_06926,0.0032337232150896384
test_06927,0.0007048716710837673
test_06928,0.0003771213659119797
test_06929,0.056722996921047375
test_06930,0.000616201420307989
test_06931,0.0010175392849516597
test_06932,0.9996132735177741
test_06933,0.998400420972684
test_06934,0.012373882423913431
test_06935,0.0004167710358683403
test_06936,0.9985497634673416
test_06937,0.9107243862095485
test_06938,0.015191863776631055
test_06939,0.002494502544189376
test_06940,0.9982666567277306
test_06941,0.22398981810172766
test_06942,0.00023340974635844327
test_06943,0.11820918258254404
test_06944,0.7405575733683296
test_06945,0.0006469500709926154
test_06946,0.013562563564449482
test_06947,0.9952312817122523
test_06948,0.9973334133286865
test_06949,0.9999097699750941
test_06950,0.5962163271201665
test_06951,0.0012750866605654922
test_06952,0.38500732055192227
test_06953,0.02710126860050809
test_06954,0.47093006561099837
test_06955,0.9997048405055357
test_06956,0.9199399126862269
test_06957,0.7528900645858917
test_06958,0.9946538472952703
test_06959,0.00608675136302244
test_06960,9.419379234440016e-05
test_06961,0.43419462617128446
test_06962,0.0006095693913085389
test_06963,0.10922536544701797
test_06964,0.9999367094434534
test_06965,0.029267459989115046
test_06966,0.0005400962571121641
test_06967,0.002767591126860464
test_06968,0.00021401474874514764
test_06969,4.1371204857272483e-05
test_06970,0.9999503921219236
test_06971,0.5748948581379172
test_06972,0.00017401548527250327
test_06973,0.959397614113187
test_06974,0.009372712779101934
test_06975,0.9963244563817599
test_06976,0.9992618422870218
test_06977,0.7652043096290638
test_06978,6.477227410290413e-06
test_06979,0.7289372709403501
test_06980,0.998730409499544
test_06981,0.9998409892832274
test_06982,0.9974823961327488
test_06983,0.012479120941402168
test_06984,0.0011517604448513191
test_06985,0.0002199477923839411
test_06986,0.9477596925612641
test_06987,0.0012753842435808459
test_06988,0.02040428785846334
test_06989,0.06574282469937734
test_06990,0.9998158964755864
test_06991,0.977761854259759
test_06992,0.8173075581388258
test_06993,0.0023146747174020116
test_06994,0.0001306257473710385
test_06995,1.5084042674663456e-06
test_06996,0.020682237265051213
test_06997,0.8072075271607464
test_06998,5.9401799565465685e-05
test_06999,0.9522917181829313
test_07000,0.009626608596169843
test_07001,0.9749447409016413
test_07002,0.9998770025382977
test_07003,0.07516092551472646
test_07004,0.6973365386761814
test_07005,0.8361689632729695
test_07006,0.9267914061378147
test_07007,0.014638587626928384
test_07008,0.28676138391966804
test_07009,0.9998628865732908
test_07010,0.7545406539414538
test_07011,0.9750777374129623
test_07012,0.9919353523475442
test_07013,0.28254413138098206
test_07014,0.999887701555023
test_07015,0.9910105926583228
test_07016,0.9995039902547105
test_07017,0.008741341270958262
test_07018,0.9985301027089842
test_07019,0.8163750679145311
test_07020,0.14462270863011684
test_07021,0.99489357190036
test_07022,0.044551909929506556
test_07023,0.9998487744599374
test_07024,0.11903486840977637
test_07025,0.9992366720066429
test_07026,0.99998914859996
test_07027,1.9192882475101716e-06
test_07028,0.8566237069498879
test_07029,0.9587574515972954
test_07030,0.843916799046381
test_07031,2.3890095163181865e-08
test_07032,0.9937094737406171
test_07033,0.999835672666026
test_07034,0.00336401942934782
test_07035,0.021204599266476946
test_07036,0.00038449355317920217
test_07037,0.003967854813153612
test_07038,0.9996133528019949
test_07039,0.00562732256460715
test_07040,0.03430609562023672
test_07041,0.9553507749326796
test_07042,0.9999030425326406
test_07043,0.009046336069748617
test_07044,0.9996861452217476
test_07045,0.00016281785393144045
test_07046,0.9973762723391426
test_07047,0.9994928510100219
test_07048,3.742050444851833e-05
test_07049,0.018042934614723914
test_07050,0.6498825362617283
test_07051,0.00021871636837619525
test_07052,0.9546134689116521
test_07053,0.0002831133651843796
test_07054,0.9786051643217581
test_07055,0.9999371785550405
test_07056,0.9736089093216936
test_07057,0.0027432583689683747
test_07058,0.7875231378780413
test_07059,0.4286886322825315
test_07060,0.9999751533478882
test_07061,0.9855296996538406
test_07062,0.0001383700500961144
test_07063,0.00838924724433334
test_07064,8.355862429370938e-05
test_07065,0.0011984634931863677
test_07066,0.2719662890908724
test_07067,0.9998995473065072
test_07068,0.6846284201431309
test_07069,0.9916872137960207
test_07070,0.00010423862466347454
test_07071,0.0014365370423495604
test_07072,0.999965177153082
test_07073,0.5671546740860831
test_07074,0.9999123930196099
test_07075,0.6981377510308725
test_07076,0.9996928510388061
test_07077,0.030669330894380325
test_07078,0.9999549267452928
test_07079,0.9953537913559465
test_07080,0.004750239945250282
test_07081,0.3294523680181892
test_07082,0.9998310844128923
test_07083,0.007174651079992011
test_07084,0.0035328733460402344
test_07085,0.03141893247463575
test_07086,0.6449626965333195
test_07087,0.03826178596680747
test_07088,0.9942783788228953
test_07089,0.4307465652486026
test_07090,0.017848876568200535
test_07091,0.004306383232903655
test_07092,0.9999385516643501
test_07093,0.7050575455704637
test_07094,0.9973085421980395
test_07095,0.001970148584287115
test_07096,0.9983983574620283
test_07097,0.0007615254098102041
test_07098,0.015486653532218602
test_07099,0.0021566165914907224
test_07100,0.020606515832376854
test_07101,0.9989571405852156
test_07102,0.9838606324816321
test_07103,0.9970552499028351
test_07104,0.998020673676188
test_07105,7.190825911733125e-08
test_07106,0.14873189061006642
test_07107,0.004197231212481656
test_07108,0.2817740057902451
test_07109,0.8467762112817983
test_07110,0.9929362631513601
test_07111,0.02817533718156918
test_07112,0.9928041353714705
test_07113,0.0062932851957314545
test_07114,0.9991780095368845
test_07115,0.9251006007498076
test_07116,0.34894548873998565
test_07117,0.0031574952057719973
test_07118,0.001166248868447089
test_07119,0.0030797889032064705
test_07120,0.0006757574241164868
test_07121,0.0014543117232765383
test_07122,0.950572867393416
test_07123,0.6064734746196152
test_07124,0.9988370611025466
test_07125,0.9999405741031394
test_07126,0.9753473748507597
test_07127,0.9945947374359907
test_07128,0.0006342329370771212
test_07129,2.09291664972957e-05
test_07130,0.9774017656921478
test_07131,0.9997051237930117
test_07132,0.008756155486191438
test_07133,0.0021500730619803572
test_07134,0.951135894095699
test_07135,7.0354543051677e-06
test_07136,0.9998610181403478
test_07137,0.9673309021325667
test_07138,0.000938997505189906
test_07139,0.00036069304098790256
test_07140,0.013088371393081064
test_07141,0.7634503565759012
test_07142,0.0007775969174655341
test_07143,0.0030921028589384887
test_07144,0.003029406572588886
test_07145,0.08800607149068151
test_07146,0.999999889238908
test_07147,0.9582607178782417
test_07148,0.9973618579266971
test_07149,4.7326587168142125e-05
test_07150,0.6313379391360191
test_07151,0.2948395743968688
test_07152,0.9735734628850945
test_07153,0.9785116083188243
test_07154,0.9918292149889162
test_07155,0.02979190142304119
test_07156,0.0003766400397276712
test_07157,0.8597658623128764
test_07158,0.9998297406442831
test_07159,0.001615604008505377
test_07160,0.006447976737435752
test_07161,0.00026704605210241863
test_07162,0.9971767785090437
test_07163,0.9978419131265742
test_07164,0.2158850956105968
test_07165,0.7340506642165158
test_07166,0.9998638211643235
test_07167,0.002042044621698701
test_07168,0.9651050673546853
test_07169,0.00010407621423594653
test_07170,0.999952066592506
test_07171,0.20136666079164678
test_07172,0.9997977614286757
test_07173,0.9996076997954918
test_07174,0.9917974565607658
test_07175,0.9982266093667655
test_07176,3.405847189560976e-05
test_07177,0.00030985741838647973
test_07178,0.9361100920682096
test_07179,0.26112855770942345
test_07180,0.024066800567861285
test_07181,0.4553994225989587
test_07182,0.005316409549631821
test_07183,0.046134441452765795
test_07184,0.00017585162808716787
test_07185,0.9999907142489927
test_07186,0.969864710349281
test_07187,0.0010666331380645908
test_07188,0.6554826932708242
test_07189,8.554098184617661e-05
test_07190,0.7037464338209439
test_07191,0.00032301306670192787
test_07192,3.188039660750307e-05
test_07193,0.004484484750900686
test_07194,0.6567418533282247
test_07195,0.868820287183832
test_07196,0.9906856869421015
test_07197,0.3607468271740771
test_07198,7.338148706427676e-05
test_07199,0.002313749947358303
test_07200,0.9998837675526797
test_07201,0.6031130299617655
test_07202,8.782204660276935e-05
test_07203,0.9994617191633322
test_07204,0.4756736626032829
test_07205,0.00027841272783015093
test_07206,0.7974385087475413
test_07207,0.9702554993642339
test_07208,0.00025579559282611986
test_07209,0.8835416975032827
test_07210,0.004605765542519125
test_07211,0.07008576991288942
test_07212,0.8742526722344516
test_07213,0.8425328515431931
test_07214,0.999841098100356
test_07215,0.5410782472315098
test_07216,0.001644798316985323
test_07217,9.254162974848794e-05
test_07218,0.04484573678180736
test_07219,0.9998727359528065
test_07220,0.007566088039951371
test_07221,0.9896791861804645
test_07222,0.0067768448161171025
test_07223,0.04836261051332939
test_07224,0.9999567774464525
test_07225,0.7856103693794155
test_07226,0.1135350068971168
test_07227,0.9916441432165609
test_07228,0.011838695712463905
test_07229,0.0012764840859878462
test_07230,0.18407792671318102
test_07231,0.00015211980583318359
test_07232,0.12343560258375301
test_07233,0.7497408570865022
test_07234,0.9914321737475894
test_07235,0.9960671524362854
test_07236,0.008905545237399738
test_07237,0.999819637780055
test_07238,7.505665824708102e-05
test_07239,0.9824348825867097
test_07240,0.5779233929520957
test_07241,0.0003144736839865379
test_07242,0.948182583214
test_07243,0.00023490476208297794
test_07244,0.9999861696321762
test_07245,0.0832151431435803
test_07246,0.7791043967777291
test_07247,0.9998021427683688
test_07248,0.9999714726198726
test_07249,0.0038174385546968026
test_07250,0.001045914183661866
test_07251,6.3041073904794065e-06
test_07252,0.9967542861185305
test_07253,0.001285516828813335
test_07254,0.007266118642799481
test_07255,0.8244431816773569
test_07256,0.002142820459039308
test_07257,0.9858588620853899
test_07258,0.08716016545067706
test_07259,0.5983163478933357
test_07260,0.999482474637068
test_07261,0.0003996395859665892
test_07262,0.0004026670481365404
test_07263,0.9999757673721152
test_07264,9.238321719404422e-05
test_07265,0.9939822858553139
test_07266,5.77169293716325e-05
test_07267,0.9761454849131463
test_07268,0.9753171950413825
test_07269,0.9935540647067352
test_07270,0.8684648614225385
test_07271,0.9973055202601873
test_07272,0.09545664737131813
test_07273,0.9939623821528292
test_07274,0.9936873277859829
test_07275,0.0986641039363553
test_07276,0.0046360307381252035
test_07277,0.9999806304783736
test_07278,0.8580052034071256
test_07279,0.0022302478901292198
test_07280,1.3450082528125199e-06
test_07281,0.007853472738126952
test_07282,0.3036646551373686
test_07283,0.0003775818747437883
test_07284,0.6603915151571165
test_07285,0.9993619939500596
test_07286,0.8118040099413509
test_07287,0.5238912934953046
test_07288,0.0019473452084911717
test_07289,0.08803775362262935
test_07290,0.0012474699602124553
test_07291,0.996700686929603
test_07292,0.055355739474278125
test_07293,0.0022639190655449233
test_07294,0.9994185129614234
test_07295,0.17484344398938811
test_07296,0.8722641616483598
test_07297,0.9999447693623522
test_07298,0.00900162922005524
test_07299,0.053001831077331175
test_07300,0.004198622446617705
test_07301,0.9999462115281934
test_07302,2.2128228838899916e-05
test_07303,0.9937884938244077
test_07304,0.0015329052169222156
test_07305,0.04958944103774899
test_07306,0.007273134637266703
test_07307,0.0011550865141131
test_07308,4.921543632526689e-05
test_07309,3.8709824924189475e-05
test_07310,0.022406267879338356
test_07311,0.008006193990019408
test_07312,0.9982773370204443
test_07313,0.050031828686456635
test_07314,0.9996868106505269
test_07315,0.6489252026449792
test_07316,0.9044004836182972
test_07317,0.9515649922400227
test_07318,0.02063609401616065
test_07319,0.8211354804867265
test_07320,0.9982470460972357
test_07321,0.31015348243982094
test_07322,0.9578583673686687
test_07323,0.03051227942277655
test_07324,0.5346803320282266
test_07325,0.5651487975591867
test_07326,0.9685880973350857
test_07327,0.9996111274919689
test_07328,0.9993222782414558
test_07329,0.0029031537122738604
test_07330,0.31224876630060355
test_07331,0.0010172778105206632
test_07332,0.002569199965244552
test_07333,0.189104622305596
test_07334,0.9227668310034357
test_07335,0.7995906114252905
test_07336,0.10263735181132413
test_07337,0.5378459102469392
test_07338,0.9736461915690335
test_07339,0.029805998365625305
test_07340,0.9998995471495125
test_07341,0.12242195337010732
test_07342,0.006465272064940606
test_07343,0.9944497522704834
test_07344,0.6948780802739433
test_07345,0.010497295576521916
test_07346,0.005479450439022331
test_07347,0.0014195308528228783
test_07348,0.9892875226306455
test_07349,0.0054446184301664416
test_07350,0.999728030275203
test_07351,1.8902952103865434e-05
test_07352,0.2830415827270438
test_07353,0.706580464507737
test_07354,0.8454396944570411
test_07355,0.9997512738288032
test_07356,0.9970930417626732
test_07357,0.9610935139659759
test_07358,0.9779941663726311
test_07359,0.012360655542432685
test_07360,0.9664238142944096
test_07361,0.9168801085272485
test_07362,0.009105669168309375
test_07363,0.9653485004568345
test_07364,0.033129301129136556
test_07365,0.9347353767002371
test_07366,0.9717821960681474
test_07367,0.8659934149180001
test_07368,0.3311998668910444
test_07369,0.03917094355611433
test_07370,0.9987729266633314
test_07371,0.001867563638448188
test_07372,0.013473150397205307
test_07373,0.9998483079939012
test_07374,0.016281551571606438
test_07375,0.34169283187212285
test_07376,0.18038610434850472
test_07377,0.0031746522608848554
test_07378,0.9895652186285667
test_07379,0.011360697446726421
test_07380,0.9818636312902995
test_07381,0.022820941207450585
test_07382,0.9980292645378391
test_07383,0.9622499592609718
test_07384,0.9705956771850216
test_07385,0.13639058056207423
test_07386,0.008469457166459124
test_07387,1.8022443660998155e-05
test_07388,0.9269669775743445
test_07389,0.0009440534978504474
test_07390,0.0017665420801949736
test_07391,0.9999849089292938
test_07392,0.963822931742249
test_07393,0.9950359155086951
test_07394,0.577136621778364
test_07395,0.9997249877247647
test_07396,5.596856630966141e-05
test_07397,0.9987845615366261
test_07398,0.9965187959421117
test_07399,0.9736366164679633
test_07400,0.9942579356400382
test_07401,0.04314855356292305
test_07402,0.9999993567146487
test_07403,3.827993727777036e-06
test_07404,0.006933001806261108
test_07405,0.9940739891222606
test_07406,1.911187736171363e-05
test_07407,0.0028804756075171568
test_07408,0.279078471118664
test_07409,0.8792036296383502
test_07410,0.9998826751278553
test_07411,0.8965632172340475
test_07412,0.0006282603573832831
test_07413,0.999971449942523
test_07414,5.253067821248849e-05
test_07415,0.4184773970087234
test_07416,0.0001888409516619585
test_07417,0.011060077558191347
test_07418,0.9995742625483617
test_07419,0.008734713161988462
test_07420,1.1738869584694242e-05
test_07421,0.1399029646688359
test_07422,0.9998620536475643
test_07423,0.9999430744308769
test_07424,0.008851629141630029
test_07425,0.0007905280422591441
test_07426,0.3799564928410107
test_07427,0.04021190761386397
test_07428,0.001934430323223098
test_07429,0.6985278359351779
test_07430,0.0003802622221764271
test_07431,0.9495551052682233
test_07432,9.346834549624832e-06
test_07433,0.1579751204725249
test_07434,0.00010326542712659875
test_07435,1.2699348692247848e-06
test_07436,0.001997622320112633
test_07437,0.9857432196490065
test_07438,0.9575553141668202
test_07439,0.1359475031465127
test_07440,0.001631937914005765
test_07441,0.0014176196592798266
test_07442,0.002561283052281328
test_07443,0.9869650674603709
test_07444,0.01812665387377497
test_07445,0.24911767215072636
test_07446,1.9014618331594468e-06
test_07447,1.5855540337062158e-07
test_07448,0.3517669060120226
test_07449,0.9999283688527545
test_07450,0.9990719122538358
test_07451,0.9964538093821287
test_07452,0.015063927370217578
test_07453,8.211374949771433e-05
test_07454,0.9776001810166031
test_07455,0.028642973806955074
test_07456,0.9995970147226392
test_07457,0.9987761513291089
test_07458,0.9999920747933077
test_07459,0.999536701838455
test_07460,0.005475864009237582
test_07461,0.9995241977830025
test_07462,0.5020200923236349
test_07463,0.00039582763007419027
test_07464,0.0991512752955171
test_07465,0.9554347272634477
test_07466,0.12120283420135568
test_07467,0.9994158419117689
test_07468,0.9971091892584353
test_07469,0.015043856160481508
test_07470,0.9860491132292971
test_07471,0.9076558783642283
test_07472,0.4792050002987782
test_07473,0.001969073401318809
test_07474,0.025047508699712097
test_07475,0.8695334994362424
test_07476,0.002558619790035792
test_07477,0.000301268045150421
test_07478,0.9999390591818905
test_07479,0.9908472284264748
test_07480,0.0391583779956048
test_07481,0.17918559920580818
test_07482,0.9997977434935235
test_07483,0.15230555741055152
test_07484,0.09033259263955382
test_07485,0.9979358746209521
test_07486,0.99989633562963
test_07487,0.0655225890264654
test_07488,0.0018206734464860479
test_07489,0.9998365640895445
test_07490,0.7408640048369106
test_07491,0.00783083193060435
test_07492,0.08992690121702276
test_07493,0.5100987309163764
test_07494,0.9985069232311994
test_07495,0.9999651829926589
test_07496,0.00023829846872433277
test_07497,0.001504253017631928
test_07498,0.11290873591152924
test_07499,8.224679859364943e-06
test_07500,0.0008793134364989054
test_07501,0.0005813830935115417
test_07502,0.9993755126742098
test_07503,0.0008802135850503803
test_07504,0.008366725038860217
test_07505,0.9984753349523792
test_07506,0.9792037950569749
test_07507,0.09215276744652459
test_07508,0.00019323717266897164
test_07509,0.9997941981095722
test_07510,0.4209544367871886
test_07511,0.9972146377468135
test_07512,0.0018448372871076686
test_07513,0.9507064149825313
test_07514,0.9949439281590878
test_07515,0.9496059222410272
test_07516,0.999997189070371
test_07517,0.9999955080404807
test_07518,0.00014084640523478778
test_07519,0.1184327446871529
test_07520,0.023998354742092953
test_07521,0.013010291886537363
test_07522,0.9964325396397049
test_07523,0.00039962344100793947
test_07524,0.06747892768545767
test_07525,0.8160690808700245
test_07526,0.004634189902822077
test_07527,0.24118640299896105
test_07528,0.9994251682113299
test_07529,0.0010822029313619932
test_07530,0.9999858892946961
test_07531,0.9879208963646765
test_07532,0.9988312232881387
test_07533,0.002953601190092618
test_07534,0.09488606132104342
test_07535,0.41579562797100367
test_07536,0.34098070263795144
test_07537,5.960726176491245e-05
test_07538,0.21325428655119322
test_07539,0.9879796700829201
test_07540,0.0009756842793791176
test_07541,0.05584947337718462
test_07542,0.9971403716971616
test_07543,0.0012200337763661302
test_07544,0.9981143445251082
test_07545,0.02992207006924396
test_07546,0.9891281080539498
test_07547,0.9993245377510089
test_07548,0.02240748916799233
test_07549,0.9943958955641771
test_07550,0.9848993699751116
test_07551,0.9808020879653032
test_07552,0.006595657414271437
test_07553,0.9796052593611373
test_07554,0.998967382852587
test_07555,2.0090660939473497e-06
test_07556,0.00020478972501650203
test_07557,0.9994776100098343
test_07558,0.6107689042468837
test_07559,0.9806622065740283
test_07560,0.8851248458621348
test_07561,8.050623058923441e-05
test_07562,0.6118412978537421
test_07563,0.9999965105152139
test_07564,0.9990845266917978
test_07565,0.05678836734975021
test_07566,0.13830228348484547
test_07567,0.012995678053882331
test_07568,0.0003714661185978267
test_07569,0.42573357716286103
test_07570,0.8598745927758359
test_07571,0.0050951114569058875
test_07572,0.9999997915644127
test_07573,0.9999998849301802
test_07574,0.9994954773306605
test_07575,0.0165868595548116
test_07576,0.008846249891175535
test_07577,0.22197131204804516
test_07578,0.012653083291937798
test_07579,0.0005307137829715481
test_07580,0.9997034177552838
test_07581,0.0001903601640498092
test_07582,0.0008879822147365782
test_07583,0.9982868190148989
test_07584,0.9210944771963625
test_07585,0.49393765665869377
test_07586,0.9998886453013947
test_07587,0.10879680338721341
test_07588,0.9965776658038509
test_07589,0.9641127736992816
test_07590,0.0042576285428899945
test_07591,0.9990703037745331
test_07592,0.0011143220934970903
test_07593,0.999713345153806
test_07594,0.15842015711866012
test_07595,0.0003821480789841089
test_07596,0.002118513934252987
test_07597,0.9880432708811667
test_07598,0.3714910999112854
test_07599,0.9937561945913923
test_07600,1.2821933520337129e-05
test_07601,0.0004797292236638795
test_07602,0.03825832101252173
test_07603,0.9999448812786803
test_07604,7.522666742547768e-05
test_07605,0.0013708949300974863
test_07606,0.0005784640728654937
test_07607,0.0058759759897643446
test_07608,0.8552444549539854
test_07609,0.9994771319403031
test_07610,0.001022128707507434
test_07611,0.0029594166755353077
test_07612,0.0003838894112160988
test_07613,0.4744606071598487
test_07614,0.9922088109103719
test_07615,0.9995364790238778
test_07616,0.4496747876347223
test_07617,0.06580151651093219
test_07618,0.9983500593663023
test_07619,1.1318615506714955e-05
test_07620,0.1451352916837476
test_07621,9.031712171853322e-06
test_07622,0.0008242362920859813
test_07623,0.9998705694831356
test_07624,2.14730513866016e-05
test_07625,0.0005664883387898543
test_07626,0.9999910018915928
test_07627,0.9998449661499493
test_07628,0.9970005542565851
test_07629,7.393680916129596e-05
test_07630,0.9999980818941231
test_07631,0.037490336830722025
test_07632,0.02533387254238244
test_07633,0.05204932222658858
test_07634,0.9983541848852568
test_07635,0.9970072362266946
test_07636,0.04410610177004216
test_07637,0.9644243982835838
test_07638,0.999999506349133
test_07639,0.00452636805254496
test_07640,0.004200138619310559
test_07641,0.9245935122705319
test_07642,0.022256047369183112
test_07643,0.9995473733288017
test_07644,0.9958242319270469
test_07645,0.0008694917554752403
test_07646,0.6426293351380664
test_07647,0.9999987932646346
test_07648,0.0453000635242745
test_07649,0.10864130856176
test_07650,0.9999892324608924
test_07651,0.7062959538149138
test_07652,0.9970877096989974
test_07653,0.9996247861638118
test_07654,0.9864256197625163
test_07655,0.30860271730449046
test_07656,0.0840463161154164
test_07657,0.9567215702711016
test_07658,5.593558886459562e-06
test_07659,0.9998841032353291
test_07660,0.6746568650025442
test_07661,0.9981703426363645
test_07662,0.0007071039797274432
test_07663,0.251735553183887
test_07664,0.0010484956163513265
test_07665,3.778369927204914e-05
test_07666,0.9999812468083772
test_07667,0.004765165588491713
test_07668,0.009769623258278364
test_07669,0.999969578642839
test_07670,0.0026206747038654316
test_07671,1.868673413935285e-06
test_07672,0.0032587707912279254
test_07673,0.0002129020531827004
test_07674,0.4748385074796819
test_07675,0.0007268219804961065
test_07676,0.10805012845038042
test_07677,0.6994913235893744
test_07678,0.1450688003463379
test_07679,0.0009144173372856924
test_07680,0.979574487831233
test_07681,1.9922991134901304e-05
test_07682,0.0007286778124634915
test_07683,0.9984289952219644
test_07684,0.3754656019968058
test_07685,0.025526164594169766
test_07686,0.0010499054967650218
test_07687,0.25214406127452677
test_07688,0.43116892500493914
test_07689,0.9938012649294619
test_07690,0.9999802630177352
test_07691,3.997455210224708e-06
test_07692,0.9999995240058729
test_07693,0.9911596346070058
test_07694,0.00857668876030177
test_07695,0.3777593991948143
test_07696,0.42860196295418046
test_07697,0.9987882660599869
test_07698,0.9999296183729539
test_07699,0.0007664920682488457
test_07700,0.8455485102102938
test_07701,0.0034514051505980838
test_07702,0.016799647313389544
test_07703,0.9054047408516891
test_07704,0.9993427434085809
test_07705,0.03993143611028127
test_07706,0.9693365182290468
test_07707,0.021115519166867186
test_07708,0.999996022437442
test_07709,0.10189270202450516
test_07710,0.9999977302600896
test_07711,0.9998666497539053
test_07712,0.0007444079075501694
test_07713,8.845967138949209e-07
test_07714,9.461782469643505e-07
test_07715,0.998530919734364
test_07716,0.9629437912950454
test_07717,0.0015544376491989304
test_07718,0.0003986611067409929
test_07719,0.0021814194207180355
test_07720,0.003348752157040319
test_07721,0.02089350151266787
test_07722,0.1571690795492438
test_07723,0.0395643465437449
test_07724,0.9999990707912426
test_07725,0.9996341667822013
test_07726,0.502086800360657
test_07727,0.030185877368652362
test_07728,0.01713702323465202
test_07729,0.9993067145558067
test_07730,0.01522397436363729
test_07731,0.013040253713824999
test_07732,0.31080982368070464
test_07733,0.9989337847758935
test_07734,0.005896984605814043
test_07735,0.008600853962493646
test_07736,0.0009257141739883063
test_07737,0.9999808452582764
test_07738,0.10009829378994134
test_07739,0.9189149091045465
test_07740,0.005678563520259387
test_07741,0.0014990917607193934
test_07742,0.3403855743477581
test_07743,0.997587083723691
test_07744,0.005021564091552457
test_07745,0.70161756611809
test_07746,0.9882513098199949
test_07747,0.14099945939302508
test_07748,0.0001306168500881708
test_07749,0.9972128079648848
test_07750,0.9998164648301404
test_07751,0.05412113028033482
test_07752,0.0008211922891244749
test_07753,0.7800563420647303
test_07754,0.43709929387885604
test_07755,0.9400579989730082
test_07756,0.999628192968835
test_07757,0.000912923810741147
test_07758,0.016685373823170743
test_07759,0.6537293361760943
test_07760,0.6730235218885942
test_07761,0.8642160556958881
test_07762,0.8986592810248898
test_07763,0.9999778422325462
test_07764,0.9987674716593244
test_07765,0.08173779458399016
test_07766,0.9999968725188882
test_07767,8.146315553440987e-05
test_07768,0.5615780208228891
test_07769,8.933454831689505e-06
test_07770,0.056351223253772315
test_07771,0.9805408198081071
test_07772,0.9997912576847494
test_07773,0.998400483529115
test_07774,0.0010506703389485707
test_07775,0.0018206082252932572
test_07776,0.09366764263209239
test_07777,0.999917562907981
test_07778,0.9753295908625644
test_07779,0.8748687685330797
test_07780,0.9535187707403084
test_07781,4.404948199895272e-05
test_07782,0.5405520815514784
test_07783,0.006434661895540194
test_07784,0.8131215708666686
test_07785,0.049519735408055605
test_07786,0.4115788815351484
test_07787,0.999352619149363
test_07788,0.9982470062815161
test_07789,0.9529796320018649
test_07790,0.0003021735273018263
test_07791,0.029478073805830174
test_07792,0.0027981843794080688
test_07793,2.7520761497182976e-05
test_07794,0.009434925917718346
test_07795,0.9746387010731532
test_07796,0.0027035104602119134
test_07797,0.0025547994544733088
test_07798,0.9956260036871347
test_07799,0.9983345709325485
test_07800,0.9930579472643157
test_07801,0.07952195675756518
test_07802,0.8004265057232799
test_07803,0.7406950790579212
test_07804,0.999203998294875
test_07805,0.018136822209986827
test_07806,0.07285757574961764
test_07807,0.12195033583230123
test_07808,0.004508855765310866
test_07809,0.00018363530155133823
test_07810,0.0033711998159745827
test_07811,0.9997400974718298
test_07812,0.7284773552481967
test_07813,0.9999807235912451
test_07814,0.02808255871961718
test_07815,8.608723839043305e-05
test_07816,0.24127628869843964
test_07817,0.9998661169696746
test_07818,0.002987504087084501
test_07819,0.974917733134259
test_07820,0.0011300589324763478
test_07821,0.9992822452678444
test_07822,0.0018048909580172946
test_07823,6.303407803279494e-05
test_07824,0.9977126858168861
test_07825,0.9999732500512741
test_07826,0.05347225227551007
test_07827,0.4813782107388571
test_07828,0.0031585561462049955
test_07829,0.869921153178716
test_07830,0.005514745757475161
test_07831,0.9999946210923036
test_07832,0.9978534453183735
test_07833,0.5958682212756251
test_07834,0.9414431237571176
test_07835,0.8838598102957688
test_07836,0.06796649008992049
test_07837,0.00018811154702514215
test_07838,0.9991435650353548
test_07839,0.9999850849504066
test_07840,0.9068087095847898
test_07841,0.0012428068407530804
test_07842,0.017018467310772147
test_07843,0.00041994338859594745
test_07844,0.9934697732811241
test_07845,0.9998641704819872
test_07846,0.00539910560974682
test_07847,0.9221775702319325
test_07848,0.0006905132628673457
test_07849,0.9994586767164708
test_07850,0.9999969091612574
test_07851,0.16514556527751412
test_07852,0.8254293636953262
test_07853,0.0036640934028691246
test_07854,0.9967979717065399
test_07855,0.010556054564037215
test_07856,0.0017871205243062875
test_07857,0.003285936202776271
test_07858,0.0014253260384907674
test_07859,0.9984996325502502
test_07860,0.00012608373888345784
test_07861,0.041977760362499505
test_07862,0.0003868675463036714
test_07863,0.21435177148898837
test_07864,0.28948347361009835
test_07865,0.9994522077590402
test_07866,0.035866607450630895
test_07867,0.015205563086293901
test_07868,0.9999996784416342
test_07869,0.9958401424848479
test_07870,0.033380225790542464
test_07871,0.9980325354303171
test_07872,0.4188979707906174
test_07873,0.0026831675894567536
test_07874,0.006950936584106396
test_07875,2.131144998249331e-05
test_07876,0.026564972051494874
test_07877,0.15640121923165104
test_07878,0.0024738865861025612
test_07879,2.761499554345499e-05
test_07880,0.9791834969779837
test_07881,0.9557932887784676
test_07882,0.7226172348353435
test_07883,0.8165520107357052
test_07884,0.8242268982863888
test_07885,0.9923694464405144
test_07886,3.7795785627093884e-05
test_07887,0.9997934961243228
test_07888,0.3711616450970352
test_07889,0.9994998925329212
test_07890,0.8187444439777449
test_07891,0.9985894031898149
test_07892,0.4112972161513261
test_07893,0.990945296807938
test_07894,0.0009137118683358214
test_07895,0.28694025064408196
test_07896,0.9653319749191085
test_07897,0.00022083407475004754
test_07898,0.9982466220008337
test_07899,0.9999918572624047
test_07900,0.9997040247728072
test_07901,0.9217578625854989
test_07902,0.0001252372665991107
test_07903,0.6058429226826211
test_07904,6.612210426674366e-06
test_07905,0.9821348087547651
test_07906,0.0002886232707429061
test_07907,0.9588943126816807
test_07908,4.300412795774099e-05
test_07909,0.9534490807462821
test_07910,0.986432250157804
test_07911,0.9987559694363171
test_07912,0.00011811271929145978
test_07913,5.4249864483096383e-05
test_07914,6.889471202873406e-06
test_07915,0.0015842998290592327
test_07916,0.9691124096404753
test_07917,0.0010764862391195442
test_07918,3.1365778036491675e-08
test_07919,0.0011009681888751012
test_07920,0.01140997343866895
test_07921,0.9985959745194121
test_07922,0.589125021643149
test_07923,0.999549828723081
test_07924,0.06082923824519261
test_07925,0.0005552462556530961
test_07926,0.17868965880292315
test_07927,0.9994535048408781
test_07928,0.011729761483932295
test_07929,0.002552617594615726
test_07930,0.06387629592435098
test_07931,0.01182919531805833
test_07932,0.9961826563991015
test_07933,0.9992615647194621
test_07934,0.031511861467053204
test_07935,0.08231039755268943
test_07936,1.5991636870847495e-05
test_07937,0.8933158286038684
test_07938,0.9759315264215261
test_07939,0.005539667103846046
test_07940,0.0005315327591353771
test_07941,0.20147732649085087
test_07942,0.0004658500336340346
test_07943,0.9935989693803136
test_07944,0.07284619195921045
test_07945,5.296435733359914e-05
test_07946,0.004918713033261804
test_07947,0.9997439883701353
test_07948,0.43796945529680137
test_07949,0.9961832867258275
test_07950,0.9999105897820475
test_07951,0.00030587698601610097
test_07952,0.0004320292948533814
test_07953,0.016456138773958105
test_07954,0.18071492505547795
test_07955,0.0003683725677210639
test_07956,0.06353371361948662
test_07957,0.3173777923415942
test_07958,0.011796019904482398
test_07959,0.9998297654073401
test_07960,0.0007579985748506545
test_07961,0.9999688184417203
test_07962,0.0010972983900366996
test_07963,0.8539375552871313
test_07964,0.004787003813937094
test_07965,0.0038601557221392877
test_07966,0.9387043783030008
test_07967,0.9959283020991588
test_07968,0.02237816194941911
test_07969,0.13823769298424182
test_07970,0.00021882632049786694
test_07971,0.12040854291232168
test_07972,0.9972508439701214
test_07973,7.870233917033377e-05
test_07974,0.9793267515490736
test_07975,0.00030437190996743696
test_07976,0.4461467718172123
test_07977,0.0023283287938178007
test_07978,0.9967441440391647
test_07979,0.0005884042955143455
test_07980,0.9820057919576932
test_07981,0.14618953893852382
test_07982,0.0002069989519646158
test_07983,0.0019412018424088769
test_07984,0.9585905436607712
test_07985,0.9999978640688504
test_07986,0.0008009990943167554
test_07987,0.000121336008458559
test_07988,0.00012551288372361698
test_07989,0.0014410884884897917
test_07990,0.5531536188977105
test_07991,0.9984459304031402
test_07992,1.4856005646425565e-07
test_07993,0.9999955224343517
test_07994,0.5405680741554265
test_07995,0.6111073289105883
test_07996,0.9977256761016416
test_07997,0.9978191165811674
test_07998,0.9985974824361037
test_07999,0.9998676509098182
test_08000,0.02713221704124078
test_08001,0.0015890968182212843
test_08002,0.008061826863088888
test_08003,0.7403980839937566
test_08004,0.0014328228101526403
test_08005,0.9988936198494013
test_08006,0.4690788995749431
test_08007,0.0005726308342757535
test_08008,0.7380563998406516
test_08009,0.01033216199173089
test_08010,0.9947315227517006
test_08011,0.8675846477379298
test_08012,0.9559843484048856
test_08013,0.00019744662941132102
test_08014,0.00950699900723488
test_08015,3.272146859637883e-05
test_08016,0.9953469755576579
test_08017,0.7075271604086203
test_08018,0.9999961833294715
test_08019,0.9980567711506221
test_08020,0.9997646807030584
test_08021,0.14742406087878993
test_08022,0.11894589218513583
test_08023,1.0585324391221468e-06
test_08024,0.00018150025842237393
test_08025,0.6922534265082323
test_08026,0.9999978868901062
test_08027,0.6027640696146245
test_08028,0.2843229398031042
test_08029,0.9971236209914808
test_08030,0.08896716244815006
test_08031,1.0440606511140576e-05
test_08032,0.9984388560901425
test_08033,0.08838179336641669
test_08034,0.9998594684097242
test_08035,0.04618508337177048
test_08036,0.9731584814631293
test_08037,0.7070889435130787
test_08038,0.4859408408447083
test_08039,0.9995305964166729
test_08040,0.8296041060507602
test_08041,0.9763335115319649
test_08042,0.999524962964161
test_08043,0.03049366480288687
test_08044,0.10892238050662606
test_08045,0.014302409412296362
test_08046,0.05644352164356829
test_08047,0.003510780572916051
test_08048,0.4759503098160886
test_08049,0.9968852004229912
test_08050,0.6809006970823392
test_08051,0.0008213802893614499
test_08052,0.9748367460647588
test_08053,0.9397014834828615
test_08054,0.009692766052868368
test_08055,0.9997870252154034
test_08056,0.9999931688226469
test_08057,0.0023824331997964843
test_08058,0.10488539757128423
test_08059,0.21641289266488298
test_08060,0.9998527379566304
test_08061,0.050617520924345585
test_08062,0.9997487458017017
test_08063,0.8942579680095288
test_08064,0.45510896268551626
test_08065,0.9997630274922943
test_08066,0.0022863377877949927
test_08067,0.9992860050692943
test_08068,0.18202076353843472
test_08069,0.9645442175440637
test_08070,0.0047570421770334985
test_08071,0.9976930510725651
test_08072,0.02425660666216715
test_08073,0.9846508260932303
test_08074,0.15119029310384025
test_08075,0.9937641874061015
test_08076,1.4145534763137181e-06
test_08077,0.0009940010980430327
test_08078,0.642807472692793
test_08079,0.0021512401346741117
test_08080,0.9950062591112445
test_08081,1.8892242085452953e-05
test_08082,0.0014768694047846732
test_08083,0.9999046620905626
test_08084,2.3876946428345823e-05
test_08085,5.6226014455631096e-05
test_08086,0.004537803491705494
test_08087,0.9642677025786409
test_08088,0.9944063617091666
test_08089,0.08879522727356706
test_08090,0.0231745394984207
test_08091,0.9998831290514342
test_08092,0.916199038075036
test_08093,0.5889383964024151
test_08094,0.0015507945164884667
test_08095,0.8809944429841858
test_08096,0.00011035006161550523
test_08097,0.9965168972798921
test_08098,0.0007676883538734668
test_08099,0.23956575039663208
test_08100,0.9999888364026627
test_08101,0.0005208355948103154
test_08102,0.00034639779113209497
test_08103,0.9981846269705436
test_08104,2.4558581797640827e-05
test_08105,0.9988879539733074
test_08106,0.9992041495665528
test_08107,0.2259728076944816
test_08108,0.004765895546561956
test_08109,0.9393458290557714
test_08110,0.9535886361841291
test_08111,0.0001593057404623468
test_08112,0.9878175784101484
test_08113,0.0015404717968855576
test_08114,0.0003859249836096759
test_08115,0.0017604110599631568
test_08116,0.9960589621186525
test_08117,1.9389310008789456e-05
test_08118,0.00010177740988502723
test_08119,0.234614840851135
test_08120,0.0017211612684814176
test_08121,0.05666460753373709
test_08122,0.9999450573798423
test_08123,0.005740992637938095
test_08124,0.9695611302488267
test_08125,0.9999994069171723
test_08126,0.6302495001699091
test_08127,0.00010585131841959465
test_08128,0.5783939312533594
test_08129,0.03628322829432269
test_08130,0.006445131948714458
test_08131,0.9976510188326541
test_08132,0.00011503644730992262
test_08133,0.02374540410103219
test_08134,0.0035866807929427745
test_08135,0.044588614400032235
test_08136,0.9981414978272279
test_08137,0.00018515766484443707
test_08138,5.0172860243610585e-05
test_08139,0.9571074389426617
test_08140,0.9783603187091182
test_08141,0.9996290464108166
test_08142,0.9992952848398576
test_08143,0.2890650696696169
test_08144,0.9999137687632318
test_08145,0.004132972208224912
test_08146,0.6566298735951527
test_08147,0.49062644833613894
test_08148,0.010767839524015516
test_08149,0.005760773133114724
test_08150,0.9881879787824793
test_08151,0.7842941147968594
test_08152,0.8153780646524769
test_08153,0.8765250782147141
test_08154,0.05963553397717859
test_08155,0.01638953461849902
test_08156,3.348478890329225e-05
test_08157,0.0011059650488567053
test_08158,8.174311698298956e-05
test_08159,0.9995563358745843
test_08160,0.9997855796459808
test_08161,0.6194730139697839
test_08162,0.6819162808534325
test_08163,0.9867160270832762
test_08164,0.007730865551629166
test_08165,0.2504835257111634
test_08166,0.009049128431945075
test_08167,0.00549930991139309
test_08168,0.9976838889463521
test_08169,0.9976316386160927
test_08170,3.872129806288964e-06
test_08171,0.9907105256355028
test_08172,0.7814283948301091
test_08173,0.04718236600741828
test_08174,0.007079616538889043
test_08175,0.9999176149601434
test_08176,0.9997249745567917
test_08177,0.9997728856295692
test_08178,0.9995903740870382
test_08179,0.9520721604606697
test_08180,1.3431583027322367e-06
test_08181,0.009606323858695955
test_08182,0.027745574054455425
test_08183,0.9939117988281987
test_08184,0.9999855494927316
test_08185,0.463906851328102
test_08186,0.547740629684318
test_08187,0.8987354408824848
test_08188,0.0004556251659148711
test_08189,0.016303413879982003
test_08190,0.00019036511287856954
test_08191,0.9993288122986811
test_08192,0.9908391944223643
test_08193,0.9999968586288098
test_08194,0.1039906234293588
test_08195,3.7109927336820614e-05
test_08196,0.0031989559918669842
test_08197,0.9999999924336901
test_08198,0.9988465921621875
test_08199,5.360129782631972e-05
test_08200,0.9891161723090262
test_08201,6.244908342799623e-05
test_08202,0.9520051929674632
test_08203,0.9434016297868475
test_08204,0.9742698125987896
test_08205,0.7982930040820593
test_08206,0.26936738856454523
test_08207,0.9998972678836857
test_08208,0.6972748323172896
test_08209,0.008151829037557025
test_08210,0.07393697066761044
test_08211,0.0052502524779129865
test_08212,0.9957813344358325
test_08213,0.9113535123827198
test_08214,0.4540080186851803
test_08215,0.004196541718068415
test_08216,0.0001592804174434036
test_08217,0.9999725146861218
test_08218,0.9746341506014184
test_08219,0.47942385233716106
test_08220,1.2041892854880217e-06
test_08221,0.0005635352601083889
test_08222,0.9638190828488596
test_08223,0.0002365042710590873
test_08224,0.006662749798885602
test_08225,0.0026882894355152033
test_08226,0.98740069929403
test_08227,0.9973144489393592
test_08228,0.9835336387796558
test_08229,0.012183717365502583
test_08230,0.23924010656164754
test_08231,0.007226138468139499
test_08232,0.002733729172910547
test_08233,2.4393107511508327e-05
test_08234,0.004366019697201482
test_08235,0.00025375149493927037
test_08236,0.015023851690525093
test_08237,0.9817480834402634
test_08238,0.9997535420440228
test_08239,0.9952937693318188
test_08240,0.32545206937505317
test_08241,0.9914999044159178
test_08242,0.9625393097059275
test_08243,5.552349677797983e-05
test_08244,0.9848833693142315
test_08245,0.011884496894575132
test_08246,0.8538145359638168
test_08247,0.8776081199364542
test_08248,0.06850777235750058
test_08249,0.9255549396632491
test_08250,0.13899460986547635
test_08251,0.7339827158768495
test_08252,0.9978574956606595
test_08253,0.1235377274492639
test_08254,0.7672306745392161
test_08255,3.1313350790947587e-06
test_08256,0.015836287654442064
test_08257,0.000250979816707046
test_08258,0.9553437459081047
test_08259,0.9998860877314034
test_08260,0.6535278579009246
test_08261,0.9999755120077657
test_08262,0.9691742308374955
test_08263,0.9997334703116907
test_08264,0.9922226781382566
test_08265,0.9881079147371058
test_08266,0.9971498261241125
test_08267,0.004579785420648924
test_08268,0.014755531605816585
test_08269,0.9250216879338867
test_08270,0.0035153603896418417
test_08271,0.9801175929564087
test_08272,0.23007484618562687
test_08273,0.8200790793615507
test_08274,0.9722584518965989
test_08275,0.1962907908464592
test_08276,0.9940135055586025
test_08277,0.11482143900997872
test_08278,0.013650914784308193
test_08279,0.5474434194273184
test_08280,0.005431780047417438
test_08281,0.8850479781358014
test_08282,0.9994688516195881
test_08283,0.9393499100880799
test_08284,0.9944126313544364
test_08285,0.9992187440627791
test_08286,0.009449872196278322
test_08287,0.18108746182869162
test_08288,0.00017379476008070715
test_08289,0.00044215426371904004
test_08290,0.07149386939705188
test_08291,0.06990631135296857
test_08292,0.0007157288494779224
test_08293,0.9831928616412408
test_08294,0.05570756893707957
test_08295,0.9888213378499668
test_08296,0.9952528850738983
test_08297,0.9994454511370433
test_08298,0.00035829650725164555
test_08299,2.781965382132218e-05
test_08300,0.9848718267452641
test_08301,0.23185065597117788
test_08302,0.9949822299187893
test_08303,0.999918957762081
test_08304,0.9790220000790026
test_08305,0.33126696817551454
test_08306,4.1053915716192186e-05
test_08307,0.6491251616988499
test_08308,0.8221430337167412
test_08309,0.00013494886177108667
test_08310,0.9435137533195386
test_08311,0.03205079961441302
test_08312,0.9954007095640174
test_08313,0.9911162378441188
test_08314,0.001521316852189038
test_08315,0.9810595493279696
test_08316,0.9990697082737184
test_08317,0.9893766145084089
test_08318,0.001957378173608534
test_08319,0.9979721601962908
test_08320,0.8257233610156989
test_08321,0.73660825569171
test_08322,0.9906981423386443
test_08323,0.9916918431017553
test_08324,0.23972377899452418
test_08325,0.9997921688933127
test_08326,0.0019712439128032225
test_08327,0.004393103772022984
test_08328,0.0001749506350774163
test_08329,0.9832980518688698
test_08330,0.9732613938069314
test_08331,0.9531531039372315
test_08332,0.002016402295169971
test_08333,0.012154011610595884
test_08334,0.9917415214842905
test_08335,0.03715907030009495
test_08336,0.5270555995247141
test_08337,0.9263044173739311
test_08338,0.9998750146619234
test_08339,0.0010670105674980273
test_08340,0.0006256094176736304
test_08341,0.9733339986341405
test_08342,0.00017693987820974845
test_08343,0.9404204901711207
test_08344,0.9028696514093153
test_08345,0.9999691076152982
test_08346,0.2505357234716928
test_08347,2.7072242792756306e-05
test_08348,0.9999659273299508
test_08349,0.0006644010746644936
test_08350,0.9948982167042162
test_08351,0.9997236618655578
test_08352,0.02889919900231223
test_08353,0.9973553766091771
test_08354,1.8926893571569045e-05
test_08355,0.9052845882973991
test_08356,0.7697654778015246
test_08357,0.0015586129527598769
test_08358,0.9909629921949183
test_08359,0.948354342765494
test_08360,0.9888406740530687
test_08361,0.920093572995702
test_08362,0.0001452012989905999
test_08363,0.9995082572209723
test_08364,0.5228818614641261
test_08365,0.008268091031141782
test_08366,0.14148069710726274
test_08367,0.9924198272049806
test_08368,0.9973276515640467
test_08369,3.874550261834572e-05
test_08370,0.9999974121815118
test_08371,2.442583141302402e-05
test_08372,0.008091988843310628
test_08373,0.985024117275497
test_08374,0.9999734644840299
test_08375,0.0006207792580776957
test_08376,0.9984274554174929
test_08377,0.3236712276593628
test_08378,0.787846429103034
test_08379,0.9920825893850613
test_08380,0.999849839716031
test_08381,0.9946773069280948
test_08382,0.8114204239897537
test_08383,0.008340367945696134
test_08384,0.001979229768427514
test_08385,0.0017942317523058082
test_08386,3.746570296610435e-05
test_08387,0.13895658124132002
test_08388,1.2054820974635223e-05
test_08389,0.9630623542078295
test_08390,0.09097700218038686
test_08391,0.3493604160558035
test_08392,0.9155519847952438
test_08393,0.9991867520382439
test_08394,0.0002583388916285769
test_08395,0.37689853953028
test_08396,0.0034089777479063246
test_08397,0.001970805398882954
test_08398,0.9770195651310538
test_08399,0.013826212346070168
test_08400,0.0002989853674416937
test_08401,0.005480103399968498
test_08402,0.0001895266826589845
test_08403,0.0064115356163327855
test_08404,0.9996066083823342
test_08405,0.2944307642811494
test_08406,0.00039203252409558627
test_08407,0.9987977313241186
test_08408,0.17288779392237258
test_08409,0.001506811402855142
test_08410,0.9089596081265674
test_08411,0.9992131275697542
test_08412,0.9917131473864389
test_08413,4.101221094718442e-05
test_08414,0.04905559702845649
test_08415,0.0008911959067821989
test_08416,0.9999746134322005
test_08417,0.9988985160060595
test_08418,0.9903889918540124
test_08419,0.001054051223594006
test_08420,0.1691056571584616
test_08421,0.1783551151417418
test_08422,0.9843311806129933
test_08423,0.9987221206097489
test_08424,0.008009786710389332
test_08425,0.02457447798326104
test_08426,0.0011893768121835158
test_08427,0.9999745721084949
test_08428,0.9999013244979785
test_08429,0.035647630884091494
test_08430,0.9123635857239759
test_08431,0.26423061408725596
test_08432,0.6305041324905492
test_08433,0.2679216599876237
test_08434,0.9907917002827983
test_08435,0.0013231685189764384
test_08436,0.9932473706788086
test_08437,0.0015596481880028373
test_08438,0.9953719552552046
test_08439,0.7965033976237943
test_08440,0.9421651611735351
test_08441,0.18710892052769404
test_08442,0.9713300564852809
test_08443,0.0013196195246968877
test_08444,5.306523497576236e-05
test_08445,0.9374766777529016
test_08446,0.0023132642350436085
test_08447,0.0017777258355043668
test_08448,0.6695414859617962
test_08449,0.7550300354317679
test_08450,0.2667868566244543
test_08451,0.00623867819058366
test_08452,0.03562097594169124
test_08453,0.0013303045521440673
test_08454,0.010700094721777772
test_08455,0.009733864328298298
test_08456,0.9998182152294435
test_08457,0.9960241953533812
test_08458,0.0003016599666979733
test_08459,0.9999996465578561
test_08460,0.9999911933064655
test_08461,0.0008708208653835249
test_08462,0.0007265129047964821
test_08463,0.9999393505370603
test_08464,0.05659078914971721
test_08465,0.9997658748914694
test_08466,0.03121879561080856
test_08467,1.065736349863736e-05
test_08468,0.97077476047162
test_08469,0.00102191661549524
test_08470,6.296369324776796e-05
test_08471,0.014164250343287312
test_08472,0.9997683733118455
test_08473,7.425628915287533e-06
test_08474,0.9998181975445259
test_08475,0.0004249852992470866
test_08476,0.24459682716812015
test_08477,0.9992656014444671
test_08478,0.958616144269429
test_08479,0.04689153924575209
test_08480,0.015366429787265741
test_08481,0.24632130769530222
test_08482,0.9995139642351246
test_08483,0.0005212582934845065
test_08484,0.9986856227904194
test_08485,0.843957422981122
test_08486,0.2371378636212099
test_08487,0.7912329937997772
test_08488,0.20367495178547096
test_08489,0.3030585127031575
test_08490,0.7126693266964069
test_08491,0.9997469105058053
test_08492,0.9975908477326415
test_08493,0.9803065318859862
test_08494,0.03417569633756375
test_08495,0.1298875097637761
test_08496,0.46578217069161093
test_08497,0.9911609928608006
test_08498,0.04319824205747818
test_08499,0.7208025036690613
test_08500,0.9997488570727624
test_08501,1.4324297417951545e-05
test_08502,0.9991795173079145
test_08503,0.088528939485073
test_08504,0.828009409427325
test_08505,0.0003439573163463862
test_08506,0.3999096266427517
test_08507,1.5824954112677575e-07
test_08508,0.9883538028434017
test_08509,0.9621790155274839
test_08510,0.997897715960146
test_08511,0.5509631157340887
test_08512,0.9847430363438124
test_08513,0.9998214317590995
test_08514,0.00016855793958990898
test_08515,0.9932225431969467
test_08516,0.9999501595944637
test_08517,0.9999998506970752
test_08518,0.9977544044129292
test_08519,0.999375757857682
test_08520,0.0919580783990353
test_08521,0.00046260173743808736
test_08522,0.0001624680757866937
test_08523,0.0001300099229099676
test_08524,0.00017710108867095934
test_08525,0.7318263768258935
test_08526,0.00018485277362045906
test_08527,0.00030277583161688297
test_08528,0.00015021409244360767
test_08529,0.9995230810955615
test_08530,2.207029884938454e-07
test_08531,0.5219747965721784
test_08532,0.9999389249386416
test_08533,0.979984609392387
test_08534,0.0020199004741340313
test_08535,0.999983594544092
test_08536,0.00012656675179692096
test_08537,0.9983160032007968
test_08538,0.2612688362715162
test_08539,0.09399741010497994
test_08540,0.9998648258957611
test_08541,2.480939920540629e-06
test_08542,0.9308311769297093
test_08543,0.14572835101358042
test_08544,0.9428025482541063
test_08545,0.9847625037567086
test_08546,0.3578408795179456
test_08547,0.9961889917508173
test_08548,0.0294344393795195
test_08549,0.00020585018481141407
test_08550,0.9909303848234342
test_08551,0.8438869290921187
test_08552,0.16600911507268243
test_08553,0.9999829977391436
test_08554,7.909501413491438e-05
test_08555,0.9977717758913485
test_08556,6.0534011515680065e-05
test_08557,0.002820069016421375
test_08558,0.012555231601456177
test_08559,0.998133736131451
test_08560,0.2714714040631346
test_08561,0.9811921656305891
test_08562,0.6659471985106763
test_08563,2.4301883003856587e-05
test_08564,9.734724264737258e-06
test_08565,0.9998676594465494
test_08566,0.9997882576591145
test_08567,0.4038873870975362
test_08568,0.9656815958652605
test_08569,0.2216338261279125
test_08570,0.026248338301791473
test_08571,0.06380892631203533
test_08572,0.5434606257251281
test_08573,0.9910172926126561
test_08574,0.024061148688345906
test_08575,0.9355694525360542
test_08576,0.2668234576093301
test_08577,0.9999938781616009
test_08578,5.884103532179946e-05
test_08579,0.7445179921069791
test_08580,0.9946042343090928
test_08581,0.9995594216772634
test_08582,0.06089191547364804
test_08583,0.004970885859344933
test_08584,0.0002834884811897909
test_08585,0.002342066964443057
test_08586,0.1538815730215458
test_08587,0.05415920649529239
test_08588,0.9811583360508853
test_08589,0.48353936310470075
test_08590,0.9966694722331264
test_08591,1.1036223741355598e-05
test_08592,0.5512017937968012
test_08593,0.04080123289775973
test_08594,0.0021533238189352846
test_08595,0.9837829085523145
test_08596,0.8665484991070029
test_08597,0.03860043173216264
test_08598,0.8969094133177686
test_08599,0.3944637759198976
test_08600,0.9969398023425349
test_08601,0.9999884207854935
test_08602,0.9722333225565322
test_08603,0.9753975842144746
test_08604,0.9894375345516854
test_08605,0.0998196444899796
test_08606,0.9999813665270977
test_08607,0.9995673002909846
test_08608,0.7039322613013285
test_08609,0.03055064552210855
test_08610,0.5234549952507472
test_08611,0.00021920781614472875
test_08612,0.9987381230716437
test_08613,0.17151901638091788
test_08614,0.9997804302011681
test_08615,0.05800549345547188
test_08616,0.9997443092163945
test_08617,0.02979765850104565
test_08618,0.00030332499952601566
test_08619,0.9984486567263202
test_08620,0.9999664471328372
test_08621,0.9999884288766483
test_08622,0.9991521606449674
test_08623,0.04144172735195221
test_08624,0.8483856505868655
test_08625,0.9997871270962351
test_08626,0.011382341551175212
test_08627,0.007620634304925841
test_08628,0.969708964973381
test_08629,0.004293859756126764
test_08630,0.9740648050115513
test_08631,0.40549390775282373
test_08632,4.431655524575927e-07
test_08633,0.9999923281282033
test_08634,0.9936714430151662
test_08635,0.9998378641877772
test_08636,0.05574439848666392
test_08637,0.9996391721302824
test_08638,0.9992750937624587
test_08639,0.0014280948274648917
test_08640,0.0001088112502453592
test_08641,0.9959918735090253
test_08642,0.9999423022717565
test_08643,0.0027114791720986475
test_08644,0.9986021190869333
test_08645,0.0008557904690263518
test_08646,0.047776316974266334
test_08647,2.096504594048332e-07
test_08648,9.459153075450092e-06
test_08649,0.9991923838154162
test_08650,0.9998335635220355
test_08651,0.9723120183826988
test_08652,0.8746355150626053
test_08653,0.9947046806107913
test_08654,7.428933069578821e-05
test_08655,0.18161490863720386
test_08656,0.05969421611725345
test_08657,0.5255424898142546
test_08658,0.9086149873122992
test_08659,0.0006130323254610482
test_08660,0.6670047034831618
test_08661,0.699782309207373
test_08662,0.00023154848073234254
test_08663,1.311594058437655e-05
test_08664,0.00019935881872298712
test_08665,0.00010643891325547405
test_08666,0.9953173028612488
test_08667,0.9964896105682779
test_08668,0.9991039652558663
test_08669,0.9980624342365753
test_08670,0.7918165865146517
test_08671,0.03458165149185366
test_08672,0.9991632271790418
test_08673,0.99940285592569
test_08674,0.9986499916622568
test_08675,3.4035962107932645e-05
test_08676,0.8650529207353989
test_08677,0.903139226609821
test_08678,0.9951667233519323
test_08679,0.7372115914110808
test_08680,0.9999950211765221
test_08681,0.005161004163343202
test_08682,0.10450453258849147
test_08683,0.9183984612656715
test_08684,0.04935398578801783
test_08685,0.2658624076036028
test_08686,0.9987845592668473
test_08687,0.0008515060279340191
test_08688,0.9967332648842746
test_08689,0.9982020443150494
test_08690,0.028841422460489465
test_08691,0.9422423731085855
test_08692,0.9995719921715245
test_08693,0.0017169898505920932
test_08694,0.025590863570157305
test_08695,0.9919461996644716
test_08696,0.0015509235839610055
test_08697,0.0010740505846518287
test_08698,0.40867424342928277
test_08699,0.21982111865483525
test_08700,0.9984342823750192
test_08701,0.9999984826864424
test_08702,6.993045954481143e-05
test_08703,0.10069368242058534
test_08704,6.389515400760663e-07
test_08705,0.02878927427674555
test_08706,0.035452556560252826
test_08707,0.9988647891756206
test_08708,0.9475124433948467
test_08709,0.9992094907574836
test_08710,0.00031855082752207573
test_08711,0.7513980405102499
test_08712,6.535496718026555e-05
test_08713,0.9994296464685415
test_08714,0.907166473808115
test_08715,0.05685871109395198
test_08716,0.9999944415281753
test_08717,0.5829516092217052
test_08718,0.30994714527335254
test_08719,0.9813869309018689
test_08720,0.9951382751417599
test_08721,0.9988473997811574
test_08722,0.9993417284428431
test_08723,0.9210761091390495
test_08724,0.057272728737379465
test_08725,0.9994149058602875
test_08726,0.9974402335670725
test_08727,0.11823575642029106
test_08728,0.0007037860637937584
test_08729,0.7459491378821405
test_08730,0.29935792819258633
test_08731,0.7428099540185754
test_08732,0.32745984537574346
test_08733,0.0005672193755523521
test_08734,0.9660676640449968
test_08735,0.004961727201087021
test_08736,0.999994737471401
test_08737,0.0002024480329863428
test_08738,0.7940485550766097
test_08739,0.001986725487655621
test_08740,0.0647420940277225
test_08741,0.0032261252584866425
test_08742,0.01847148909067965
test_08743,0.00023635942554575134
test_08744,0.7317773530135167
test_08745,0.9997180120774315
test_08746,0.00033342284755977605
test_08747,0.999669351308262
test_08748,0.05203464000312536
test_08749,0.01907283811048324
test_08750,0.1823348051458427
test_08751,0.00042108661986732054
test_08752,0.03034861399036255
test_08753,0.9939856754798473
test_08754,0.0006431977531786154
test_08755,0.9796376325503839
test_08756,0.9584688199862667
test_08757,0.9989242334601101
test_08758,0.016319825978609342
test_08759,0.005935352187380555
test_08760,0.0005141154458075601
test_08761,0.38948632287718177
test_08762,0.951270744148997
test_08763,0.005143283568564182
test_08764,0.936406182135211
test_08765,0.003432691810817315
test_08766,0.9975887061190668
test_08767,0.00011135880161554867
test_08768,0.9999962686800871
test_08769,0.0904548372792867
test_08770,0.9999911659394587
test_08771,0.08534800218292443
test_08772,0.00011100594284877736
test_08773,0.0004177860507926404
test_08774,0.000982150317504448
test_08775,0.8009154695046347
test_08776,0.9997162133567672
test_08777,1.9738010911983413e-07
test_08778,0.9566554605599097
test_08779,0.6910952044780753
test_08780,0.7945116040817347
test_08781,0.9992570248655437
test_08782,0.16015901372629993
test_08783,0.9999976544833625
test_08784,0.9906133833795492
test_08785,0.11425468220579439
test_08786,0.9202591001235311
test_08787,0.08985848067225656
test_08788,0.03311704436786804
test_08789,0.5829939857003026
test_08790,0.00037494475157889265
test_08791,0.10592821852916898
test_08792,0.0013183745524908133
test_08793,0.0020382158507608566
test_08794,0.14632944453425625
test_08795,0.9999924562524988
test_08796,0.9990139749622465
test_08797,0.2864936403898097
test_08798,0.3751714461659501
test_08799,0.9989678178026816
test_08800,0.6902726820341186
test_08801,0.9995958308313964
test_08802,0.9400265615967783
test_08803,0.9999973728281892
test_08804,0.4514343046126663
test_08805,0.9998467361719579
test_08806,0.7715269867373435
test_08807,0.005365504217611041
test_08808,0.9859081935768031
test_08809,0.9370411837467685
test_08810,0.005807667583325019
test_08811,0.999516396425055
test_08812,0.02214120564384234
test_08813,0.9986026047282078
test_08814,1.0166803291487302e-05
test_08815,0.0008233175691294633
test_08816,0.0009037124378107829
test_08817,0.9996415609826772
test_08818,0.012386266360891766
test_08819,0.9999960785643811
test_08820,0.9734173469052163
test_08821,0.00948353424903875
test_08822,0.9706145154921925
test_08823,0.1743096564282468
test_08824,0.033603109688127186
test_08825,0.2451106250043661
test_08826,0.0027287522325683297
test_08827,0.9997714230669245
test_08828,0.989603526604579
test_08829,0.10807771370772859
test_08830,0.9999864652971754
test_08831,0.8215228931063489
test_08832,0.0002775073066062985
test_08833,0.9994423878585272
test_08834,0.7391672183169595
test_08835,0.9849704656039941
test_08836,0.570220320246117
test_08837,0.02214711939707045
test_08838,0.9794887880708288
test_08839,0.9999361355008747
test_08840,0.7998223313736715
test_08841,0.8086328770183677
test_08842,0.0014445382494467525
test_08843,0.6357791387023959
test_08844,0.07262707364084281
test_08845,0.00013156231788610657
test_08846,0.9857110477300625
test_08847,0.9460309282163056
test_08848,0.012891045726310361
test_08849,0.001282978551788872
test_08850,0.9930259534690831
test_08851,0.008541931135595156
test_08852,0.017057081262260382
test_08853,0.9835828544093148
test_08854,0.973156007545225
test_08855,0.6666195305140258
test_08856,0.9802903173775448
test_08857,0.9934632247746671
test_08858,0.9991930042581039
test_08859,3.7068636581859455e-05
test_08860,0.9999112443063515
test_08861,0.9799770929043997
test_08862,0.005120910192990613
test_08863,0.07784451750239457
test_08864,0.014878548142378661
test_08865,0.004399997489135734
test_08866,0.8221704130439283
test_08867,0.9186528062904482
test_08868,3.0203459179356663e-05
test_08869,0.2916098982059998
test_08870,0.9953976067211249
test_08871,0.9991976613033469
test_08872,0.3368076165463587
test_08873,0.9998611633625732
test_08874,9.276768777000468e-06
test_08875,0.9996799222420905
test_08876,0.9918853230962401
test_08877,0.5469805819315652
test_08878,0.2666962963520268
test_08879,0.9538430520385808
test_08880,0.20713272632467666
test_08881,0.9999777722107307
test_08882,0.033780992086595456
test_08883,0.0011058438336610842
test_08884,0.9998449715227975
test_08885,0.00985646864202729
test_08886,0.0009460980687821586
test_08887,0.0012895741898927959
test_08888,0.09850775611503287
test_08889,0.9999046530736813
test_08890,0.5497740326852851
test_08891,0.043901531172824464
test_08892,0.24183349625549178
test_08893,0.017851820301926377
test_08894,0.9907303991138074
test_08895,0.023427310449508403
test_08896,0.9999985383148868
test_08897,9.191279931876315e-08
test_08898,0.6514871780982091
test_08899,0.0007940968231933548
test_08900,0.9996256372551208
test_08901,0.9994065124584827
test_08902,0.5912975205449159
test_08903,0.995036373098929
test_08904,0.9998427215503215
test_08905,0.960130351119774
test_08906,0.9928495139733504
test_08907,0.9997801732606325
test_08908,0.9973760933005441
test_08909,0.15195984501751375
test_08910,4.867705607090663e-05
test_08911,0.9968539743514931
test_08912,0.0847690888707462
test_08913,0.0013435089277507052
test_08914,5.804352914491384e-06
test_08915,0.13918214595583234
test_08916,0.997046170035395
test_08917,0.9958750281643246
test_08918,0.9991049426884363
test_08919,0.766447067081156
test_08920,1.1716877508549116e-06
test_08921,0.8240461096922646
test_08922,0.10454060734237437
test_08923,0.9870852863336324
test_08924,0.9999686144583462
test_08925,0.9996561280637742
test_08926,0.006696210313195767
test_08927,0.14638676183551216
test_08928,0.013435008165979872
test_08929,0.9999736325750961
test_08930,0.9999907700236933
test_08931,0.06198395205401946
test_08932,0.2150452005313909
test_08933,0.46450389287987437
test_08934,0.05424593110383068
test_08935,0.999979542937533
test_08936,0.9996526053736339
test_08937,0.9711008498466457
test_08938,0.9940844968055818
test_08939,1.5207682653501197e-06
test_08940,0.00048799653206241163
test_08941,0.007025053064556175
test_08942,0.6044394064059836
test_08943,0.997741406495179
test_08944,0.9999870644775375
test_08945,0.9975376788437342
test_08946,0.9686752794004242
test_08947,0.8207672302195169
test_08948,0.9804607903992401
test_08949,0.00038837979341477204
test_08950,0.001333155351682195
test_08951,0.9966645003117929
test_08952,0.8405249120754031
test_08953,0.8812188462784274
test_08954,0.7154041860571975
test_08955,0.9999270949726945
test_08956,0.9989801912449059
test_08957,0.05771190671787625
test_08958,7.479095659619616e-05
test_08959,0.007686342577480806
test_08960,0.8955019765416103
test_08961,0.005623407141911294
test_08962,0.002425632846161207
test_08963,0.0002945298812023175
test_08964,0.0008768283214837846
test_08965,3.730300513616217e-05
test_08966,0.9974268921137905
test_08967,0.0007433090841508164
test_08968,0.9938025725369825
test_08969,9.774190905862862e-05
test_08970,0.9992402402314885
test_08971,0.0002856250922350656
test_08972,8.143542614151915e-06
test_08973,0.9997564007670963
test_08974,0.6545399056770723
test_08975,0.28477628385472276
test_08976,0.0005018033019958961
test_08977,0.9525399237848605
test_08978,0.7960076051652578
test_08979,0.7093747514478655
test_08980,0.9923845058272871
test_08981,0.9999724679771307
test_08982,0.9993205197894087
test_08983,0.2536371529715696
test_08984,0.025895494737660507
test_08985,0.0012028034356628475
test_08986,0.9951445501008696
test_08987,0.00016408825176221633
test_08988,0.0055854815777162245
test_08989,0.997976160603055
test_08990,0.00024162020283891275
test_08991,0.001227305028498736
test_08992,0.00857521569948863
test_08993,0.18534288578235658
test_08994,0.9999200140551762
test_08995,7.294877086568714e-08
test_08996,0.999593884975749
test_08997,0.9976309984291961
test_08998,0.9404764509618849
test_08999,0.9233925477371636
test_09000,0.9998599772380233
test_09001,0.8302572305074238
test_09002,0.0020202642912434325
test_09003,0.9886752683328189
test_09004,0.00216428111792382
test_09005,0.9999928883765203
test_09006,0.9998922562656303
test_09007,0.8541413542673275
test_09008,0.12569129158786443
test_09009,0.9556720453386633
test_09010,0.9916828558454577
test_09011,2.961379856358709e-05
test_09012,0.9927489940859147
test_09013,0.9425446941431803
test_09014,0.01345369850621861
test_09015,0.9172035299274576
test_09016,0.8928934478379013
test_09017,0.9543857118870416
test_09018,0.9999847502309681
test_09019,0.985875726385059
test_09020,0.012762068599450324
test_09021,0.10578885323536093
test_09022,0.9998908433356654
test_09023,0.0006426457619644763
test_09024,0.499905420227145
test_09025,0.9972763392200173
test_09026,0.9999953182830014
test_09027,0.8405668313199305
test_09028,0.36932629455937227
test_09029,7.639240213303065e-05
test_09030,0.9999011034935543
test_09031,0.021024168323204605
test_09032,0.9994278222044186
test_09033,0.9147815923047476
test_09034,0.000154012835852466
test_09035,0.019796330128805655
test_09036,4.885476711024963e-05
test_09037,0.0001845494934872174
test_09038,0.00011452913449088281
test_09039,0.00029221312405222513
test_09040,0.9887515210808215
test_09041,0.8004068591183205
test_09042,0.9995766860759508
test_09043,0.02584562733387981
test_09044,0.8865295054895899
test_09045,0.021141774515734162
test_09046,0.9835077869088044
test_09047,0.001658377476236088
test_09048,0.003952654336174015
test_09049,0.999983427432797
test_09050,0.010302071198348884
test_09051,0.8921942132323878
test_09052,0.9957038453093382
test_09053,0.9875316761325039
test_09054,0.8991376295417948
test_09055,0.005791996149779772
test_09056,0.0010524566081500646
test_09057,1.9361314651647846e-05
test_09058,0.7729655130087263
test_09059,0.0010752761469324662
test_09060,0.9939797731635155
test_09061,0.00344601074073009
test_09062,0.03556482546458128
test_09063,0.9981340206623773
test_09064,0.007611829238596206
test_09065,0.9954954534949975
test_09066,0.4057747588964305
test_09067,0.9914576148387084
test_09068,1.569671915012501e-05
test_09069,0.00019625885740262805
test_09070,0.0043929622622131985
test_09071,0.45147944495728165
test_09072,0.9993896933297022
test_09073,0.9999992119646676
test_09074,0.9990793421183026
test_09075,0.8282563254989515
test_09076,0.5676436959261197
test_09077,0.999577561452742
test_09078,0.9999912781190335
test_09079,0.9994718645234123
test_09080,0.9932815716135835
test_09081,0.9708774329457798
test_09082,0.0013143754103475366
test_09083,0.9781931106387254
test_09084,0.0001055016636790779
test_09085,0.9998149662503436
test_09086,0.9987989343136878
test_09087,0.0001446568072353623
test_09088,0.008918922053447598
test_09089,0.38720372581395124
test_09090,0.16600440698920407
test_09091,0.018772638936930246
test_09092,2.5051321048180978e-05
test_09093,0.0616208407223825
test_09094,0.9980444989282612
test_09095,0.9824174592975305
test_09096,1.5582361309841335e-07
test_09097,0.06795963114749679
test_09098,0.9920238934886659
test_09099,0.19914331571279384
test_09100,0.2921408081765575
test_09101,0.02520708650719859
test_09102,0.01880545209919694
test_09103,0.05365081187227469
test_09104,0.999947453852622
test_09105,0.032010961686653044
test_09106,0.7681045106959902
test_09107,0.0005378684036942573
test_09108,0.992518040009813
test_09109,4.006760703738406e-05
test_09110,0.996370613392206
test_09111,0.99995924047579
test_09112,0.9854034339347567
test_09113,0.9887102782738217
test_09114,0.008651311871772304
test_09115,0.014503591981563313
test_09116,0.9999835698174161
test_09117,0.0002393382728094989
test_09118,0.9994002065705603
test_09119,0.005809234865480528
test_09120,0.9999838249697972
test_09121,0.9641905221664928
test_09122,0.9999214341542528
test_09123,0.0006385424306012527
test_09124,0.9698315405388089
test_09125,0.996980013442444
test_09126,0.0002181262737706347
test_09127,0.9998767869834845
test_09128,8.346964763084686e-05
test_09129,0.1917227525637855
test_09130,8.6663039966983e-07
test_09131,0.01650310223327766
test_09132,0.7015007702664448
test_09133,0.006625080616385171
test_09134,0.030494985211892377
test_09135,0.9999891979661212
test_09136,0.9993913305805623
test_09137,0.9982966477667978
test_09138,0.9301671100165884
test_09139,0.12280875055649396
test_09140,0.9996167862473557
test_09141,0.003963734047692642
test_09142,6.211764311430685e-05
test_09143,0.15524946481821078
test_09144,0.9754541990098634
test_09145,0.997623845057658
test_09146,5.727977823627104e-06
test_09147,0.9868208159718549
test_09148,2.79815563686576e-06
test_09149,0.7254641106137234
test_09150,0.007986003337072074
test_09151,0.005192305165717719
test_09152,0.0013027866881216196
test_09153,0.16396640287088088
test_09154,0.8361149723419886
test_09155,0.985761560588652
test_09156,0.14530225407765554
test_09157,0.00012899571427851816
test_09158,0.9778618307139675
test_09159,0.046691470570636745
test_09160,0.9756709619496418
test_09161,0.9999476853267215
test_09162,0.0017258831497424655
test_09163,0.9964108080461244
test_09164,0.5669853538688716
test_09165,2.8368366211436552e-05
test_09166,0.9651462698852368
test_09167,0.06705125695671735
test_09168,0.9999485400535378
test_09169,0.9993373895292349
test_09170,0.18778288692891004
test_09171,0.911811930983418
test_09172,0.9901629169491758
test_09173,0.9997170484369637
test_09174,0.14588583798838675
test_09175,0.00014168544694581896
test_09176,0.1488591458571873
test_09177,0.795336384552995
test_09178,0.997790964974626
test_09179,0.15136381889843206
test_09180,0.01635487486672307
test_09181,0.04124491772627542
test_09182,0.9999417981751079
test_09183,0.0025425437178448564
test_09184,1.963742464448131e-05
test_09185,0.06674716107271633
test_09186,0.21607631675966346
test_09187,0.9996487981109784
test_09188,0.007880867459361956
test_09189,0.008201312174397344
test_09190,0.9997442000611176
test_09191,0.9919267859570313
test_09192,0.0001770941231302441
test_09193,0.9997774208798202
test_09194,0.04387250887473805
test_09195,0.9999982003703444
test_09196,0.9998515639640287
test_09197,0.9337064343537643
test_09198,0.029515860718653714
test_09199,0.979510007237064
test_09200,0.00149142107111817
test_09201,0.5701964584675683
test_09202,0.00674489213038565
test_09203,0.9999468093391843
test_09204,0.9994524876834835
test_09205,0.27784778930376786
test_09206,0.5296184858409742
test_09207,0.0040759753710492026
test_09208,0.15700536028767204
test_09209,2.9307826210462416e-06
test_09210,0.653888416849611
test_09211,0.8630074487500371
test_09212,3.289366382810523e-05
test_09213,0.999879823936367
test_09214,0.31146343113828806
test_09215,0.9220561073554963
test_09216,0.02718467818080563
test_09217,0.6039707138898833
test_09218,0.9988136312100024
test_09219,0.9801823713715252
test_09220,0.955067578216131
test_09221,0.9527521410959795
test_09222,0.012673125519782252
test_09223,0.6238875084562145
test_09224,0.9979998355338707
test_09225,0.9999352838651756
test_09226,0.9996149261293683
test_09227,7.409663004721568e-05
test_09228,0.0005437156634662955
test_09229,0.006185534171150313
test_09230,0.8656229775649378
test_09231,0.9211465062080165
test_09232,0.0003934933901850685
test_09233,0.0219368977514064
test_09234,0.9889450413138398
test_09235,0.0035414625373017556
test_09236,0.0011987645328945264
test_09237,0.9949249789211706
test_09238,0.9999493387528027
test_09239,0.8347552386202224
test_09240,0.015609031088885733
test_09241,0.08227193246623327
test_09242,0.9983179430280458
test_09243,0.0003464120320880151
test_09244,0.33478348927723584
test_09245,0.99999285688153
test_09246,0.9288738517246377
test_09247,0.12904205344965916
test_09248,0.5238180548275037
test_09249,0.9995985948816672
test_09250,0.002075222607237163
test_09251,0.0011503439259697113
test_09252,0.0007211382002263933
test_09253,0.9997938047686944
test_09254,0.6898729643227761
test_09255,0.19220557603960312
test_09256,0.9831433989432992
test_09257,0.061740430511434394
test_09258,0.024606127831685625
test_09259,0.9910475413033086
test_09260,4.4897385805873936e-05
test_09261,0.025023053295730922
test_09262,0.9975416478861567
test_09263,0.5822133475243785
test_09264,0.7043556418849963
test_09265,0.9961273061598437
test_09266,0.9992552705811628
test_09267,0.9214439723897194
test_09268,0.9988375061867886
test_09269,0.7898561065946573
test_09270,0.0008098693940382445
test_09271,0.987725206210231
test_09272,0.9999023547236677
test_09273,0.9999894396300928
test_09274,0.14881694728641864
test_09275,0.0003801398395179745
test_09276,0.9518411971100244
test_09277,0.9988883913982728
test_09278,0.5426353418094825
test_09279,2.096725427882593e-05
test_09280,0.013687863935502491
test_09281,0.05185108542531786
test_09282,0.0012857863290703679
test_09283,8.688090625435838e-05
test_09284,0.9987669993550272
test_09285,0.06314796321206569
test_09286,1.6866651867592722e-05
test_09287,0.9994441832705758
test_09288,0.13459424953984087
test_09289,0.9876656985471177
test_09290,3.486009620357909e-05
test_09291,0.9998931729865411
test_09292,0.9687143657395287
test_09293,1.6624885529410266e-05
test_09294,2.748107222519163e-06
test_09295,0.0015586178045699458
test_09296,0.0322672427948758
test_09297,0.9123689176189518
test_09298,0.9832275010845685
test_09299,0.0003786405723712035
test_09300,0.0007671765306403618
test_09301,0.00012803555849523116
test_09302,0.9977070030624501
test_09303,0.9999308220156851
test_09304,0.26587602813515515
test_09305,0.7386386352788719
test_09306,0.014424579129315456
test_09307,0.010341812646323641
test_09308,0.0002869152550473421
test_09309,0.9706527528004651
test_09310,0.9988068970162842
test_09311,0.1698778122346383
test_09312,0.9862016441887783
test_09313,0.8913312580780315
test_09314,1.611208008099261e-06
test_09315,0.01786934058083428
test_09316,0.4148010218538529
test_09317,0.999658395353928
test_09318,0.9868622767523657
test_09319,0.0749736122034558
test_09320,0.9901789354222291
test_09321,0.9530939642071761
test_09322,0.9998262258885525
test_09323,0.9999994513143002
test_09324,0.6898293040468735
test_09325,0.9999744532290886
test_09326,0.9498833712156861
test_09327,4.035563430256316e-05
test_09328,0.5058798011879153
test_09329,0.07812541462537055
test_09330,0.021495690253851302
test_09331,0.9999999890119659
test_09332,0.007700288114146884
test_09333,0.254006599034334
test_09334,0.9999011280365063
test_09335,0.005334659224929646
test_09336,0.039441968664887056
test_09337,0.19713224786073832
test_09338,0.2794231584298799
test_09339,0.011644894355580488
test_09340,0.7953472630419856
test_09341,0.0004568932282261863
test_09342,0.5340247416376365
test_09343,0.00022129064113744009
test_09344,0.9519831029965882
test_09345,0.7613408678359795
test_09346,0.40820691059036796
test_09347,6.797847377524319e-06
test_09348,0.606737972257373
test_09349,0.018350092492671406
test_09350,0.9938031905833257
test_09351,0.9836201122589646
test_09352,0.0002338577443568367
test_09353,0.011446345249465256
test_09354,0.9880002655139308
test_09355,0.9999900178317341
test_09356,0.9920324838724379
test_09357,0.9976912314362881
test_09358,0.0045744741381308915
test_09359,3.9888304971244616e-05
test_09360,0.514204852259421
test_09361,0.23689379083338105
test_09362,0.0003341042307048006
test_09363,0.9409244793746114
test_09364,1.5230322288442368e-06
test_09365,0.0004471912958489689
test_09366,0.7949280257105306
test_09367,0.24553567120169062
test_09368,0.3164879115020117
test_09369,0.39733949560543924
test_09370,0.004827981653791623
test_09371,0.014760979040949003
test_09372,0.992237504220589
test_09373,6.23191195088855e-05
test_09374,0.9999379513504535
test_09375,0.08788220516606929
test_09376,0.0011116734466119433
test_09377,0.6562323419963699
test_09378,0.9894154401096034
test_09379,0.9999928350809898
test_09380,0.003057032213614145
test_09381,0.18731723679338275
test_09382,0.9999948798568427
test_09383,0.9889137217256464
test_09384,0.0009354352668620675
test_09385,0.9999937168375197
test_09386,0.9985848163918091
test_09387,0.9974310015095172
test_09388,0.9414523316169403
test_09389,0.9834311228082999
test_09390,0.9991524169669481
test_09391,0.004320754839151859
test_09392,0.0015557246789726757
test_09393,0.12224372823292246
test_09394,0.999909845921764
test_09395,0.43594916226409225
test_09396,0.5981721386486334
test_09397,0.021609472221835437
test_09398,0.9536357130721653
test_09399,0.003453048416031153
test_09400,0.6396609883716492
test_09401,0.9149354176405707
test_09402,0.966762730685087
test_09403,0.0059690714597178405
test_09404,0.9713696285807364
test_09405,0.009355841468964527
test_09406,0.5501987514811214
test_09407,0.9986570849463543
test_09408,0.17932386094940475
test_09409,0.26500018380811025
test_09410,0.9999989340000951
test_09411,0.9999928339825809
test_09412,0.9421194153071223
test_09413,0.9999034083977095
test_09414,2.3286706611096848e-05
test_09415,0.9979946187833647
test_09416,0.9991139781467943
test_09417,0.00023936300132985236
test_09418,0.999373472852778
test_09419,0.7799187985389894
test_09420,0.9990897603028546
test_09421,5.920727199942326e-05
test_09422,0.02267376188925753
test_09423,0.8856627401702212
test_09424,0.9996519092194356
test_09425,0.010788495079303191
test_09426,0.9503214116412486
test_09427,0.004043285723339123
test_09428,0.0002888712927805767
test_09429,0.9989304597290679
test_09430,0.9998752048367915
test_09431,0.9993714529459081
test_09432,0.09079781988735885
test_09433,0.8313891195524299
test_09434,0.9996762272899019
test_09435,0.9632740755680984
test_09436,0.006740345087320727
test_09437,0.0011923442081293143
test_09438,0.9363973657312327
test_09439,0.06873123574661236
test_09440,0.9999727493429938
test_09441,0.0695269377805341
test_09442,0.0005315335647281132
test_09443,0.8978685045107389
test_09444,0.909738104724433
test_09445,0.2163424248695373
test_09446,0.6318767417594557
test_09447,0.3823652949315571
test_09448,0.8982511659477905
test_09449,0.9980789616010692
test_09450,0.9995477556506039
test_09451,0.00037194277471588346
test_09452,0.999938156376914
test_09453,0.9992758424381535
test_09454,0.10667796597946917
test_09455,0.9999887886250387
test_09456,0.9844961533122468
test_09457,0.00015476298688350557
test_09458,0.011596367099796402
test_09459,0.9994019834281972
test_09460,0.9990470675395712
test_09461,0.9993700781050336
test_09462,0.22947493261054394
test_09463,0.0014044742462358637
test_09464,0.36653607370769997
test_09465,0.9999776554849896
test_09466,0.001747834440972543
test_09467,0.9986645620323774
test_09468,0.5320619710951131
test_09469,0.001240695580693156
test_09470,0.999979348707284
test_09471,0.6758052565525382
test_09472,0.9978885506615525
test_09473,0.06136612277570659
test_09474,0.8230523221411339
test_09475,0.99974051203898
test_09476,0.40726381974358916
test_09477,0.21706252696185369
test_09478,2.7508766993813684e-05
test_09479,0.7999030834631647
test_09480,0.0006629126560903616
test_09481,0.002745205029364313
test_09482,0.005465776073031369
test_09483,0.3103429338588489
test_09484,0.0035856074150896864
test_09485,0.005113657694228049
test_09486,0.5470273937170688
test_09487,0.9998216750858127
test_09488,0.010552491702615166
test_09489,0.7778622752086888
test_09490,0.00037592938547221426
test_09491,0.21287083123017195
test_09492,0.9999971460317375
test_09493,0.09684774253022325
test_09494,0.5596506499971403
test_09495,0.09111443306583265
test_09496,0.010978713565463392
test_09497,0.00011908796506563294
test_09498,0.9995268252602998
test_09499,0.9148960878532426
test_09500,0.9999432049667217
test_09501,0.999377066719472
test_09502,8.481166063364718e-05
test_09503,0.5021797936928499
test_09504,0.2635818615819383
test_09505,0.9998879556176431
test_09506,0.9371958855101657
test_09507,0.999623411681124
test_09508,0.9999924758715331
test_09509,0.3454097946568599
test_09510,0.27641784873061087
test_09511,0.0031346304427875074
test_09512,0.001998647881399395
test_09513,0.5790841289557069
test_09514,0.9999758684976243
test_09515,0.00158810400906897
test_09516,0.3309381433558837
test_09517,0.3897221393383204
test_09518,7.603533602250856e-05
test_09519,0.9996827574999206
test_09520,0.539213880966056
test_09521,0.9990955149167938
test_09522,0.0004973772729885583
test_09523,8.296297573793174e-06
test_09524,0.9817599799956653
test_09525,0.9983473486873375
test_09526,0.99947880273336
test_09527,0.36125165730541003
test_09528,0.023115115620068048
test_09529,0.9925774257132561
test_09530,0.0006134482373814426
test_09531,0.012219861731080358
test_09532,0.00011261360307115986
test_09533,0.9996465017151993
test_09534,0.9725617812701207
test_09535,0.05247909949369201
test_09536,0.0016856700715567102
test_09537,0.999999319447884
test_09538,0.006057583178238143
test_09539,0.9582113027424036
test_09540,1.471435346304405e-05
test_09541,0.47396563748382653
test_09542,0.0007220653167541592
test_09543,0.999788964347371
test_09544,0.9998906381550636
test_09545,0.8686426527434804
test_09546,0.0020981674151991
test_09547,7.062776724441221e-05
test_09548,5.858757009938048e-05
test_09549,0.9918256703924376
test_09550,8.101461313980443e-07
test_09551,0.0069183162938637344
test_09552,0.9939834272983918
test_09553,0.0022995293866567407
test_09554,0.00012130314531730432
test_09555,0.00015519460441206845
test_09556,0.5105142927971461
test_09557,0.7106811374464175
test_09558,0.0014168097213492947
test_09559,0.993048310500876
test_09560,0.0780578071076798
test_09561,0.0017954399250551213
test_09562,0.9999160896914305
test_09563,0.0022068556848675296
test_09564,0.9742951330267148
test_09565,0.9999822004365606
test_09566,0.028871227061654698
test_09567,0.9988881159695489
test_09568,0.9995439562511902
test_09569,0.0288047088932534
test_09570,0.004318846286120706
test_09571,0.21489426992219024
test_09572,0.15169630004528784
test_09573,0.9948071509278273
test_09574,0.99999502565795
test_09575,0.6726825446519545
test_09576,0.013192049491219202
test_09577,0.0004103298023541259
test_09578,0.07779439906539237
test_09579,0.9996534631073095
test_09580,0.002610678376987625
test_09581,0.950843454757834
test_09582,0.6042138991085177
test_09583,0.0002838805874440575
test_09584,0.9994957548057575
test_09585,0.6575675256064782
test_09586,0.6701441046975277
test_09587,2.0262762885182e-05
test_09588,0.9998044536557962
test_09589,0.9987270494685329
test_09590,0.95042726765615
test_09591,0.999336116355001
test_09592,0.998820942912219
test_09593,0.0008005514278915846
test_09594,0.9992739011940504
test_09595,0.9909606061823273
test_09596,0.9999654821329523
test_09597,0.9981852406881154
test_09598,0.5406487228894843
test_09599,9.678842852000198e-05
test_09600,0.1180888236680079
test_09601,0.923114431683927
test_09602,0.4059301494288192
test_09603,0.004621852259948136
test_09604,1.0146489339268273e-05
test_09605,0.8825801372742456
test_09606,0.17571503368660357
test_09607,0.56687115159518
test_09608,0.021058425187167645
test_09609,0.996712935767443
test_09610,0.9943125046182639
test_09611,0.14642815802297368
test_09612,0.9999781452628533
test_09613,0.012434257371380918
test_09614,0.75223554259298
test_09615,0.0010442009427264968
test_09616,0.0020057194317986055
test_09617,0.9999651617122297
test_09618,0.0887075158140213
test_09619,0.6012946254182707
test_09620,0.9999773354496233
test_09621,0.9988972494487216
test_09622,0.0015301566897507684
test_09623,0.9998894556813216
test_09624,0.0031732055434108247
test_09625,0.9999998943754256
test_09626,0.9981227221723742
test_09627,0.03917940859763288
test_09628,0.004155545172019885
test_09629,0.9761577010092406
test_09630,0.975304412061772
test_09631,6.220354832892812e-06
test_09632,4.389899666107042e-05
test_09633,0.993681467699468
test_09634,0.06800183939461163
test_09635,0.6759425641031714
test_09636,0.0005395728290132714
test_09637,0.5172116894032918
test_09638,0.21411631298359662
test_09639,0.995710221437041
test_09640,0.012959315182852106
test_09641,0.002963479218907094
test_09642,0.018610018449623837
test_09643,0.8948997608889636
test_09644,0.012237295200974482
test_09645,0.7892765435662245
test_09646,1.076714959584064e-05
test_09647,0.04404442776853423
test_09648,0.5487819190081461
test_09649,0.0002741387846338011
test_09650,0.018420344822401676
test_09651,0.025575683707745482
test_09652,0.2339330555510876
test_09653,0.766265002005705
test_09654,4.600322580219903e-05
test_09655,0.3642891475368397
test_09656,0.9999758884680029
test_09657,0.00015285769934287997
test_09658,0.0006071969525652478
test_09659,0.8738563234912428
test_09660,0.9962225080399963
test_09661,0.9962657180522053
test_09662,0.01065608556086776
test_09663,0.9999610693888815
test_09664,0.8068663451128756
test_09665,0.14085644212628415
test_09666,0.9648508490811999
test_09667,0.0013122854934481231
test_09668,1.5507306884189514e-06
test_09669,0.9990562848070798
test_09670,0.0030002651573357653
test_09671,0.0007445974813045091
test_09672,0.817639330721496
test_09673,9.503770277921654e-05
test_09674,0.04510578240978957
test_09675,0.04616554961592841
test_09676,0.9595482315790584
test_09677,0.15852806367097044
test_09678,0.8512227013709737
test_09679,0.16392115602705168
test_09680,0.9996427735825366
test_09681,0.8777370021957659
test_09682,0.019259231757059618
test_09683,0.03743764222698793
test_09684,0.8665593523183545
test_09685,0.7478995373343834
test_09686,0.004415730681363738
test_09687,8.233788294762167e-05
test_09688,0.8819808077109219
test_09689,1.2583962622958028e-05
test_09690,0.8737129554070059
test_09691,0.9949213179298713
test_09692,0.652641169962233
test_09693,0.6119283815687279
test_09694,0.9994196980225091
test_09695,0.0022365948715290986
test_09696,0.04491476168167936
test_09697,0.9971263885412663
test_09698,0.9972951906558933
test_09699,0.014980736471755927
test_09700,0.2372463127768568
test_09701,0.4088492759877366
test_09702,0.9972630535812846
test_09703,0.8001976840743864
test_09704,0.9449951605595472
test_09705,0.9999431594606067
test_09706,0.5945485891146558
test_09707,0.999992274332761
test_09708,0.8517919818920875
test_09709,0.0006467559461942648
test_09710,0.028949403406009554
test_09711,0.00022275740405875485
test_09712,0.0024168608246878465
test_09713,0.9948298963995381
test_09714,0.9877729708790222
test_09715,0.0013775094478345722
test_09716,0.006499387316268091
test_09717,0.9494495252713313
test_09718,0.4534482638175281
test_09719,0.005851635732246235
test_09720,0.11338930812045231
test_09721,0.030083666482579385
test_09722,0.0007784804755162288
test_09723,0.9724353596655542
test_09724,0.11332071900426542
test_09725,0.9993667071282277
test_09726,0.056165486453550455
test_09727,0.9993033155797425
test_09728,0.00031316644874653584
test_09729,0.02554543285930868
test_09730,0.9998326964213942
test_09731,0.053237147217744585
test_09732,0.32174218342775684
test_09733,0.773395697594481
test_09734,0.0026456155952134072
test_09735,0.000665483315152854
test_09736,1.1266178164849451e-05
test_09737,0.9958852527068922
test_09738,0.00036689390304348176
test_09739,0.021150317796361125
test_09740,0.002795796080968828
test_09741,0.01351245527705805
test_09742,5.367486135180141e-05
test_09743,0.991100398340722
test_09744,0.9998490763157537
test_09745,0.9286727812270593
test_09746,0.9653639060139552
test_09747,0.9899491516832488
test_09748,0.7491321145218262
test_09749,0.9999749365341459
test_09750,0.9996529942619837
test_09751,0.8526958183194104
test_09752,0.766585933915504
test_09753,0.9848395923578425
test_09754,9.8569036770125e-05
test_09755,0.9704226401124003
test_09756,0.9987160259806716
test_09757,0.9940449631255028
test_09758,0.9957028003538377
test_09759,0.9969522729066463
test_09760,0.0011523907599936874
test_09761,0.010806564347065815
test_09762,0.0032710795570452754
test_09763,0.9985801550277089
test_09764,0.0034173176618756984
test_09765,4.449114558801731e-05
test_09766,0.001685999310508119
test_09767,0.010872546389317145
test_09768,0.9995322453085679
test_09769,0.00024144811158096697
test_09770,0.004199671210455225
test_09771,0.5352068928335865
test_09772,0.999569229894572
test_09773,0.9993518779777479
test_09774,0.007035475001763696
test_09775,0.003402778832009479
test_09776,0.8500100883794665
test_09777,0.9799601699113214
test_09778,0.0001413523223101111
test_09779,0.9919804419431728
test_09780,0.0006367707232597055
test_09781,0.02472879377779455
test_09782,0.99620888897778
test_09783,0.9972316155871012
test_09784,0.0004079481918574498
test_09785,0.9999242769806282
test_09786,0.001714992636941723
test_09787,0.8732104800574907
test_09788,0.9999319903252847
test_09789,0.7988850716531801
test_09790,0.0017017248425510222
test_09791,0.7899630955035258
test_09792,0.6906063280381004
test_09793,0.9602512019663557
test_09794,0.00932270131357791
test_09795,0.6176139974121648
test_09796,0.006135232932579614
test_09797,0.2869435841135326
test_09798,0.9999797966107519
test_09799,0.9940439946276802
test_09800,0.7249248237125749
test_09801,0.004157149600412508
test_09802,0.9999770195410368
test_09803,0.9960527126394623
test_09804,0.9184535540851996
test_09805,0.5281435038010086
test_09806,0.9999523236147332
test_09807,0.9999374888915363
test_09808,0.9866955652570275
test_09809,0.04671985659336803
test_09810,0.9998707282582218
test_09811,0.008968623367432909
test_09812,0.20694854253630257
test_09813,6.294257582792653e-05
test_09814,0.8672971021158686
test_09815,0.3558666812845267
test_09816,0.4831996879373951
test_09817,0.09995837945564992
test_09818,0.9998022497262511
test_09819,0.7124851579313335
test_09820,0.9975606681249272
test_09821,2.106194696384799e-06
test_09822,0.9999861778141524
test_09823,0.9999998752396979
test_09824,0.9981550972050477
test_09825,0.9998136365475373
test_09826,0.999984674184985
test_09827,0.9415528558242172
test_09828,0.9731856154754861
test_09829,0.42235314455920486
test_09830,0.9992218225212357
test_09831,0.9999837368954996
test_09832,0.9884416563103359
test_09833,0.9997746744797767
test_09834,0.9991610509975984
test_09835,6.092117678859039e-06
test_09836,0.99878280766334
test_09837,0.9998528406574003
test_09838,0.9999208048157406
test_09839,0.9970276271322464
test_09840,0.6991708097780484
test_09841,0.9987411935490148
test_09842,0.0036445489560479865
test_09843,0.0003369411253743018
test_09844,0.0005324022051590609
test_09845,0.10688963451304695
test_09846,0.9992267289235138
test_09847,0.0012824565527175679
test_09848,0.5331226447423633
test_09849,0.9997789059763527
test_09850,0.9964891096074955
test_09851,0.9915936197427409
test_09852,0.9900634982206207
test_09853,0.9999835195204523
test_09854,0.9816241615482055
test_09855,0.00011450264968730746
test_09856,0.002151803966751331
test_09857,0.9979154086038683
test_09858,0.8304156751984374
test_09859,0.001500330119763964
test_09860,0.05110853369359569
test_09861,0.9997991850891075
test_09862,0.11802576612964419
test_09863,0.9995868495994464
test_09864,0.9997946604786477
test_09865,0.023522292411970992
test_09866,0.9421403372973921
test_09867,7.681392319803382e-06
test_09868,0.999789807352904
test_09869,0.9992657398680286
test_09870,0.05859422942320976
test_09871,7.370453101899783e-05
test_09872,0.415808963771557
test_09873,0.9780586480118175
test_09874,0.10518198283554217
test_09875,0.9999937613934118
test_09876,0.9966314852546729
test_09877,0.022402623709716945
test_09878,0.0014356174274943727
test_09879,0.004847614615395181
test_09880,0.00040828163474054325
test_09881,0.9999938331112094
test_09882,0.021586094356410936
test_09883,0.005447784202095025
test_09884,0.9955141670706069
test_09885,0.9987868770434478
test_09886,0.9994616221759164
test_09887,0.011837601170689794
test_09888,0.17395830517608604
test_09889,0.994704206236594
test_09890,0.0009616785666828811
test_09891,0.2656616872702584
test_09892,0.9998970776760261
test_09893,3.729249200522757e-05
test_09894,0.9996250131078811
test_09895,0.011355325459712394
test_09896,0.16124153686600945
test_09897,0.9962116336172331
test_09898,0.9765909703489907
test_09899,0.9980486024450101
test_09900,2.8839340869593774e-05
test_09901,0.003100602767016798
test_09902,0.9965247137764095
test_09903,0.005039164113301332
test_09904,0.0002662355061554088
test_09905,0.9999561174555471
test_09906,0.090535020565164
test_09907,0.997094211681865
test_09908,0.00023921411926451313
test_09909,0.569273827815249
test_09910,0.02574627602821957
test_09911,0.9112223889162268
test_09912,0.04535516861384116
test_09913,0.1906001922425983
test_09914,0.10379309813351953
test_09915,0.01782134483323548
test_09916,0.9951483433359775
test_09917,0.006199874693640447
test_09918,0.7614639880867141
test_09919,0.8681546953436362
test_09920,0.0005149876799450848
test_09921,0.9971752855994814
test_09922,0.5696744766595477
test_09923,0.8247525363358961
test_09924,0.997498789231129
test_09925,0.9999289713818984
test_09926,0.9998186768596011
test_09927,0.002051956086602796
test_09928,0.03102661114077579
test_09929,0.997520636283208
test_09930,0.9997755766695472
test_09931,0.9885027138641728
test_09932,0.9999998909427482
test_09933,0.009980049458333555
test_09934,0.002299221139741629
test_09935,0.0236529179027893
test_09936,0.9999803304365652
test_09937,0.9999803498995543
test_09938,0.9998040956803386
test_09939,0.3123903773290467
test_09940,0.7468166608459382
test_09941,0.9977123168846922
test_09942,0.7682823542370273
test_09943,0.9999999764606077
test_09944,0.9960782513655209
test_09945,0.9997882829025403
test_09946,0.002803637104300409
test_09947,0.9999860494452094
test_09948,0.9643413901078695
test_09949,0.0035178491180395148
test_09950,0.15978111355186278
test_09951,0.9999117765081199
test_09952,0.04577455341255404
test_09953,0.01734919547372744
test_09954,0.001888292825557241
test_09955,0.3740706221827719
test_09956,0.9975878547957432
test_09957,0.002291856970750084
test_09958,0.7238007925137567
test_09959,0.9316488288640624
test_09960,0.999947251769924
test_09961,0.19131799873407435
test_09962,0.9996720579764244
test_09963,0.8454177276128776
test_09964,0.004375180425044699
test_09965,0.0018133570268123534
test_09966,0.9999372676685891
test_09967,0.0018666941448235068
test_09968,0.0015731796046995308
test_09969,0.41958415215687017
test_09970,0.005113190426016243
test_09971,0.001672365717777597
test_09972,0.035989156118837705
test_09973,0.4239840311494311
test_09974,0.9995692890997746
test_09975,0.00010583320951545928
test_09976,0.9920694186761284
test_09977,5.963983375166914e-05
test_09978,0.5122309376781964
test_09979,0.8925768038339724
test_09980,0.00705547334657122
test_09981,0.9884515642747865
test_09982,0.9999111909121473
test_09983,0.4830799295984487
test_09984,8.911796148244308e-05
test_09985,0.0069328581220032045
test_09986,0.7717204134284634
test_09987,0.0034691037419272343
test_09988,0.9998695763591461
test_09989,0.9984321502557301
test_09990,0.012580867936003291
test_09991,0.997791820850346
test_09992,0.0005986014474475513
test_09993,3.2550746605189346e-05
test_09994,0.9999991569559381
test_09995,0.9999966680089478
test_09996,0.9999936897093856
test_09997,0.20441057656263484
test_09998,0.005438503468062078
test_09999,0.9999901405607644
test_10000,0.7728835486077983
test_10001,0.9997773988519297
test_10002,0.9999242583157472
test_10003,0.9990001546166818
test_10004,0.9999299973423974
test_10005,0.002156687503803531
test_10006,0.9941540405841238
test_10007,0.11353922149330926
test_10008,0.9021424632029544
test_10009,0.0031119002995815773
test_10010,0.9999911402874873
test_10011,0.3904721185675519
test_10012,0.00012124759899256749
test_10013,0.061537565724616335
test_10014,7.1369593217500084e-06
test_10015,3.241305616868905e-05
test_10016,0.1477520028915702
test_10017,0.3131387070969765
test_10018,0.995536935175872
test_10019,0.0005033212308154399
test_10020,9.878437650331828e-05
test_10021,0.3736376233122542
test_10022,0.04824702436341337
test_10023,0.001039252771126797
test_10024,0.995545439333698
test_10025,0.0017614946462754942
test_10026,0.9961568928832841
test_10027,0.008785390248253944
test_10028,9.589300985966057e-05
test_10029,0.9992095442014629
test_10030,0.9518592807247036
test_10031,0.2620317487001208
test_10032,0.0006527242347920147
test_10033,0.0004716703765294253
test_10034,0.07965491754209973
test_10035,0.4633660570302699
test_10036,0.009168085117157469
test_10037,0.9999997323725042
test_10038,0.9998680911082256
test_10039,0.17576927368864304
test_10040,0.9493108737402313
test_10041,0.895353713784321
test_10042,0.09860983006508393
test_10043,0.9366729019544069
test_10044,0.9774727114229256
test_10045,0.2503045461052997
test_10046,0.9991988296469713
test_10047,0.6131656129631302
test_10048,0.5585313699472834
test_10049,0.916380221906443
test_10050,0.9039970947658922
test_10051,0.5638847738866353
test_10052,0.9936914028752063
test_10053,0.027911485806225107
test_10054,0.9769006319707514
test_10055,0.00011834291161249799
test_10056,0.6241177310183343
test_10057,0.9870764048137837
test_10058,0.7671695570325222
test_10059,0.997532596748047
test_10060,0.6588738806027822
test_10061,0.007591086370537507
test_10062,0.00019874387426790875
test_10063,0.9999958898762631
test_10064,1.551058148525005e-05
test_10065,1.899485869687981e-05
test_10066,0.9999655472886047
test_10067,0.9097741739667365
test_10068,0.7459219686796952
test_10069,0.01238985737198948
test_10070,0.7804548637225787
test_10071,0.9994473393694239
test_10072,0.012482514687267526
test_10073,0.12270788681091824
test_10074,0.00011108786893183198
test_10075,0.9939166890762894
test_10076,0.0009199076790167739
test_10077,0.860691181071826
test_10078,0.00037733421401030953
test_10079,0.982280446432159
test_10080,5.700119856606799e-06
test_10081,0.016142240901493327
test_10082,0.9998762738368911
test_10083,0.9784078899812504
test_10084,0.9823808287168739
test_10085,0.23559967003097948
test_10086,0.9962721018695551
test_10087,0.9988200816205159
test_10088,0.7926862191610641
test_10089,0.11592532104117347
test_10090,0.9645926181959057
test_10091,0.9997655131835077
test_10092,0.9994863926049545
test_10093,0.7185433646686123
test_10094,0.0011313318855669665
test_10095,0.9728403145039005
test_10096,0.0016347006402129011
test_10097,0.9999909433133208
test_10098,0.004186816905360846
test_10099,0.0007897749591388621
test_10100,0.9999997944644717
test_10101,0.9996695738990965
test_10102,7.13011893784553e-06
test_10103,0.001314824926366665
test_10104,0.999870264582935
test_10105,0.9999968736674263
test_10106,2.492836890070658e-05
test_10107,0.0068529565624050395
test_10108,0.999869534564135
test_10109,0.0011073012512986514
test_10110,0.0014790020829885781
test_10111,0.028789860484751153
test_10112,0.0018628293706921314
test_10113,0.9908277700065982
test_10114,0.46958725627382686
test_10115,1.4073856231884033e-07
test_10116,3.450059564041787e-05
test_10117,0.003294176694121518
test_10118,0.9688742807890398
test_10119,0.9999621355701596
test_10120,0.08602496440485753
test_10121,0.9999745709106304
test_10122,0.0005391159758246464
test_10123,0.49446277145308487
test_10124,0.6748775522167615
test_10125,0.000946817675859916
test_10126,0.006030175559987081
test_10127,0.00014223341862730583
test_10128,0.07147828795991996
test_10129,0.9906190854810155
test_10130,0.12968187498598754
test_10131,0.00042761219596068346
test_10132,0.005421660595111996
test_10133,5.80907168692333e-08
test_10134,0.04477011769690705
test_10135,2.8001829186176022e-05
test_10136,0.014927776997355688
test_10137,4.463713888481453e-06
test_10138,0.7311911032445333
test_10139,0.03891274329606669
test_10140,0.0005259661306494885
test_10141,0.0046880899290440885
test_10142,6.086076273605311e-05
test_10143,0.0007306491106881047
test_10144,0.2993149954354062
test_10145,0.03503259425818628
test_10146,0.0018417400738946123
test_10147,0.9999244148943345
test_10148,0.9990757173379596
test_10149,0.0021050653358600756
test_10150,0.9870088516130118
test_10151,0.0032117431022350173
test_10152,0.0025574296241245354
test_10153,0.9990849985640178
test_10154,0.9742138668072661
test_10155,0.020129771649984005
test_10156,0.9984184496953825
test_10157,0.1963031488093745
test_10158,0.00010997017079033801
test_10159,0.41052448280668713
test_10160,0.01992093309008369
test_10161,0.4161173367265458
test_10162,0.9999894544286209
test_10163,0.9923006506942046
test_10164,0.00025021245927649155
test_10165,0.0005849017469265733
test_10166,0.999948587059172
test_10167,0.9971270512825059
test_10168,0.8401320744975809
test_10169,0.9997170889789235
test_10170,2.9633115830836848e-05
test_10171,0.003390989951314821
test_10172,0.9171720188016234
test_10173,0.9962999328620579
test_10174,0.9976684167575535
test_10175,0.8884907098034424
test_10176,0.000574696035350286
test_10177,3.002591859992346e-06
test_10178,0.7467948509708433
test_10179,0.022312692601839906
test_10180,0.5391776028707284
test_10181,0.0002921103220035201
test_10182,0.9983737826857846
test_10183,0.0019652273704466325
test_10184,0.008680525561400105
test_10185,0.47340291679842955
test_10186,0.0023734394578564908
test_10187,0.9945129018645016
test_10188,0.999934809174296
test_10189,0.9878089483470232
test_10190,0.9957700821484855
test_10191,0.023880209786075055
test_10192,0.012538677490468886
test_10193,0.22207627885621262
test_10194,0.8904028925652394
test_10195,0.9477476585190979
test_10196,8.620270419886357e-05
test_10197,0.9969718557140337
test_10198,0.04808805819003817
test_10199,0.001920911796771972
test_10200,0.2061496507612401
test_10201,0.000248573857721251
test_10202,0.993899006716062
test_10203,0.9921856113094436
test_10204,0.017135737066357584
test_10205,0.5379101428822946
test_10206,0.23630138724532906
test_10207,0.00035524761962824785
test_10208,0.9796870275738331
test_10209,0.9999999924336901
test_10210,0.988826090126138
test_10211,0.019310791058873015
test_10212,0.9997768630213987
test_10213,0.3022749351792137
test_10214,0.922649743081919
test_10215,2.7263664197347675e-05
test_10216,0.9998333095851625
test_10217,0.9993689479775264
test_10218,0.9827591170798611
test_10219,0.9798702763011355
test_10220,0.9884146617632902
test_10221,0.9068013631009857
test_10222,0.9992752266370173
test_10223,0.9933754092721059
test_10224,0.6806661053188482
test_10225,0.00037274230741534846
test_10226,0.0015598546444418994
test_10227,0.004515372579648433
test_10228,0.23428383247341275
test_10229,0.12643847813184073
test_10230,9.417478037419387e-06
test_10231,0.9954350248986902
test_10232,0.999934795876061
test_10233,0.9992391884891221
test_10234,9.889167496635939e-05
test_10235,0.10078649786761626
test_10236,0.31997085811944465
test_10237,0.9585587543555062
test_10238,0.0011617650538188482
test_10239,0.8831698987735713
test_10240,0.9996587799812378
test_10241,0.14929348603245357
test_10242,0.9974039040328386
test_10243,0.9730462042506287
test_10244,0.07322941825162423
test_10245,0.440686339069837
test_10246,0.9998682682001651
test_10247,0.2594098947241252
test_10248,0.6292660116105725
test_10249,0.0012503156023765186
test_10250,0.695844852179983
test_10251,0.9999275404846548
test_10252,5.536391373441922e-06
test_10253,0.9904539473542208
test_10254,0.0016890069544047185
test_10255,0.0002079280392363698
test_10256,0.47480247069544385
test_10257,0.06233491153964847
test_10258,0.031986254211986684
test_10259,0.00691768738711415
test_10260,0.9568294170268784
test_10261,0.998971217560022
test_10262,0.5654509762990667
test_10263,0.9970496035204744
test_10264,0.8365531277149674
test_10265,0.0001303541293603351
test_10266,0.002647434822676139
test_10267,0.8549904692747733
test_10268,0.9970547495487013
test_10269,0.1492205532654734
test_10270,0.020116733975679174
test_10271,0.0038758284316171504
test_10272,0.005092645994939108
test_10273,0.9012672937925953
test_10274,0.8194509240824455
test_10275,0.999440181759971
test_10276,0.9999974885782382
test_10277,0.9994873742593645
test_10278,0.9932584008319043
test_10279,0.29957173205911314
test_10280,0.9655260824190235
test_10281,6.17731707368133e-05
test_10282,0.6473876471339898
test_10283,0.0003191518993242115
test_10284,0.9959847141655411
test_10285,0.968311699584436
test_10286,0.025770948224721316
test_10287,0.2499015966474053
test_10288,0.932489463973205
test_10289,0.7577578684453294
test_10290,0.9994392964213488
test_10291,0.9129670004892122
test_10292,0.37780001333648816
test_10293,0.9991389616132856
test_10294,0.15772667932788847
test_10295,0.9899861279045645
test_10296,0.9690808107848826
test_10297,0.20016091189918048
test_10298,4.7614743932854984e-05
test_10299,0.001454765367204146
test_10300,0.26421579876158374
test_10301,0.00038114520594328407
test_10302,0.9999983652197384
test_10303,0.9953789039685723
test_10304,0.9900239385189944
test_10305,0.10968110500692176
test_10306,0.0013318455406330042
test_10307,1.4954904699457831e-05
test_10308,5.971951396806081e-05
test_10309,0.9665631992385334
test_10310,0.09107628411255429
test_10311,0.40204094423453385
test_10312,0.0013511915557313531
test_10313,0.01732181213156295
test_10314,0.9976958619169006
test_10315,0.0004756013722406956
test_10316,0.9998356661969259
test_10317,0.002661456214140092
test_10318,0.9761767907709558
test_10319,0.7996465636874791
test_10320,0.7778637139708987
test_10321,0.9988684413872997
test_10322,0.03918022582992131
test_10323,0.000329877243188709
test_10324,0.0017995485213851364
test_10325,0.9927466488294536
test_10326,0.9999996636150134
test_10327,0.9990164625049932
test_10328,0.00017496156955229073
test_10329,0.9998147179553324
test_10330,0.004320080031371516
test_10331,0.9245527553790353
test_10332,0.9999998714101334
test_10333,0.9993854105110341
test_10334,0.023422371603578337
test_10335,2.4269660092515974e-05
test_10336,0.7814516821111154
test_10337,0.01165877979101455
test_10338,0.9850596511988808
test_10339,0.9999952453547749
test_10340,0.9999983279720265
test_10341,6.915920406797285e-05
test_10342,0.9183973875273921
test_10343,0.23898196175191486
test_10344,0.9926722550422273
test_10345,0.08980938972465705
test_10346,0.970425706214652
test_10347,0.9877038117784306
test_10348,0.9550548784837425
test_10349,0.03142362081078626
test_10350,0.6188297778542753
test_10351,0.0014840049575777807
test_10352,0.00048035960669824863
test_10353,0.003720397337311701
test_10354,0.9999972211798609
test_10355,0.29996594476284416
test_10356,0.0002127689892593907
test_10357,0.0015014818437014497
test_10358,0.8841657591879254
test_10359,0.0031559571495061384
test_10360,1.1391598442765584e-05
test_10361,0.9999944471764037
test_10362,0.4754653638513747
test_10363,0.9103556664331712
test_10364,0.08432506154906651
test_10365,0.0012083256980947375
test_10366,0.25006649269846104
test_10367,0.12989242238437657
test_10368,0.0013051907217663404
test_10369,0.7426196720974432
test_10370,0.08968335763509744
test_10371,0.999268869809998
test_10372,0.002261000474495905
test_10373,0.9871651750690522
test_10374,0.0002651306671775566
test_10375,0.026903616053192518
test_10376,0.9998309539536975
test_10377,0.0002145535371149617
test_10378,0.0016493518331681114
test_10379,0.005725823247199113
test_10380,0.9994212704939438
test_10381,0.40944650550754647
test_10382,0.9971958657209715
test_10383,0.9802081484679623
test_10384,4.919312492592469e-05
test_10385,0.003883178474972589
test_10386,0.885256283202745
test_10387,0.993816238936575
test_10388,0.0028398298613693776
test_10389,0.010811469433627208
test_10390,0.0016482612442799442
test_10391,0.7111461121003229
test_10392,0.01758780764932489
test_10393,0.004455719255111126
test_10394,0.43590250360435134
test_10395,0.9987672680734176
test_10396,0.004685265156432803
test_10397,0.06368189622539479
test_10398,0.7278770156224921
test_10399,0.00015678690758144683
test_10400,0.9999668783396817
test_10401,0.034839589467574525
test_10402,0.002636817764273584
test_10403,0.006139592035981747
test_10404,0.00881463766460105
test_10405,0.028569123562426094
test_10406,0.9997100143264389
test_10407,0.9999463493722196
test_10408,0.9989052233379653
test_10409,0.0003270455396762855
test_10410,0.00034845213434398284
test_10411,0.9857323932778698
test_10412,0.0001249037254273433
test_10413,0.08122614021730426
test_10414,0.011118358349177338
test_10415,0.730683578840235
test_10416,0.07677345175263135
test_10417,0.9846960597847753
test_10418,0.3052403683104817
test_10419,0.9977242327399533
test_10420,0.9803295745180923
test_10421,0.8408178486201178
test_10422,0.09294942984917723
test_10423,0.9990951962560801
test_10424,0.9890578559477804
test_10425,0.02986235684446389
test_10426,0.9682605364734999
test_10427,0.9998930387771744
test_10428,0.4631979686483043
test_10429,0.5791129858932593
test_10430,0.0010462348601634845
test_10431,0.007783102744414158
test_10432,0.00035912352755882875
test_10433,0.9999686211016436
test_10434,0.9999787729164575
test_10435,9.012320602633474e-05
test_10436,0.9396567002842567
test_10437,0.00309096738347953
test_10438,0.9999569502767839
test_10439,0.24425968291224615
test_10440,4.7667362754914414e-05
test_10441,0.7781676832157928
test_10442,0.9484904307909383
test_10443,0.9999977915869355
test_10444,0.8156610309646432
test_10445,0.32179589185122587
test_10446,0.9995333659821046
test_10447,0.9999168915120328
test_10448,1.6496028602098472e-05
test_10449,0.999341751508905
test_10450,0.997626061537117
test_10451,0.9999436662111839
test_10452,0.9248882579551894
test_10453,0.9719788102821504
test_10454,0.003351176098670289
test_10455,0.00488122772028459
test_10456,0.004876711401333475
test_10457,0.9997143952097202
test_10458,0.02056239953951346
test_10459,0.15967491810193546
test_10460,0.5530979842914895
test_10461,0.7415649713503288
test_10462,0.167282946127324
test_10463,0.0024053480782799245
test_10464,0.5336666550089951
test_10465,7.417835377586642e-05
test_10466,0.999809265312101
test_10467,0.9564500031713216
test_10468,0.9860678131931324
test_10469,0.4231899427943052
test_10470,0.9993553816317942
test_10471,0.337913891234021
test_10472,0.9997725929837996
test_10473,0.9873226162983294
test_10474,0.9992043155907079
test_10475,0.8882331125317993
test_10476,0.00010479393935091079
test_10477,0.11507804695002624
test_10478,8.806759010335402e-05
test_10479,0.9997651576899692
test_10480,0.9998991696291367
test_10481,0.3057489138094827
test_10482,0.000754515109277036
test_10483,0.9903152229000283
test_10484,0.9127709660662984
test_10485,4.665631824981615e-05
test_10486,8.841406822482923e-05
test_10487,0.9668520096161339
test_10488,7.506023851963444e-06
test_10489,0.2083804085724656
test_10490,0.9996276839272595
test_10491,0.032935788303498734
test_10492,0.014255396327454494
test_10493,0.9998648685318536
test_10494,0.30623400673173845
test_10495,0.9942531341815248
test_10496,0.6574979497919288
test_10497,0.00012557876504622748
test_10498,1.4452964056889469e-05
test_10499,0.9621950445920473
test_10500,0.9831499185605997
test_10501,0.5522568770182007
test_10502,0.45692203150774796
test_10503,0.7918308110228397
test_10504,0.000338494361675415
test_10505,0.9942886999173504
test_10506,0.9999903945594383
test_10507,0.00012222293746417447
test_10508,0.6892188372438388
test_10509,0.9913345928589409
test_10510,0.8647285792735423
test_10511,0.00022701182216319936
test_10512,0.00326204244153778
test_10513,0.9995456167022134
test_10514,0.9995114973901197
test_10515,0.0011820004353254511
test_10516,0.9768542835103942
test_10517,0.6788898119139832
test_10518,0.4556558367028539
test_10519,1.2626323724893094e-05
test_10520,0.9999797464631262
test_10521,0.9989234155243554
test_10522,0.6059641329139506
test_10523,0.9999939070006353
test_10524,0.9989086046104945
test_10525,0.9481082287505236
test_10526,0.9997430117599659
test_10527,0.987594916031587
test_10528,0.996541302303513
test_10529,0.9997166884566002
test_10530,0.01178900299519501
test_10531,0.9995801126926515
test_10532,8.649502650787317e-05
test_10533,0.9704527271300718
test_10534,0.0033883707768186766
test_10535,0.019769290281388054
test_10536,0.9935079739451391
test_10537,0.9871984578703373
test_10538,5.0401074154035045e-05
test_10539,0.9778904266335973
test_10540,0.04792852928077075
test_10541,0.0014224236547555166
test_10542,0.9964356514553456
test_10543,0.9547244398208029
test_10544,0.0007928874897651306
test_10545,0.262110286211798
test_10546,0.2498573404663107
test_10547,0.9639966253215511
test_10548,3.64904177970017e-05
test_10549,0.08480012288784272
test_10550,0.9998487863382564
test_10551,7.777923424474988e-06
test_10552,0.9998191551446819
test_10553,0.0005589529561569993
test_10554,0.9999838580896875
test_10555,0.984129609562084
test_10556,0.00012072326777837359
test_10557,0.6920951888618595
test_10558,0.0008192181934445764
test_10559,0.9970195651236434
test_10560,0.9999860220977318
test_10561,0.3573648738974215
test_10562,0.9986054287441175
test_10563,0.9685903132170467
test_10564,0.9998562694119004
test_10565,0.9588682935798847
test_10566,0.9995305824010547
test_10567,0.001064162398644282
test_10568,0.9986696765556506
test_10569,0.524150411612938
test_10570,0.6443310868048521
test_10571,0.9993408048873377
test_10572,0.999983549057361
test_10573,0.9936778473311286
test_10574,0.6162511261075976
test_10575,0.999725005226159
test_10576,0.9159681121785783
test_10577,0.9655626310015314
test_10578,0.004156315909041273
test_10579,0.023143650267795256
test_10580,0.04975133258276114
test_10581,0.003603521625042919
test_10582,0.9995383451430698
test_10583,0.01615493664242714
test_10584,0.9977535110344242
test_10585,1.1575389761499937e-05
test_10586,0.0014855849171995306
test_10587,0.4312004222648277
test_10588,5.688767740580893e-06
test_10589,0.0035008658443536522
test_10590,0.2906474228878058
test_10591,0.00025100309912154395
test_10592,0.1360899007623735
test_10593,0.9995528774081507
test_10594,0.9998550944227487
test_10595,0.0011302994274133699
test_10596,0.9815637282214755
test_10597,5.583121484391417e-05
test_10598,0.9997907376884659
test_10599,0.999690282838705
test_10600,8.831313903904088e-06
test_10601,0.00013562172080366528
test_10602,0.8548290520235832
test_10603,0.5255947405320377
test_10604,0.9943238216461604
test_10605,0.9861845479269464
test_10606,0.9999855205769832
test_10607,0.003978952391630444
test_10608,0.03599015198092396
test_10609,0.993864605568443
test_10610,0.003093065107112071
test_10611,0.37622853128644557
test_10612,0.002805675430734219
test_10613,0.00016647110406017415
test_10614,0.000646006478987093
test_10615,0.9998454898111188
test_10616,0.9984801851668607
test_10617,0.7425936441388414
test_10618,0.9999688837383289
test_10619,0.9990198752178846
test_10620,0.9994932143106812
test_10621,0.9999378533029925
test_10622,0.8373244002110157
test_10623,0.0026781060487838003
test_10624,0.001282249718024143
test_10625,0.028938103583514743
test_10626,0.00022677040904319686
test_10627,0.23961822304223954
test_10628,0.9997159100294002
test_10629,0.9803710455701908
test_10630,0.9238449499283745
test_10631,0.9249244158450157
test_10632,0.7673740655160132
test_10633,0.9996317068984004
test_10634,0.9999582023046697
test_10635,0.0001225760343183784
test_10636,0.962011670186846
test_10637,0.9948262675815895
test_10638,0.0035305671608583285
test_10639,0.9978587866973044
test_10640,0.0005745647574835134
test_10641,0.9999219128273131
test_10642,0.990358072477156
test_10643,0.9993672306300536
test_10644,0.8441973321927464
test_10645,0.018510354949353446
test_10646,0.17365976052005233
test_10647,0.23296201442437628
test_10648,0.48136606579542335
test_10649,0.9651285217896179
test_10650,0.784124768110528
test_10651,0.8755585207726311
test_10652,0.0011790784966312369
test_10653,0.999656597556934
test_10654,0.06580403573144113
test_10655,0.00031027257466827277
test_10656,0.9999969879769668
test_10657,0.0001914084699036283
test_10658,0.9990333655801868
test_10659,0.7447463478381965
test_10660,0.9603314080370768
test_10661,0.9912631191563263
test_10662,0.0021474489202978025
test_10663,0.014003853653302449
test_10664,0.9999549537744958
test_10665,0.985148160707241
test_10666,0.49724969302741484
test_10667,0.7076503737804805
test_10668,0.9382317575720361
test_10669,0.38110749361330215
test_10670,2.392080239957601e-06
test_10671,0.3506005876795224
test_10672,0.0037373281725737685
test_10673,0.13535786163862573
test_10674,0.04498720384375142
test_10675,0.02823753086163454
test_10676,0.999626546535926
test_10677,0.9995513489517744
test_10678,0.9572070672322822
test_10679,0.9910865077662238
test_10680,0.007222048760220227
test_10681,0.9999999346380846
test_10682,0.9989602104458295
test_10683,0.03911888523427172
test_10684,0.006026142436175418
test_10685,0.26639415864178273
test_10686,0.9992854290819947
test_10687,0.013929631024751492
test_10688,0.16689933308366897
test_10689,0.0002747602718040437
test_10690,0.9999526836619076
test_10691,0.07128501430236923
test_10692,0.33703452798028516
test_10693,1.9675515533105756e-07
test_10694,0.9045262022878396
test_10695,0.9999891396175931
test_10696,0.1603234118295285
test_10697,7.029663251156501e-05
test_10698,0.9616456445265852
test_10699,0.9991718362212543
test_10700,1.4474175162499406e-05
test_10701,0.8234799882590137
test_10702,7.154110027933656e-05
test_10703,0.036273540402565134
test_10704,0.8745067177194591
test_10705,0.9749374719415411
test_10706,0.001631967837430128
test_10707,0.9997756609145269
test_10708,0.9999999729065537
test_10709,0.9864860587061784
test_10710,0.999155367883689
test_10711,0.9996154445396136
test_10712,0.9998386161748699
test_10713,0.014286367807875493
test_10714,0.6407877668475982
test_10715,0.5777054982242518
test_10716,0.750611069802259
test_10717,0.999989061627438
test_10718,0.42658954742858635
test_10719,0.9806101141156645
test_10720,0.9999623218861308
test_10721,2.526738275097485e-07
test_10722,0.9864413441908536
test_10723,4.17082813092526e-05
test_10724,0.001391999698391203
test_10725,0.0003668273924316674
test_10726,0.9739391258065409
test_10727,0.055401930254535235
test_10728,0.0013400840586303073
test_10729,0.0005358761019867845
test_10730,0.046540333312734376
test_10731,7.182502584522328e-05
test_10732,0.9216485257033017
test_10733,0.013467638736154992
test_10734,0.0031341745646704293
test_10735,0.9991599813421638
test_10736,0.0005616829340043715
test_10737,2.4904216556958144e-05
test_10738,0.9961554820459512
test_10739,0.9999867045758879
test_10740,0.9907268623168237
test_10741,0.9999765995685946
test_10742,0.4431552971413251
test_10743,0.9980558670477157
test_10744,0.013750772450884696
test_10745,0.022677179565205426
test_10746,0.08917689261575903
test_10747,0.9998646238715216
test_10748,0.99479453524204
test_10749,0.9999943575603146
test_10750,0.9983335031195776
test_10751,0.0005574677874980093
test_10752,0.9932564415697326
test_10753,0.9998738051215502
test_10754,0.9877984040734401
test_10755,4.408474984024746e-05
test_10756,0.9874272686607936
test_10757,0.0012001848048015004
test_10758,0.0009639613102008898
test_10759,0.007621292978681679
test_10760,0.03908268481822888
test_10761,8.528925328204372e-05
test_10762,0.9982948484791685
test_10763,0.9983318867356563
test_10764,0.9994936181715117
test_10765,0.07218296981504767
test_10766,0.9946928130890235
test_10767,0.9158764556640485
test_10768,0.5978818441895278
test_10769,0.009412568874906047
test_10770,0.0027476021944398696
test_10771,0.9985382696749779
test_10772,0.0008389176207666237
test_10773,0.9999840257260647
test_10774,0.9873332355426474
test_10775,0.0422730527642056
test_10776,0.7068692923736787
test_10777,1.0916275298612811e-05
test_10778,0.9991697934523777
test_10779,0.9995311205039068
test_10780,0.9997181375750174
test_10781,0.9999709936881331
test_10782,0.6779006995790652
test_10783,0.07340287288469806
test_10784,2.10328634260313e-06
test_10785,0.9612262659377205
test_10786,0.960803913038591
test_10787,0.9994757919589901
test_10788,0.009986234679298328
test_10789,2.207862708248393e-05
test_10790,0.21638441915207285
test_10791,0.01598029835813173
test_10792,0.9999810497517392
test_10793,0.9987156838880691
test_10794,0.20430584716643693
test_10795,0.09026395032148458
test_10796,0.8812497788090389
test_10797,0.015780960462797797
test_10798,0.9912475544676453
test_10799,0.004805212723426007
test_10800,0.9975451087407329
test_10801,0.0025296793537709513
test_10802,0.00028622020624764375
test_10803,0.993746930387862
test_10804,0.9944574843565547
test_10805,0.0003013548665696534
test_10806,0.9998815088527392
test_10807,0.9966910742507732
test_10808,0.9971301178841457
test_10809,0.9997198737461511
test_10810,0.9936297836680145
test_10811,0.9804963072178886
test_10812,0.41187306254411044
test_10813,0.000441353383994868
test_10814,9.315990354996825e-05
test_10815,0.9925748517422773
test_10816,0.021804189504740126
test_10817,0.7424009195386357
test_10818,0.9998899593216696
test_10819,0.9899865698066571
test_10820,9.56179446430633e-05
test_10821,0.1161355247434469
test_10822,0.6311037712581893
test_10823,0.4088401232349694
test_10824,1.7848223872520946e-06
test_10825,0.9846763248678918
test_10826,0.9999918366730041
test_10827,0.8806674825193453
test_10828,0.9873224395151197
test_10829,0.07919994993996239
test_10830,0.9999745005432098
test_10831,0.6876717533468667
test_10832,0.4990205298058155
test_10833,0.9976030161433292
test_10834,0.9926864764437847
test_10835,0.06013783415593315
test_10836,1.9765715212851416e-06
test_10837,0.12671492368307438
test_10838,0.11616704314766502
test_10839,0.005324526108051597
test_10840,0.998184018155366
test_10841,0.008197596316040818
test_10842,0.36072009260477084
test_10843,2.7395126522391466e-05
test_10844,0.009670519346967643
test_10845,6.400616809940321e-06
test_10846,0.9999989900184916
test_10847,0.0007920701201944597
test_10848,0.01927224669441144
test_10849,3.428378208441959e-05
test_10850,0.0001747099204970504
test_10851,0.00033463990561263536
test_10852,0.005783450331119015
test_10853,0.0019222769038240441
test_10854,0.9781477501104968
test_10855,0.0007643472902952905
test_10856,0.01964938791939007
test_10857,0.9936253239810977
test_10858,0.0012310813747244173
test_10859,0.9792026925749574
test_10860,0.0007694705794171881
test_10861,0.5325519988919477
test_10862,0.459892475167409
test_10863,0.9998515290121487
test_10864,0.2655718316940788
test_10865,0.9826408795504461
test_10866,0.9968109233064939
test_10867,0.9739317699484328
test_10868,0.001723210432658749
test_10869,0.09002005202158286
test_10870,0.07577846582844917
test_10871,3.303856699660979e-06
test_10872,0.9999323646357167
test_10873,0.9992113343000514
test_10874,0.07562487100521868
test_10875,0.7463839934638165
test_10876,0.01550771042239556
test_10877,0.9517968863032407
test_10878,0.9883721085369622
test_10879,0.0016959585340797275
test_10880,0.33811331302924835
test_10881,2.823983734948675e-05
test_10882,0.03261241965251176
test_10883,0.6871963337334284
test_10884,0.9999799531333518
test_10885,0.7882125662066334
test_10886,0.10988257844737385
test_10887,0.9997001796843225
test_10888,0.9969661368110941
test_10889,0.17602433269754292
test_10890,0.006569985653753779
test_10891,0.00217859643546468
test_10892,0.9992598661730017
test_10893,0.014430880131218507
test_10894,0.26176444058634313
test_10895,0.9759995465791141
test_10896,0.001713750751982931
test_10897,0.0003885216905890818
test_10898,0.8560470646096335
test_10899,0.7068932547562746
test_10900,0.11487278933096283
test_10901,0.9968918480346767
test_10902,0.9824427034400295
test_10903,0.9524061901461177
test_10904,0.9954078377500228
test_10905,0.9999133956738295
test_10906,0.9965013997243015
test_10907,1.472586628652218e-07
test_10908,0.13270336579080863
test_10909,0.9999141109988672
test_10910,5.6557345282666866e-05
test_10911,0.0003476288075609478
test_10912,0.9991664061953938
test_10913,9.813253881798582e-05
test_10914,0.9994790412386331
test_10915,0.8025221936699511
test_10916,2.9267333098785235e-05
test_10917,0.06447802321735115
test_10918,0.013661219986468218
test_10919,0.0001458065330545422
test_10920,0.9881184404079829
test_10921,0.31452955336046884
test_10922,0.9961668242173154
test_10923,0.9999937093622973
test_10924,0.9999989575481618
test_10925,0.9565738839013284
test_10926,0.0005774348578412262
test_10927,0.7092865649452488
test_10928,0.005880288419784851
test_10929,0.00030619473080813924
test_10930,0.6861772233626781
test_10931,0.03772082718225046
test_10932,0.9883216295098077
test_10933,0.9988126185109121
test_10934,1.6058612132357714e-06
test_10935,0.0003555658541606425
test_10936,0.6391973519949854
test_10937,0.9994361307045488
test_10938,0.008687287543430835
test_10939,0.928509463280877
test_10940,9.205624508985699e-07
test_10941,0.0006530507316640179
test_10942,0.039380099263502465
test_10943,0.0024828999735698807
test_10944,0.8458709633698901
test_10945,1.5356614356736386e-05
test_10946,0.00015080929906848586
test_10947,0.9991443158795604
test_10948,0.02658980620306867
test_10949,0.005318894151622852
test_10950,0.09143888937305392
test_10951,0.9947091479070171
test_10952,6.515798516834343e-07
test_10953,0.9097092981369681
test_10954,0.9999991383110349
test_10955,0.999750795736762
test_10956,0.001254903142324521
test_10957,0.003944215865376746
test_10958,1.394941722958923e-05
test_10959,0.0053811073194877275
test_10960,0.9857856802576778
test_10961,0.7170568890540504
test_10962,0.33332418297948413
test_10963,0.07915115855196556
test_10964,0.011597157169863568
test_10965,0.02178570494285689
test_10966,0.0018487680699721027
test_10967,0.20623566923226244
test_10968,0.000441101619212417
test_10969,0.9961924661573102
test_10970,0.00887207161404912
test_10971,0.9699396748971856
test_10972,0.9133174619209391
test_10973,6.028865437014308e-06
test_10974,0.011049886349199288
test_10975,0.9925965952254642
test_10976,0.9897908777057137
test_10977,0.8526853387045874
test_10978,0.9955150421299589
test_10979,0.00021515818063460034
test_10980,0.9489870521224896
test_10981,0.9736735543739061
test_10982,0.9980178401653182
test_10983,0.0022937297073512093
test_10984,0.9998702717675959
test_10985,0.984434767094536
test_10986,0.0002858780173771978
test_10987,0.998690876693314
test_10988,8.650167319939433e-05
test_10989,0.0020297335549607103
test_10990,0.0048748743934162245
test_10991,0.0007327594349969038
test_10992,0.9999918629199158
test_10993,0.996242585382693
test_10994,0.002147442646814594
test_10995,0.0038939899727651554
test_10996,0.9869463183948751
test_10997,0.9999455928203527
test_10998,3.955850937533499e-05
test_10999,0.0013598047355887625
test_11000,0.023974178797022443
test_11001,0.9875888982018871
test_11002,0.002214927526551997
test_11003,0.00016417058208433654
test_11004,0.06254649690316334
test_11005,0.9976296300975497
test_11006,8.02362100441129e-05
test_11007,0.00015454106214071492
test_11008,0.6420221044580888
test_11009,0.014011808773925587
test_11010,0.9996516278723994
test_11011,0.9869673632710823
test_11012,0.031688276699949176
test_11013,0.9888654129541473
test_11014,0.9699486374617978
test_11015,0.05354870175616912
test_11016,0.024507904753213097
test_11017,0.022931104176838572
test_11018,0.9959660342125821
test_11019,0.0042179978794450465
test_11020,0.0920797614868651
test_11021,0.9974308823472038
test_11022,0.2132757993717343
test_11023,0.007425082779651963
test_11024,0.9995996694790517
test_11025,0.993651903165173
test_11026,0.9998282527723283
test_11027,0.9999541190275711
test_11028,0.8329200737016685
test_11029,0.9749167315141766
test_11030,0.9999392377774952
test_11031,0.019488023348879925
test_11032,0.0031857907530449124
test_11033,0.00014475041766041935
test_11034,0.01239187727915898
test_11035,0.9995489861747012
test_11036,0.9991434630588495
test_11037,0.0034630506140126784
test_11038,0.9977924664006871
test_11039,0.500972710321198
test_11040,0.9998777120882163
test_11041,0.8428483589787056
test_11042,0.05957981868231108
test_11043,0.999503152320878
test_11044,0.9999586137801388
test_11045,0.9967911602015954
test_11046,0.9995163412130758
test_11047,0.9864766524181166
test_11048,0.9910664693894655
test_11049,0.42012968760297525
test_11050,3.403841906671057e-06
test_11051,0.9697091433671259
test_11052,0.9998543619286671
test_11053,0.9998481367677633
test_11054,0.9293133139355713
test_11055,0.0005069472319536313
test_11056,0.993585073793127
test_11057,1.9328446247597968e-05
test_11058,0.7968607835441646
test_11059,0.01183334987171585
test_11060,0.9491951555808458
test_11061,0.00015962815458764185
test_11062,0.9807999101466119
test_11063,0.000400567375172778
test_11064,0.999665879890291
test_11065,0.9987257918714092
test_11066,0.999999611859519
test_11067,0.00029220589468903203
test_11068,6.768572673113095e-06
test_11069,0.9997881794302725
test_11070,0.9999534278177307
test_11071,0.9999737454517529
test_11072,0.00030810784281786233
test_11073,0.00021852410790491547
test_11074,0.0008498432589038889
test_11075,0.9997827578295845
test_11076,0.9967436342150949
test_11077,0.626507362144483
test_11078,0.006380556208247805
test_11079,0.9985672921234324
test_11080,0.0007033202859004313
test_11081,0.0002986568392665373
test_11082,0.02060800859598246
test_11083,0.01827876079563198
test_11084,0.9545291163113134
test_11085,0.986012190864652
test_11086,0.022940176353267623
test_11087,0.9926845190781609
test_11088,2.0491579958063055e-06
test_11089,0.349120704946213
test_11090,0.9927378855651661
test_11091,0.9999900424799165
test_11092,0.00013761283743664397
test_11093,0.9977740351154695
test_11094,0.9733444126850167
test_11095,0.9203561519671264
test_11096,0.9377685412794832
test_11097,0.7634331218462475
test_11098,0.38471460590477746
test_11099,0.9972230389330924
test_11100,0.9998228813562289
test_11101,0.00015775785755579944
test_11102,0.31596377207156295
test_11103,0.998574188126404
test_11104,0.1850392301650079
test_11105,0.05283996590894443
test_11106,0.7829222772602755
test_11107,0.997417469449155
test_11108,0.925161083678942
test_11109,0.8883692222476199
test_11110,0.9554196666945918
test_11111,0.9222827779261233
test_11112,0.9885624149786807
test_11113,0.04789558394767227
test_11114,0.8091050176693598
test_11115,0.9988973997451169
test_11116,0.9999495848616107
test_11117,0.6627245453055051
test_11118,0.9999785073612174
test_11119,0.9952237055725366
test_11120,0.015034805655051131
test_11121,0.9854756122926387
test_11122,0.9741348971718323
test_11123,0.9694784647635046
test_11124,0.9994668559875506
test_11125,0.9998605014792796
test_11126,0.9999412396725478
test_11127,0.9887143440347607
test_11128,0.02019902513552077
test_11129,0.20261372571374314
test_11130,0.9999843638368636
test_11131,0.002148375127407164
test_11132,0.9493918151987147
test_11133,0.016765112690015276
test_11134,0.03390838654735289
test_11135,0.9278526051558229
test_11136,0.9999840785553363
test_11137,0.0719113018224681
test_11138,0.9991946130837772
test_11139,0.0460855995681582
test_11140,0.4144457366549994
test_11141,0.962071114716205
test_11142,0.001650192979016202
test_11143,0.9956578774425663
test_11144,0.9960512622791777
test_11145,0.0059748483482039505
test_11146,1.8359736809563325e-05
test_11147,0.9997818942841643
test_11148,0.002634977234821099
test_11149,0.009583813198738357
test_11150,0.9999982114883961
test_11151,0.008749850850886658
test_11152,0.9987205179459063
test_11153,0.9989452657397292
test_11154,0.9949032231308635
test_11155,0.000971155513721469
test_11156,0.22733044118812523
test_11157,0.9997950665024896
test_11158,0.0005543665045943534
test_11159,0.008280509617141904
test_11160,0.4310508041359778
test_11161,0.3832321762789632
test_11162,1.966165892727813e-06
test_11163,0.0010724720352560055
test_11164,0.006839751223230671
test_11165,0.9743619759355475
test_11166,0.7474204152195005
test_11167,0.0005080220399823108
test_11168,0.12417035016220203
test_11169,0.9999540865590199
test_11170,0.9880105646703924
test_11171,0.00017286722632845023
test_11172,0.5162026903360175
test_11173,0.9744274747489281
test_11174,9.854899732173359e-06
test_11175,0.00034885626104461294
test_11176,0.020206853547017737
test_11177,0.00018039772294910312
test_11178,0.0003120000308073454
test_11179,0.01100681416151273
test_11180,0.003490085561161862
test_11181,0.9921355724356747
test_11182,0.053548682049994745
test_11183,0.1340217184964323
test_11184,0.9102068429371208
test_11185,0.9477789730758177
test_11186,0.0282666501563875
test_11187,2.161296731837795e-05
test_11188,0.9998692815653483
test_11189,0.0184410514792542
test_11190,0.0006091703648176419
test_11191,0.9998451558829071
test_11192,0.008609322728420314
test_11193,0.0012382957827438974
test_11194,0.002721169219551338
test_11195,0.9999998965079542
test_11196,0.3472591343582142
test_11197,0.9099467586483125
test_11198,0.9861947495436265
test_11199,0.0001889229363992961
test_11200,0.0027453021521666307
test_11201,0.04734926561775406
test_11202,0.93831692134581
test_11203,0.9882978368387919
test_11204,0.3621432699359821
test_11205,0.031586241415464636
test_11206,0.9603219784003313
test_11207,0.00018438129329451843
test_11208,0.9644082706589652
test_11209,7.072005364633053e-05
test_11210,0.9991288087409127
test_11211,0.0013341367864506697
test_11212,0.8306463957324995
test_11213,0.07720522549494753
test_11214,0.00013857103367519378
test_11215,9.94660670736531e-06
test_11216,0.00031848319539325403
test_11217,0.7877932080749138
test_11218,0.9972927749091649
test_11219,0.6415883831468213
test_11220,0.999738092719863
test_11221,0.013467676585051875
test_11222,0.0007426948096712406
test_11223,0.007401814148078887
test_11224,0.9998134681164521
test_11225,5.951423068573822e-06
test_11226,0.22302888117963468
test_11227,0.9820596669437831
test_11228,0.04556659139382118
test_11229,0.9717392759347555
test_11230,0.010314879165848294
test_11231,0.8946816220228664
test_11232,3.263491055212657e-05
test_11233,0.9367408059223337
test_11234,0.9999848920780192
test_11235,0.7559283776821971
test_11236,0.005854199696109633
test_11237,7.091936869682229e-05
test_11238,0.9966986916368155
test_11239,0.9970400486237828
test_11240,0.9965996208994282
test_11241,0.8895803299476717
test_11242,0.9999099667885956
test_11243,0.9907502113088259
test_11244,0.08238052428590696
test_11245,0.08059694290273704
test_11246,0.9999550882869758
test_11247,0.0014596070001602125
test_11248,0.999973501000549
test_11249,0.0004832793607126927
test_11250,0.9999383231197205
test_11251,0.9997347439011625
test_11252,0.02376126772823397
test_11253,0.12376865894531539
test_11254,0.9216839107905981
test_11255,0.01168530694665855
test_11256,0.6150755930514338
test_11257,0.9995193849724838
test_11258,0.8682061353662243
test_11259,6.104995879619745e-07
test_11260,1.3459103516470113e-05
test_11261,0.00040062621497432557
test_11262,0.9998178965933707
test_11263,0.8898124316563246
test_11264,0.8737585034604364
test_11265,0.5293727707337124
test_11266,0.008099219879514435
test_11267,0.721609432151823
test_11268,0.9679683094387663
test_11269,0.00931390171652088
test_11270,0.9996235289503792
test_11271,0.8008687008372284
test_11272,1.0143110415772598e-08
test_11273,0.9068159487632678
test_11274,0.999675678897661
test_11275,0.5333313867956109
test_11276,0.00024111705267558113
test_11277,0.9998016036654968
test_11278,0.0011318595663186144
test_11279,0.676676067582974
test_11280,0.9951741796585253
test_11281,0.9505144273443231
test_11282,0.6913887589230931
test_11283,0.000845214310599622
test_11284,0.030443886442505265
test_11285,5.508511207862998e-05
test_11286,0.0005079652244057599
test_11287,0.9999301258216329
test_11288,0.9827948260109243
test_11289,2.0859083144232108e-05
test_11290,0.9755401264632817
test_11291,0.9999752596724251
test_11292,0.9996446668618276
test_11293,0.003312194291241916
test_11294,0.9988999407165788
test_11295,0.9587313370873889
test_11296,1.984662850663939e-06
test_11297,0.9999993217062704
test_11298,0.0005630871538508223
test_11299,0.9935680918409505
test_11300,0.9999024058571551
test_11301,0.9999274851425088
test_11302,0.00011365430642156356
test_11303,0.887877849710734
test_11304,0.9971388804643291
test_11305,0.00023803202847403807
test_11306,0.9941211265918312
test_11307,0.994321218542954
test_11308,0.9998498881153075
test_11309,0.0004451976084192498
test_11310,0.3793677470817445
test_11311,6.547486501950865e-05
test_11312,0.8068864383330372
test_11313,2.0318188325653626e-06
test_11314,0.008884302781331377
test_11315,0.5291151067416675
test_11316,0.0928306500450835
test_11317,0.43495408217286197
test_11318,0.7704705404422239
test_11319,0.00025643980230253605
test_11320,0.14479701404904405
test_11321,0.0019334098835924072
test_11322,5.3831854755789416e-05
test_11323,0.00040596275847888956
test_11324,0.08236674191124901
test_11325,0.9608832318304991
test_11326,8.96223486152656e-06
test_11327,0.814684830953018
test_11328,0.9999688555048304
test_11329,0.01777709409184187
test_11330,0.49251457972168344
test_11331,0.0017133394270242054
test_11332,0.9994742837098777
test_11333,0.9217401395697964
test_11334,0.14610768873010335
test_11335,0.29441713754363463
test_11336,0.7304682491714294
test_11337,0.9993028780322659
test_11338,0.8356010649424097
test_11339,0.06401598998731818
test_11340,0.6619551215431126
test_11341,0.9854189192889052
test_11342,0.13202861268602328
test_11343,0.9446540919352119
test_11344,0.0194872965028084
test_11345,0.0027901887944316813
test_11346,0.1352433687568884
test_11347,0.35524741994088466
test_11348,0.07106526797749702
test_11349,6.821797022913824e-07
test_11350,0.7642592693234402
test_11351,0.00014033710683345306
test_11352,8.651621077328505e-05
test_11353,0.9999570995668614
test_11354,0.0007579429426528804
test_11355,0.040454093013759275
test_11356,0.007089095204574681
test_11357,0.0009692679905099721
test_11358,0.021263184169361717
test_11359,0.15464997957501067
test_11360,0.8793991795275822
test_11361,0.08518155517379172
test_11362,1.0252638365146358e-08
test_11363,0.0001991822885567259
test_11364,4.225463249513599e-06
test_11365,0.037601271436627615
test_11366,0.9994789326712198
test_11367,0.014890760018297654
test_11368,0.004824181750627994
test_11369,0.4935511854333595
test_11370,0.9809915156765602
test_11371,0.00046562613635324474
test_11372,0.02900257903101088
test_11373,3.0084376348979818e-06
test_11374,0.3291901658071379
test_11375,0.001224287990281028
test_11376,0.013901414745430779
test_11377,0.9946268780837016
test_11378,0.4663040363294205
test_11379,7.454024036127251e-05
test_11380,9.033622103340638e-06
test_11381,0.1080188546341258
test_11382,0.9931079558675311
test_11383,0.21053170605607807
test_11384,0.035351345756228864
test_11385,0.9958460532734598
test_11386,0.9959588490725988
test_11387,0.9999988216944158
test_11388,0.006675743375861673
test_11389,0.05652099826799065
test_11390,0.8829912754796096
test_11391,0.9785397022524978
test_11392,0.99965906394229
test_11393,0.969531996187383
test_11394,0.7735873199076
test_11395,0.22116037967086344
test_11396,0.24877905356677568
test_11397,9.45531595587945e-05
test_11398,0.9983520231950975
test_11399,0.5084655410864587
test_11400,0.48497377795249585
test_11401,0.9996281486403956
test_11402,0.5728478716575637
test_11403,0.13498394512599116
test_11404,0.9990878598457794
test_11405,0.003402872637970277
test_11406,7.345941025294958e-05
test_11407,8.665718304893443e-06
test_11408,0.18578582716395511
test_11409,3.748233996743254e-05
test_11410,4.877924439927744e-05
test_11411,0.031165032423217998
test_11412,0.9804807196667029
test_11413,9.891815948890914e-05
test_11414,0.10506659374291723
test_11415,0.9951011289206523
test_11416,0.00010485132809629277
test_11417,0.9994001052356734
test_11418,0.09659963571256025
test_11419,0.9981597618052223
test_11420,0.009619817141718813
test_11421,0.0017230397536522936
test_11422,0.33674855828660344
test_11423,0.013353788486842506
test_11424,0.9992063389778819
test_11425,0.006108112135397514
test_11426,0.0026841570128504945
test_11427,0.9986211999931865
test_11428,0.0029061521277477386
test_11429,0.9999424657174752
test_11430,0.01436544891727078
test_11431,0.9981791336629646
test_11432,0.9819414543985355
test_11433,0.01846222259835155
test_11434,0.9999985381403623
test_11435,0.999999332216336
test_11436,0.8394252073781748
test_11437,0.9407494484745959
test_11438,5.1967345553396416e-05
test_11439,0.001010546249354569
test_11440,0.0007434928534333816
test_11441,0.0004355528874949903
test_11442,0.0009622658175421234
test_11443,0.8203807462944208
test_11444,0.0034964692472118984
test_11445,0.566523359421457
test_11446,0.00010632678062802
test_11447,0.9901900492347969
test_11448,0.32427104235788035
test_11449,0.9976303447869553
test_11450,0.9985597986500865
test_11451,0.9948127590692717
test_11452,0.962964017832185
test_11453,0.0009836584029010503
test_11454,0.0005835462617459831
test_11455,0.005752310129571446
test_11456,6.57027790352049e-05
test_11457,0.6894886767019583
test_11458,0.10294909394548399
test_11459,0.003240175268677079
test_11460,0.12145140704855899
test_11461,0.9927104806676748
test_11462,0.9962890983878295
test_11463,0.0030804447084897975
test_11464,0.999793687088845
test_11465,0.9925575264908865
test_11466,0.8366016574858983
test_11467,0.00011528925110244012
test_11468,0.10116381707841184
test_11469,0.0033166109870755504
test_11470,0.009108315001635982
test_11471,0.7670886711735048
test_11472,0.0023582252486940426
test_11473,0.9816313231602508
test_11474,0.9844502073392469
test_11475,0.43749538415178185
test_11476,0.002646235716255747
test_11477,0.8286444360823116
test_11478,0.9641363833332717
test_11479,0.008246244745996004
test_11480,0.9989049177831081
test_11481,0.01581566909231466
test_11482,0.5798625756013516
test_11483,0.9678691980112752
test_11484,0.007471151557000792
test_11485,0.9986463699052817
test_11486,0.9930028066030323
test_11487,0.19754683900707423
test_11488,2.009226321601703e-05
test_11489,0.9999992396066886
test_11490,0.9945514490789731
test_11491,0.008965998001449446
test_11492,0.8584805204238525
test_11493,0.99957627573892
test_11494,0.22634299338187225
test_11495,0.02310459486408493
test_11496,0.9985969718328329
test_11497,0.9901037601811848
test_11498,0.331683088629506
test_11499,0.9358275276897309
test_11500,0.03046818624036089
test_11501,0.008650509887569624
test_11502,1.1861810134411904e-05
test_11503,0.19845434659097128
test_11504,0.9995350891278897
test_11505,0.9999113465666447
test_11506,4.614908151485192e-05
test_11507,0.0008631187343280806
test_11508,7.671270508565273e-06
test_11509,8.985629733649683e-05
test_11510,0.0010545890060835016
test_11511,0.0013658542876565044
test_11512,7.241280325218575e-05
test_11513,0.009159879701389439
test_11514,0.035117785084021774
test_11515,0.01112248753362885
test_11516,0.029054915222373554
test_11517,0.8087649779426468
test_11518,0.022726522377747697
test_11519,0.9935376310047025
test_11520,0.6932987739859582
test_11521,0.0009413532781892636
test_11522,8.118955762122035e-06
test_11523,0.6819314590842063
test_11524,0.0003479532249453884
test_11525,0.9866473460665677
test_11526,0.012646462598161202
test_11527,0.02046506879073379
test_11528,0.5045256097710255
test_11529,0.0004780946133510131
test_11530,0.9798315454179266
test_11531,0.9984352078393273
test_11532,0.9978774489209344
test_11533,0.16133459247489865
test_11534,0.9982606965829149
test_11535,0.4792460396829993
test_11536,0.9986712172924992
test_11537,0.9984750304741193
test_11538,0.45782093038275423
test_11539,0.9999191871904922
test_11540,0.9998896123993575
test_11541,0.26292118723654917
test_11542,0.008315608142594287
test_11543,0.9999999702556988
test_11544,0.003998069373411012
test_11545,0.4678355676584853
test_11546,3.851228026106764e-05
test_11547,0.9928287023740624
test_11548,0.02576054615169611
test_11549,4.151928437438667e-05
test_11550,0.9985541481893107
test_11551,0.008183685540094352
test_11552,0.9895803118317674
test_11553,0.9901421222181431
test_11554,0.13565210255139717
test_11555,0.9999998897036391
test_11556,0.8375723462603432
test_11557,0.9981855996765752
test_11558,0.9999857376878731
test_11559,0.0037928460393414744
test_11560,0.07195217267085383
test_11561,0.0024385171639097303
test_11562,0.9997558011475223
test_11563,0.9989844075062612
test_11564,0.019066968615120167
test_11565,0.18369375229421023
test_11566,0.0003675644055926155
test_11567,0.9762907412091252
test_11568,0.004609155446364768
test_11569,0.0013094996444205163
test_11570,7.068728417193582e-05
test_11571,0.37751480349998584
test_11572,0.006024701070446772
test_11573,0.6924718467263425
test_11574,0.9990961335787575
test_11575,0.9843817962433282
test_11576,0.9836242914206972
test_11577,0.999914807680395
test_11578,0.05993945453819163
test_11579,0.9991959403680012
test_11580,0.9999550411352327
test_11581,0.7524790801342311
test_11582,0.00039127571423095504
test_11583,0.02771481501273963
test_11584,0.9990852188029027
test_11585,0.007538163454481934
test_11586,0.9999999824607383
test_11587,0.9997854129417356
test_11588,0.04646099179718852
test_11589,0.3153917037935195
test_11590,0.9993022098484741
test_11591,0.9331212877687457
test_11592,0.9999770579174472
test_11593,0.006329998468813974
test_11594,0.8621623110403159
test_11595,0.0017011791052075065
test_11596,0.9984504124617474
test_11597,0.9999997654746912
test_11598,0.1941811048852844
test_11599,1.9526796550295513e-05
test_11600,0.27274741962081217
test_11601,0.9999670208427454
test_11602,0.020460627609430803
test_11603,0.9903879047376486
test_11604,0.9973812900729953
test_11605,0.9999342140090385
test_11606,0.013370098228949046
test_11607,0.9994653173228886
test_11608,0.030532374033444405
test_11609,0.9999998208011264
test_11610,0.13348200597672744
test_11611,0.9990657024947676
test_11612,0.9999427286097547
test_11613,0.9987526759099257
test_11614,0.006371166921096105
test_11615,0.17054950197110044
test_11616,0.9999010121390394
test_11617,0.9963775665329088
test_11618,0.9996692715817793
test_11619,0.9904374119564219
test_11620,0.03810582666351154
test_11621,0.000213568986245206
test_11622,0.9094497451770328
test_11623,0.0001473299107878895
test_11624,0.8436842673801858
test_11625,0.9953160386169759
test_11626,0.9995297992634449
test_11627,0.9988244754424193
test_11628,2.6909191942050845e-05
test_11629,0.6313365327906157
test_11630,5.219933120498404e-06
test_11631,3.451189497816558e-06
test_11632,0.11577032655485195
test_11633,0.9766696216518833
test_11634,0.3735906642710119
test_11635,0.999740316540137
test_11636,0.9994539548553933
test_11637,0.9961376669644667
test_11638,0.33398366076335906
test_11639,0.04915929694665948
test_11640,0.9641581146447701
test_11641,0.9997560730000465
test_11642,0.9995002907061408
test_11643,0.028188363330844127
test_11644,0.9996588706691495
test_11645,0.42183757460715876
test_11646,2.5335711546315874e-05
test_11647,0.5711637687048755
test_11648,0.9995795854580375
test_11649,0.22606957104143088
test_11650,0.9473807400480507
test_11651,0.0384920763562999
test_11652,0.00015299559117985882
test_11653,0.02240000292717636
test_11654,0.00036875115678844535
test_11655,0.04877060106953608
test_11656,0.9865616076265192
test_11657,0.0016053643753433007
test_11658,0.004256765790468148
test_11659,0.0016609923732168676
test_11660,0.8654588591925008
test_11661,0.0013957432947794626
test_11662,0.9980287931023848
test_11663,3.597720443773904e-05
test_11664,0.03649043988204071
test_11665,0.6466395633061192
test_11666,0.0025355483408776775
test_11667,3.0368584895917474e-05
test_11668,0.999892747589932
test_11669,0.9977846938906235
test_11670,0.11372866087946658
test_11671,0.5792874047168874
test_11672,0.9996931951606033
test_11673,0.123427120339086
test_11674,0.06842371734827457
test_11675,0.003380296037097291
test_11676,0.9977295601847816
test_11677,0.38082305893376134
test_11678,0.0014118543784050084
test_11679,0.9996494591219078
test_11680,0.012448355971566263
test_11681,0.03680212299346428
test_11682,0.031626292805712684
test_11683,0.6989154763943051
test_11684,0.9974121768730309
test_11685,0.10501049581522387
test_11686,0.9993011903860071
test_11687,0.14055583462394777
test_11688,0.006509026754902544
test_11689,0.015492064620611694
test_11690,0.9911165151382901
test_11691,0.9903848043516194
test_11692,0.19564625861869236
test_11693,0.7998793208112007
test_11694,0.00179637249945106
test_11695,0.9996253094532642
test_11696,0.0012636409586257009
test_11697,4.159203912282407e-06
test_11698,0.009008596189465083
test_11699,0.1332569121708809
test_11700,0.272303373678557
test_11701,0.8695436442568404
test_11702,0.01155410727986399
test_11703,0.0038678121337720754
test_11704,0.9978245844987816
test_11705,0.9975932554533739
test_11706,0.9977355384285084
test_11707,0.1529865397418525
test_11708,0.9999566007689472
test_11709,0.9020459475352509
test_11710,0.9347492295555996
test_11711,0.40820557402648694
test_11712,0.7831394092185716
test_11713,0.994388163078085
test_11714,0.999712642583999
test_11715,0.9999814404231995
test_11716,0.0707981105555002
test_11717,0.00012727664274822441
test_11718,0.025566001488579473
test_11719,0.0005659593827745399
test_11720,0.9992153537556786
test_11721,0.9973524704601145
test_11722,0.9919468451896399
test_11723,0.524662735840717
test_11724,2.211986501509343e-08
test_11725,0.4015545581684851
test_11726,0.977628670193373
test_11727,0.9975157812666169
test_11728,0.9990923986345694
test_11729,0.9624240281380918
test_11730,0.006627789815241953
test_11731,0.0003393195849745024
test_11732,0.999860267532007
test_11733,0.9999923214784425
test_11734,0.000313778559017896
test_11735,0.9980473771647148
test_11736,0.008823720738335499
test_11737,0.0002923111122767773
test_11738,0.9995727429894782
test_11739,0.4719131104230466
test_11740,0.10082288346459903
test_11741,0.14760932396672813
test_11742,0.21821224557417232
test_11743,0.9887726370709914
test_11744,0.9927553299192969
test_11745,0.00010555040081353943
test_11746,0.9908647257648687
test_11747,0.0015813584316392991
test_11748,0.007708681230629246
test_11749,0.9946730142458162
test_11750,0.02758117710717635
test_11751,0.38158965281695456
test_11752,0.9996610598797512
test_11753,0.05516429994164538
test_11754,0.8262313261262995
test_11755,0.6802791778610123
test_11756,0.9994349379797687
test_11757,0.18309726366265128
test_11758,0.0005886494408837945
test_11759,0.999639022951129
test_11760,0.07056982024816291
test_11761,0.9999018121706359
test_11762,0.9710146119851211
test_11763,0.8988452032787941
test_11764,0.9999260737069758
test_11765,0.003012026592122423
test_11766,0.5351284269517214
test_11767,0.04432642080967563
test_11768,0.9171220817312843
test_11769,0.9912596629563893
test_11770,0.028597656871589824
test_11771,0.9976869293686316
test_11772,0.999861822842713
test_11773,0.0016433573781231036
test_11774,0.010148671283623211
test_11775,0.9894657628862212
test_11776,0.6885903270449282
test_11777,0.9948552870410525
test_11778,0.9999836013556282
test_11779,0.9962491783853068
test_11780,0.9999854775936208
test_11781,0.0001372720513216667
test_11782,0.0004226819260055541
test_11783,0.0069740988786569464
test_11784,0.9997641930907444
test_11785,0.0028658766733863244
test_11786,0.9777392663971304
test_11787,0.00016313644517542363
test_11788,0.0016259582889196378
test_11789,0.000480896097396658
test_11790,8.881593346330779e-05
test_11791,0.9996164562090778
test_11792,0.899487629136762
test_11793,0.8425838435351382
test_11794,0.9733374004836164
test_11795,0.9976518393208593
test_11796,1.6571499108370974e-05
test_11797,0.9919270678637189
test_11798,0.016144059967945476
test_11799,0.9997068816735304
test_11800,0.002580848382521279
test_11801,0.001761516419835084
test_11802,0.006493312886911507
test_11803,1.1078765378145226e-05
test_11804,5.1942164694116104e-05
test_11805,0.09707635486039302
test_11806,0.01821444183536602
test_11807,0.9999991556773263
test_11808,0.9942376493189838
test_11809,0.5846527305235556
test_11810,0.9022648439498262
test_11811,5.4106202557969075e-05
test_11812,0.05487321060711492
test_11813,2.613442363777539e-05
test_11814,0.003518714720614773
test_11815,0.00035051289021335657
test_11816,0.9919760694208019
test_11817,0.0025159442399906497
test_11818,0.0003175264196236111
test_11819,0.9012519586657592
test_11820,0.11549443089614927
test_11821,0.9999979858497576
test_11822,0.9684722749671042
test_11823,0.9995577924950648
test_11824,0.9731242155246149
test_11825,0.9995751686918181
test_11826,0.007149498112360053
test_11827,0.994472369377835
test_11828,2.324786139676617e-05
test_11829,0.23533887535124792
test_11830,0.962392480480718
test_11831,0.015333990939747815
test_11832,0.7285076170070264
test_11833,0.0006199753112230805
test_11834,0.5486649103226698
test_11835,0.016209600839574016
test_11836,0.8819564022619995
test_11837,0.9955546818997392
test_11838,0.024567860278953975
test_11839,0.04851452127655461
test_11840,0.2734609253520871
test_11841,0.04206031940804685
test_11842,0.015409720726136052
test_11843,0.0007224667725472004
test_11844,0.00014125308726048764
test_11845,0.4365522411090776
test_11846,0.060303744624686295
test_11847,0.9257609742049688
test_11848,0.9711506005166167
test_11849,6.643215095692305e-06
test_11850,0.9999206490458384
test_11851,0.05153144670056478
test_11852,0.02380851704853419
test_11853,0.99998678744383
test_11854,0.00025274149925019935
test_11855,0.8250057402033792
test_11856,0.9989647694176108
test_11857,0.0004951055261298733
test_11858,0.9999358381496184
test_11859,0.9221011018609205
test_11860,0.33400824341909263
test_11861,0.012943217788434776
test_11862,0.005439045576396372
test_11863,0.22430951670810725
test_11864,0.9854311915153121
test_11865,0.9979449879428312
test_11866,0.9825586830560283
test_11867,0.987203989489286
test_11868,0.023873910500951574
test_11869,0.9989744574619553
test_11870,0.9950087393911602
test_11871,0.9999189439998754
test_11872,0.99910934733703
test_11873,0.5285785154138438
test_11874,0.9977521326986918
test_11875,0.9497073535657814
test_11876,0.9994202083285159
test_11877,0.2227367163601855
test_11878,0.30834710869868814
test_11879,0.43275075848557354
test_11880,0.0005783739621157561
test_11881,0.9995425411757741
test_11882,0.9986446940785441
test_11883,0.00439538526155527
test_11884,0.8216327210760398
test_11885,0.11593687536223388
test_11886,0.004186976961600966
test_11887,0.9999871753986417
test_11888,0.2096258319209408
test_11889,0.011348473943811332
test_11890,0.0017997624447896588
test_11891,0.44220234619899157
test_11892,0.000110138669067587
test_11893,0.9959064943398155
test_11894,0.017607619079965792
test_11895,0.008236669821894353
test_11896,0.9999994132831619
test_11897,0.021757653217120015
test_11898,0.07474566736071801
test_11899,0.9954842635827977
test_11900,0.6964646830235453
test_11901,0.8731473162892239
test_11902,0.998680556738053
test_11903,0.998348446020522
test_11904,0.999993053058944
test_11905,0.9999998012850768
test_11906,1.7104997483246926e-06
test_11907,0.9854574298763765
test_11908,1.882989581015333e-05
test_11909,0.0006903876804552783
test_11910,0.966073295330817
test_11911,0.19836774549405492
test_11912,0.07096322486340738
test_11913,0.00871523145665329
test_11914,0.003812644520397335
test_11915,0.00023633223161345602
test_11916,0.009130961540290626
test_11917,0.3983674964711911
test_11918,0.8599346908977056
test_11919,0.07691060608102598
test_11920,0.9985739916449536
test_11921,0.013450666259823454
test_11922,0.005645065575499411
test_11923,0.968608750696907
test_11924,0.9888525911418292
test_11925,0.9984959446264516
test_11926,0.9998807570173426
test_11927,0.9741560167318616
test_11928,0.1237678023710404
test_11929,0.0001298560781472806
test_11930,0.9996513935751893
test_11931,0.4827395244254568
test_11932,0.0317501024114164
test_11933,0.2985478223197284
test_11934,0.00437919719498575
test_11935,0.00023500698165307597
test_11936,0.996999084334725
test_11937,0.016589422167273497
test_11938,0.999975693754456
test_11939,0.23195851289794672
test_11940,0.9871870434405406
test_11941,0.001184300855843136
test_11942,0.8218126887515094
test_11943,0.0002502586290190837
test_11944,0.0001878106077855339
test_11945,0.9988952846668542
test_11946,0.7651960467631866
test_11947,0.04761663558571027
test_11948,0.05192661482688764
test_11949,0.6426375622360111
test_11950,0.0016756384263942208
test_11951,0.0012287119456779931
test_11952,6.200235729708689e-05
test_11953,0.7840010489466881
test_11954,0.003954598044650984
test_11955,0.9998884924906608
test_11956,0.15213669229697752
test_11957,0.9907575646040495
test_11958,0.7463763488557528
test_11959,0.8670398178840732
test_11960,0.0015639937857298827
test_11961,0.0021155807955958636
test_11962,0.0009208175378070969
test_11963,0.8396724884053203
test_11964,0.03009735630039944
test_11965,0.659888331799426
test_11966,0.9918698917981446
test_11967,0.015478219802012309
test_11968,0.998968627968501
test_11969,3.139027040198524e-05
test_11970,0.017204590786296853
test_11971,0.003196088647024211
test_11972,0.9999652661673327
test_11973,0.01980914731739215
test_11974,0.9990728888382263
test_11975,0.9999634474809759
test_11976,0.02996266284888362
test_11977,0.9998383006266582
test_11978,0.9997774016244085
test_11979,0.9990266192231037
test_11980,0.9488419077980567
test_11981,0.0008884020343874121
test_11982,0.9997734314707792
test_11983,0.9984565015265726
test_11984,0.9339762099109926
test_11985,0.0016555159877077532
test_11986,0.9951699058516219
test_11987,0.1392909707953607
test_11988,0.9140255981175238
test_11989,0.060337417320712745
test_11990,0.9998390103325032
test_11991,0.8803247956627107
test_11992,0.005150865676153402
test_11993,0.9892684960652169
test_11994,0.40597313432014126
test_11995,0.5922551005514751
test_11996,0.0009700004429446246
test_11997,0.9990054828322005
test_11998,0.00024973115998277415
test_11999,0.013154906062984598
test_12000,0.9992416698320552
test_12001,0.002988265380103513
test_12002,0.0027578858811318076
test_12003,0.9562352227977566
test_12004,0.025949856676588685
test_12005,0.0006535364366715084
test_12006,0.34599485573236727
test_12007,0.1922053686731938
test_12008,0.002071487730463399
test_12009,0.15408314509905358
test_12010,0.00014494057199467372
test_12011,0.9997433140944245
test_12012,0.809916830613075
test_12013,0.0011021623879575867
test_12014,0.44327415688018845
test_12015,0.9975304306804426
test_12016,0.9868522780297955
test_12017,0.9999985616553024
test_12018,0.9998623363796586
test_12019,0.9998172759575454
test_12020,0.9975503185345996
test_12021,0.9997892580892507
test_12022,0.9913237536659878
test_12023,0.000717305475448454
test_12024,0.00028723242269367136
test_12025,0.9652810809263408
test_12026,0.0026417795627877803
test_12027,0.9994512788854594
test_12028,0.012367057390099008
test_12029,0.10489262722736098
test_12030,0.0035359737669722587
test_12031,0.9999310036118348
test_12032,0.4231607934956351
test_12033,0.9999948625563683
test_12034,0.9999522621606347
test_12035,0.9354159764236611
test_12036,9.370236223618976e-06
test_12037,0.004914085248029287
test_12038,0.01286674922346374
test_12039,0.0006870001926192088
test_12040,0.9958171876303963
test_12041,0.9953840258950344
test_12042,0.0034510861633512825
test_12043,0.9974545106560627
test_12044,0.00011066527522961465
test_12045,3.2868756167973666e-05
test_12046,0.9999891726982626
test_12047,0.0036620869463793405
test_12048,0.9999870853137294
test_12049,0.0007283535922332524
test_12050,0.022103594466608433
test_12051,0.0006962475248177316
test_12052,0.21200999897285103
test_12053,0.02930515870249741
test_12054,0.9877946982300282
test_12055,0.9827868304216044
test_12056,0.7001467062866633
test_12057,0.9941676856859625
test_12058,0.8456281170168777
test_12059,0.999807604840199
test_12060,0.9999947410409304
test_12061,0.0004295395791112775
test_12062,0.03114588738292428
test_12063,0.9998449155814355
test_12064,0.9996797484988964
test_12065,0.01621824667369783
test_12066,0.0018817286719293755
test_12067,0.9981542496544629
test_12068,0.014507247547913951
test_12069,0.0010007010009329214
test_12070,0.0027757299225922775
test_12071,0.9983754377078269
test_12072,0.9995371458759356
test_12073,0.003778032356539739
test_12074,0.06499003182978681
test_12075,0.8652623568857576
test_12076,0.9577138833561011
test_12077,0.0008899203127269586
test_12078,0.9999768461500611
test_12079,0.3902120939545617
test_12080,0.0023706974936206146
test_12081,0.999954174821301
test_12082,0.07399744857742911
test_12083,0.00021475203957356295
test_12084,0.9989567155828923
test_12085,0.9978707235169393
test_12086,0.9996641019401504
test_12087,0.987349701628971
test_12088,0.01642763775512946
test_12089,0.0031209344466323727
test_12090,0.04684516699592338
test_12091,0.9998497379679823
test_12092,0.9998525676713854
test_12093,0.9929630206097498
test_12094,0.995450480572597
test_12095,0.9219245940776243
test_12096,0.9162970948261945
test_12097,0.006145980990123035
test_12098,0.515822277587192
test_12099,0.0010146020103503587
test_12100,0.026680285705887513
test_12101,0.997732254162159
test_12102,4.368685743366512e-05
test_12103,2.898492361065509e-05
test_12104,0.29577670947519613
test_12105,0.002480017222475815
test_12106,0.9949545191258181
test_12107,0.9992214636735679
test_12108,0.9996382708418697
test_12109,0.002043489549156694
test_12110,0.015394601499165989
test_12111,0.9999372207678322
test_12112,0.9997020503648802
test_12113,0.9287313021967523
test_12114,0.9998583289168451
test_12115,0.00014954601210028328
test_12116,1.563414749797219e-06
test_12117,0.00046100619748254775
test_12118,0.9903361364316084
test_12119,0.9999946000166879
test_12120,0.9851325786282178
test_12121,0.0012301379762560442
test_12122,0.022498900030884436
test_12123,4.2175891245854145e-05
test_12124,0.9999914381570305
test_12125,0.10445377202971562
test_12126,0.9999082111095555
test_12127,0.9990925358298612
test_12128,0.9437820574924012
test_12129,0.18909776914043702
test_12130,0.9948130039553003
test_12131,0.7851319210195126
test_12132,0.06953311380753081
test_12133,0.9999329225659603
test_12134,0.9998988173317573
test_12135,0.007056970949281522
test_12136,0.9960642055046387
test_12137,0.6224167480286952
test_12138,1.4692889042491526e-05
test_12139,0.7392787414348628
test_12140,0.9914780978473579
test_12141,0.0002189363486386705
test_12142,0.9475407908307917
test_12143,0.974903691594781
test_12144,0.6754273580673926
test_12145,0.08396826993342554
test_12146,0.9999891906634271
test_12147,0.010046851231153552
test_12148,0.01021760640086406
test_12149,0.9998597277382374
test_12150,7.929709001708405e-05
test_12151,0.9197361710252598
test_12152,0.9724022653237657
test_12153,0.016521168273113302
test_12154,0.9999997977407389
test_12155,0.9803974498382071
test_12156,0.018168279665718223
test_12157,0.9821067706642129
test_12158,0.00028782065393789525
test_12159,0.9997628964045249
test_12160,0.9983668327408671
test_12161,0.9977704583512204
test_12162,0.999999939484905
test_12163,0.3744796468713131
test_12164,0.9417164286549754
test_12165,0.0218996624284321
test_12166,0.9844307755975021
test_12167,0.9798706252803988
test_12168,0.005547947802122374
test_12169,0.988443382983637
test_12170,0.007837777228893261
test_12171,0.00010322943124064383
test_12172,0.6721244637200702
test_12173,0.9999905580195441
test_12174,0.03387466799636443
test_12175,0.9999509187230478
test_12176,0.9022555785938832
test_12177,0.009365263546135039
test_12178,0.4121343217613633
test_12179,0.0063891421233331835
test_12180,0.8678624994836789
test_12181,0.9943314856318828
test_12182,0.35413816655270114
test_12183,0.9999926691983401
test_12184,0.0013520667840195408
test_12185,0.9999586989215065
test_12186,0.9586065671190727
test_12187,0.07836155718958279
test_12188,0.0013748417633360594
test_12189,0.3578505373621625
test_12190,0.8490646086751273
test_12191,0.9999564278735694
test_12192,0.0001607840276041795
test_12193,0.0001331003696414756
test_12194,0.017157807353354582
test_12195,0.0006326638448588492
test_12196,0.015570306830554152
test_12197,0.2887318198331162
test_12198,0.05722434723241528
test_12199,0.49906186188366136
test_12200,0.9576372400630742
test_12201,0.00032227603394892974
test_12202,0.9997807321052271
test_12203,0.9999885751454812
test_12204,0.10165714525111154
test_12205,0.00022855720583730274
test_12206,0.004167126898119389
test_12207,0.02019795621211385
test_12208,0.9998658888038758
test_12209,0.988716809569767
test_12210,0.021210606881196473
test_12211,4.6927541014802334e-05
test_12212,0.9992487986097456
test_12213,0.06056267221436793
test_12214,0.9994904835172337
test_12215,0.9742744673101996
test_12216,0.7168455393874447
test_12217,0.0010587417214539025
test_12218,0.8203342669392579
test_12219,0.0040497962997459915
test_12220,0.014933835384186685
test_12221,0.05617457530351838
test_12222,0.00015474472571466526
test_12223,0.0007023217094346678
test_12224,0.8861170752304782
test_12225,0.001945952170354137
test_12226,0.004283305684687252
test_12227,0.03993295667274236
test_12228,0.9996494413326233
test_12229,0.0015423249441749334
test_12230,0.04180636950290773
test_12231,0.004274022632373611
test_12232,0.0043542517993898945
test_12233,9.172542569514628e-05
test_12234,0.9977426761425179
test_12235,0.05480121447339763
test_12236,0.1699832857384724
test_12237,0.9974284813466092
test_12238,0.9994405860912536
test_12239,0.9999908309243064
test_12240,0.14595670609371836
test_12241,0.157114796831227
test_12242,2.104447740701633e-05
test_12243,0.9925278354143874
test_12244,0.0015559902393073196
test_12245,0.3926294268792446
test_12246,0.999462377707385
test_12247,5.0973661131553855e-05
test_12248,0.0009016411499037065
test_12249,0.0013509081194970271
test_12250,0.4392078356444553
test_12251,5.390259608085933e-05
test_12252,0.4785000171086886
test_12253,0.8291102893580891
test_12254,0.7082880299955241
test_12255,0.030462549438037983
test_12256,0.070327347372655
test_12257,0.80970619870024
test_12258,3.711121775901569e-05
test_12259,0.991735534623162
test_12260,0.9993447751456906
test_12261,0.9977917727318188
test_12262,0.02173749277092901
test_12263,0.10971455645950781
test_12264,0.025180775632127242
test_12265,0.03467932718746591
test_12266,0.09664586888170099
test_12267,0.007836781563136714
test_12268,0.015137154739848457
test_12269,0.998254714107599
test_12270,0.018957528987990944
test_12271,0.22940039498743234
test_12272,0.9979026532004772
test_12273,0.046989469033070407
test_12274,0.7730930095707464
test_12275,4.456302231197629e-05
test_12276,0.4195277867160371
test_12277,0.4258771021150486
test_12278,0.0030303840329230477
test_12279,0.9886921358648345
test_12280,0.9966836259522694
test_12281,0.01165231087301354
test_12282,0.007481622542589173
test_12283,0.8525165170407759
test_12284,0.000609501649756841
test_12285,0.026184199608673294
test_12286,0.037323827988314205
test_12287,0.9803571405686109
test_12288,0.9999929187126952
test_12289,1.0757701791538969e-06
test_12290,0.0005341622971259332
test_12291,0.003419267262813035
test_12292,0.05803306485525204
test_12293,0.9771530766466704
test_12294,0.086000131663718
test_12295,0.8207239761609222
test_12296,0.8899955280437547
test_12297,0.0006423301738568859
test_12298,0.01217632037283796
test_12299,0.43452789392840147
test_12300,0.44901047428509727
test_12301,0.9718407004293309
test_12302,0.34419856381371955
test_12303,0.0003200376052360834
test_12304,0.999948873947515
test_12305,7.295691111491215e-08
test_12306,0.9908684095924144
test_12307,0.9808209439086738
test_12308,0.09825910202306665
test_12309,0.9957230026620344
test_12310,0.0009185974789545764
test_12311,0.9957551455978938
test_12312,0.9639714915511711
test_12313,0.7453300457451425
test_12314,0.9999314086575133
test_12315,4.991316417491909e-07
test_12316,0.0005032461427407785
test_12317,0.0002022989076875319
test_12318,0.0002588142579852373
test_12319,0.4688888938832424
test_12320,0.9999704287238602
test_12321,0.9952089294573795
test_12322,0.014799182032924334
test_12323,0.13237248555621575
test_12324,0.017540407175644573
test_12325,0.33578825367592513
test_12326,0.9996612440071279
test_12327,0.9999996342570353
test_12328,1.7574315575661446e-05
test_12329,0.12496183944660831
test_12330,0.9997837732523968
test_12331,0.05774776166287329
test_12332,0.9524512537587481
test_12333,0.00034026890447687
test_12334,0.0017484849864788125
test_12335,0.9974313313296291
test_12336,0.16265733159665624
test_12337,0.3783979799970592
test_12338,0.005532238697726219
test_12339,0.9969393274832619
test_12340,0.33868176031471275
test_12341,0.14744684673686115
test_12342,0.0002472291455098066
test_12343,0.0003355100182476969
test_12344,0.9890952628307614
test_12345,0.996792133134148
test_12346,0.9993053975224908
test_12347,0.9997257673867097
test_12348,0.44316332400882114
test_12349,0.7638130977493026
test_12350,0.0029883107785770146
test_12351,0.7653220836403413
test_12352,0.8315216729506834
test_12353,0.9989688216310433
test_12354,0.01621005205408249
test_12355,3.865005093047166e-05
test_12356,0.7557983691918001
test_12357,0.9968835349781917
test_12358,0.005595219830319502
test_12359,0.9800598119308567
test_12360,0.0017374950081584758
test_12361,0.9990814344061225
test_12362,0.0462540931878652
test_12363,0.0001934300911014021
test_12364,0.00017259852784265334
test_12365,0.9989996154450532
test_12366,0.8234133945010985
test_12367,0.0011207849599503452
test_12368,0.9998790602310828
test_12369,0.9845389540051774
test_12370,0.5314490959554816
test_12371,0.9836123843330448
test_12372,0.9990427326179266
test_12373,0.9949607273814176
test_12374,0.0001922171141146603
test_12375,0.9857899390338982
test_12376,0.00016191337197410686
test_12377,1.1641046801683402e-06
test_12378,0.00018437441051182642
test_12379,0.012113529643769837
test_12380,0.00021813980430378352
test_12381,0.9250040085512004
test_12382,0.0022488573161224355
test_12383,0.0009869117430111104
test_12384,0.7480864672622212
test_12385,0.015311545418885433
test_12386,0.5967099711973832
test_12387,0.9999416330601845
test_12388,0.0008691066838672416
test_12389,0.6267439078732945
test_12390,2.0503063943599703e-05
test_12391,0.9998537518242795
test_12392,0.00025401313505675347
test_12393,0.03307618121993812
test_12394,0.7383160982225987
test_12395,0.9139603121290215
test_12396,0.0009041262680557089
test_12397,0.00046580789689420744
test_12398,0.00365379867264263
test_12399,0.00012659014891987355
test_12400,0.999994263024674
test_12401,5.6950985169714973e-05
test_12402,0.16856333927173617
test_12403,0.9991198022141561
test_12404,5.90338714326259e-05
test_12405,0.0025154664591762847
test_12406,0.9179726382178222
test_12407,0.9865780922747691
test_12408,0.999968789375092
test_12409,0.5163597081336574
test_12410,6.556306536392737e-05
test_12411,0.9965433902946489
test_12412,0.9999752879184506
test_12413,0.008682880953618773
test_12414,2.038862824782297e-05
test_12415,0.2113856824419334
test_12416,0.9683736399202757
test_12417,0.6290774246859733
test_12418,0.9999988300898621
test_12419,0.8931618991211441
test_12420,0.9938349580280703
test_12421,0.00016715914249734577
test_12422,0.9999049645193737
test_12423,0.0004143968579055549
test_12424,0.7848740053062822
test_12425,0.07334103660731588
test_12426,0.9960912345625313
test_12427,0.08029127840562682
test_12428,0.9978997820415668
test_12429,0.9636509314819266
test_12430,0.999744076410911
test_12431,0.9842599288872449
test_12432,0.6063823265475169
test_12433,0.7508666223632764
test_12434,0.999965429655482
test_12435,0.009583464158412455
test_12436,0.03300405333983448
test_12437,0.0070562005351529795
test_12438,0.003140126883590584
test_12439,0.0012283897153331595
test_12440,0.944121855960203
test_12441,0.9821435656777954
test_12442,0.9999669558905315
test_12443,0.029210035762485726
test_12444,0.05319546090239199
test_12445,0.9980333617347998
test_12446,0.3707599031513928
test_12447,1.0556241539248773e-06
test_12448,0.0001334424247072853
test_12449,0.24754702389133745
test_12450,0.9924387958608735
test_12451,0.9979604448721717
test_12452,0.7288695526443437
test_12453,0.946306220738835
test_12454,0.5086755380543377
test_12455,0.00016872569827573844
test_12456,0.0017755967394292175
test_12457,0.0008338159751410823
test_12458,0.8549363286907555
test_12459,0.1812488680717117
test_12460,0.0022390918253830257
test_12461,0.9999203306652413
test_12462,0.011681318420957487
test_12463,0.4280742829989556
test_12464,0.0001607515008047245
test_12465,0.9997100236205395
test_12466,2.5464456730613628e-05
test_12467,0.9998819000939717
test_12468,0.009297736423766603
test_12469,0.0005018495104189841
test_12470,0.9999706111433743
test_12471,0.6435468375401753
test_12472,0.00010740258214281044
test_12473,0.7543068831015013
test_12474,2.199428558611365e-06
test_12475,0.21101712579385398
test_12476,0.9963536493671356
test_12477,0.000458871348577281
test_12478,0.9999978195899701
test_12479,7.623034004828378e-07
test_12480,0.002651452783846716
test_12481,0.0009767733913686348
test_12482,0.9982705940971949
test_12483,0.00029384602612031186
test_12484,0.9810340129716985
test_12485,0.000750929987278325
test_12486,0.005653255030610031
test_12487,0.718751292242134
test_12488,0.00022499335493411968
test_12489,0.9999735092421889
test_12490,0.01566910826725
test_12491,0.006364860127383554
test_12492,0.7572429291963564
test_12493,0.9992676164661133
test_12494,0.9995818562962187
test_12495,0.00021368423358495285
test_12496,0.41541216639875045
test_12497,4.5112796707153827e-05
test_12498,0.9098902774358535
test_12499,0.9774248316731418
test_12500,0.9999990900046668
test_12501,0.7315618356933987
test_12502,0.08700695753589271
test_12503,0.9996114051062183
test_12504,0.9985403046627922
test_12505,0.3436387320309083
test_12506,0.983617863341609
test_12507,0.4188069154514015
test_12508,0.988728472749745
test_12509,1.1119078674256732e-06
test_12510,0.4172571131394496
test_12511,0.005158617470021585
test_12512,0.008372720046953164
test_12513,0.011739515136137807
test_12514,0.9994962461166285
test_12515,0.10227322075420808
test_12516,0.998884288686679
test_12517,7.886451227599884e-05
test_12518,0.0032375656645413334
test_12519,0.005873488241500401
test_12520,1.0034723256685912e-05
test_12521,0.00020503680783138235
test_12522,0.00444192712221643
test_12523,3.0770379390299245e-05
test_12524,0.9998378691449183
test_12525,0.002368177198697578
test_12526,0.9994770827013941
test_12527,4.179889236523785e-06
test_12528,5.577811351375897e-08
test_12529,0.030720630742145694
test_12530,0.9855257408341315
test_12531,0.1903059602135199
test_12532,0.035641419540305586
test_12533,0.45796240611375577
test_12534,0.9973906542660977
test_12535,0.999753388708375
test_12536,0.00015623377672801804
test_12537,0.8517470628425021
test_12538,0.9998371438209332
test_12539,0.001984406309177801
test_12540,0.02243720810110159
test_12541,0.09900539746003809
test_12542,0.0002909634877824729
test_12543,0.012483571401598717
test_12544,0.36544972970122835
test_12545,0.9984383570241934
test_12546,0.0030139387208940535
test_12547,0.0004358905510415309
test_12548,0.3097793971362887
test_12549,0.994735284634546
test_12550,0.9615381616490438
test_12551,0.15113823416095054
test_12552,0.9988702049861401
test_12553,0.6349304110621233
test_12554,8.556215186062456e-06
test_12555,0.9533426797396215
test_12556,0.0005107798360053388
test_12557,0.27420211697677116
test_12558,0.001751281676105686
test_12559,0.9981742427030038
test_12560,0.9990236562101198
test_12561,0.9999993316458667
test_12562,0.005071984801029454
test_12563,0.9986577206796355
test_12564,0.017947184925871086
test_12565,0.01668069749887884
test_12566,0.9999750845335128
test_12567,0.0004972331763446981
test_12568,0.00044121078523125755
test_12569,0.9967927225242579
test_12570,0.8922291620442842
test_12571,0.01741049491334917
test_12572,0.9255838008173427
test_12573,0.00017645949436114955
test_12574,0.11481228114761424
test_12575,0.00043283704335871315
test_12576,0.47505620930329734
test_12577,0.3057070075276985
test_12578,0.02382728875654449
test_12579,0.9999067261478055
test_12580,0.1095726487352072
test_12581,0.6928912807254031
test_12582,0.00044714372319437325
test_12583,0.9826460382368224
test_12584,0.9082795525906082
test_12585,0.9985027220280287
test_12586,0.28262878424170534
test_12587,0.9940529850554608
test_12588,9.194730384380391e-06
test_12589,0.0004927918345910653
test_12590,0.8707941475155324
test_12591,0.9982267432437582
test_12592,0.010520848793475498
test_12593,0.0013621092320383829
test_12594,0.9566053595862659
test_12595,0.9140231862705569
test_12596,0.00444797252036642
test_12597,0.8954604852328995
test_12598,5.794410739258215e-06
test_12599,0.017190108035841013
test_12600,0.9814070677143673
test_12601,0.9963245556234565
test_12602,0.09101635119094328
test_12603,0.9996455031617899
test_12604,0.09886430176412751
test_12605,0.057996758458653
test_12606,0.9985227849470933
test_12607,7.177050122431444e-05
test_12608,0.993690035533869
test_12609,0.17033996666456597
test_12610,0.023596712026411126
test_12611,0.04688412027066395
test_12612,0.05136749429562652
test_12613,0.9731992667945947
test_12614,0.822322944698213
test_12615,0.43232286112046897
test_12616,2.649669847636963e-05
test_12617,0.00023336464948441767
test_12618,0.027097572002785487
test_12619,0.3391340289905714
test_12620,0.9984547547489169
test_12621,0.22930642234208148
test_12622,2.8219245476748075e-05
test_12623,0.8247770159676118
test_12624,0.9999998640575181
test_12625,5.107648835946042e-06
test_12626,2.8903971615639254e-05
test_12627,0.0005188336214233705
test_12628,5.4557494143106736e-05
test_12629,0.9999977715591882
test_12630,1.9483615689261184e-05
test_12631,0.9999901159251419
test_12632,0.4224068567891167
test_12633,0.019482144318093714
test_12634,0.04554307571456822
test_12635,0.0005953965653973569
test_12636,0.9988138019051233
test_12637,0.9351446967116898
test_12638,0.005378560952532597
test_12639,0.9994627554278253
test_12640,0.2890987383223592
test_12641,0.020690660706981275
test_12642,0.8066392808635798
test_12643,0.9999915312763054
test_12644,0.0016746804776305785
test_12645,0.9999647537432608
test_12646,0.9874393840410788
test_12647,0.0010241980522607181
test_12648,0.00028167877280521066
test_12649,0.00010201069919807289
test_12650,0.9628516079982007
test_12651,0.9942024471469013
test_12652,5.8665372581611225e-06
test_12653,0.007512822626197441
test_12654,0.028302830618632847
test_12655,0.9997321676309253
test_12656,0.9978168993346884
test_12657,0.9987336406454068
test_12658,0.9999992578200935
test_12659,0.00010842640210476375
test_12660,0.3771311884360294
test_12661,0.9999903771988333
test_12662,0.9158558482947556
test_12663,0.01856928541052193
test_12664,0.011728319046222067
test_12665,0.9996819998404645
test_12666,0.10639862844145749
test_12667,0.6220919002894126
test_12668,0.0016430691033763694
test_12669,0.022276871795403434
test_12670,0.9984356159662271
test_12671,0.9923911359805292
test_12672,5.0999911055834055e-06
test_12673,0.0002950408926283526
test_12674,0.3235550713118609
test_12675,0.005388046835381827
test_12676,0.9972305850655395
test_12677,0.9855207976969407
test_12678,0.01954507436894475
test_12679,0.9966390476928931
test_12680,0.951149366935994
test_12681,0.12829554614280356
test_12682,0.9906236162113647
test_12683,1.347046353399513e-05
test_12684,0.9998955092601
test_12685,0.0012217037955481577
test_12686,0.872133912739522
test_12687,0.9977936847628089
test_12688,0.9278731476670358
test_12689,0.3832508465885504
test_12690,0.0667397473030252
test_12691,0.9999290357498997
test_12692,0.9625166691394781
test_12693,0.969208356135224
test_12694,0.0012270688895383239
test_12695,6.806640000546873e-07
test_12696,0.7374462226743327
test_12697,0.037276857647092244
test_12698,0.6725385462423397
test_12699,0.9379017747200864
test_12700,0.006277196415928564
test_12701,0.696367329620717
test_12702,0.00285005233376035
test_12703,0.003859278658730983
test_12704,0.9988935325167053
test_12705,0.999868001439607
test_12706,0.0672110596914096
test_12707,0.9953334411566871
test_12708,0.7334033970817937
test_12709,0.9999562948654427
test_12710,0.03398494921307027
test_12711,0.9719729524645294
test_12712,0.9999552389272376
test_12713,0.013924997893572821
test_12714,4.802517505864403e-05
test_12715,0.22841151918589095
test_12716,0.00036046754129745825
test_12717,0.004808314911513658
test_12718,0.0010055274860470691
test_12719,0.39212412768428667
test_12720,0.9960030151534272
test_12721,0.993037780068827
test_12722,0.9988745645610579
test_12723,1.1453367798611608e-05
test_12724,0.0004390299198474361
test_12725,0.23352653164447265
test_12726,0.04691762702580511
test_12727,0.49814529354841897
test_12728,0.45988876685219116
test_12729,0.9703026638125166
test_12730,0.00031966755579154407
test_12731,0.9990194854008108
test_12732,0.390165262407426
test_12733,0.9752788911679232
test_12734,0.9931965585099201
test_12735,0.9982727471574528
test_12736,0.7890416097146268
test_12737,0.9993516449119443
test_12738,0.019514508154430746
test_12739,0.9942814022165215
test_12740,0.0002775787979492242
test_12741,0.0015505944216928785
test_12742,0.07785325664071582
test_12743,0.06434276894427367
test_12744,0.00019198438579909278
test_12745,0.37590370147978014
test_12746,0.9980983989759631
test_12747,0.9694669690301867
test_12748,0.7607558396246689
test_12749,0.04405944154951379
test_12750,0.0007010086015696085
test_12751,0.00028605038081362454
test_12752,0.9912825086027138
test_12753,4.268061497904473e-05
test_12754,1.1485089201112967e-05
test_12755,0.9854279162982207
test_12756,0.9990769316737972
test_12757,0.960107542893239
test_12758,0.02133083124185671
test_12759,0.0005829181732939326
test_12760,0.7978656588574075
test_12761,0.8712418294950794
test_12762,0.004244317240196859
test_12763,0.9485108466928518
test_12764,8.20364882172962e-06
test_12765,0.9695890018647997
test_12766,0.0002334706040285632
test_12767,0.0002631812897320509
test_12768,0.9998284759439061
test_12769,0.9869707444536934
test_12770,0.00010958181380032276
test_12771,0.004847645424212151
test_12772,0.4125309823823571
test_12773,0.9999996519199826
test_12774,0.0007308596842934334
test_12775,0.9999409749444211
test_12776,8.945563149097125e-06
test_12777,0.002591620389949163
test_12778,0.9623513737269349
test_12779,0.012184296851401632
test_12780,0.9999414283022356
test_12781,0.9999923495407773
test_12782,9.375954372234018e-05
test_12783,0.9999834810242678
test_12784,0.5583269677199861
test_12785,0.9967529799802385
test_12786,0.6061252516261622
test_12787,0.9998846166424172
test_12788,0.02368937393680886
test_12789,0.9994463315388421
test_12790,0.00018322933444542036
test_12791,0.0010779690860745776
test_12792,0.0001470285861631187
test_12793,0.998083011568399
test_12794,0.04151004797368149
test_12795,0.9983052996828343
test_12796,0.9763471886445559
test_12797,0.9978414648537983
test_12798,0.9340297046711948
test_12799,4.229554987618299e-08
test_12800,0.44605719036082175
test_12801,0.11310022179852217
test_12802,4.875489193659836e-05
test_12803,0.9979278215542406
test_12804,0.9999887019232342
test_12805,0.0018532127472129984
test_12806,0.8262486162797763
test_12807,0.9998597614394223
test_12808,2.7263062065651385e-05
test_12809,0.9998428199580187
test_12810,4.961203798897299e-05
test_12811,0.7583410760589117
test_12812,0.9950072448097915
test_12813,0.9802549979953555
test_12814,0.15477967514434243
test_12815,0.43038934662949807
test_12816,0.08020842262079428
test_12817,0.014113189858044498
test_12818,1.9549068071387185e-06
test_12819,0.00030764420784540347
test_12820,0.9891246557882544
test_12821,0.2973995693619679
test_12822,0.9210843996772612
test_12823,0.9962943346240511
test_12824,0.0005160736442354003
test_12825,0.30163630770411
test_12826,0.16087878716124682
test_12827,8.940488971810448e-05
test_12828,0.46942699340657773
test_12829,0.9764994979088907
test_12830,0.0005636777325273316
test_12831,0.0013707760628347092
test_12832,0.9985823836577412
test_12833,5.9092716656931715e-06
test_12834,0.9999941979805461
test_12835,0.99963763799501
test_12836,0.3258651593783357
test_12837,0.9805956452729545
test_12838,0.9998033968478555
test_12839,1.8167357037851277e-06
test_12840,0.0003560593571693514
test_12841,0.0028337030937115914
test_12842,0.00028646261710356955
test_12843,0.9999726331332929
test_12844,0.9870381711049825
test_12845,0.016907752604379895
test_12846,0.00018837017665427168
test_12847,0.5806244815864395
test_12848,0.9994081588958494
test_12849,0.007684923758727248
test_12850,0.9149616403610488
test_12851,0.08312334615667705
test_12852,0.008266637842655312
test_12853,0.9928171096020757
test_12854,0.0986861060495207
test_12855,0.003029958478197266
test_12856,0.9984037514847023
test_12857,0.9983171256338608
test_12858,0.00015168385567269495
test_12859,0.9994786008363825
test_12860,0.9999609782357404
test_12861,0.0957604000442708
test_12862,0.0014055524369681394
test_12863,0.011417320675794053
test_12864,2.523728722689154e-05
test_12865,0.9996030091904948
test_12866,0.9782309441559012
test_12867,0.9908731137372514
test_12868,0.290560210621638
test_12869,6.990214194036466e-05
test_12870,0.9999998041628341
test_12871,0.5859932018699715
test_12872,0.9885635636723722
test_12873,0.9950238547212695
test_12874,0.9983975194333297
test_12875,0.0008213601973931371
test_12876,9.577556236143293e-06
test_12877,0.0017327228607028082
test_12878,0.8075126033606725
test_12879,0.999437745654817
test_12880,0.11864057980582411
test_12881,1.0458877772961113e-06
test_12882,0.9997563237422543
test_12883,0.00811903357800278
test_12884,0.0666756676838993
test_12885,0.000289203408190877
test_12886,0.6131876262001467
test_12887,0.14089392004940354
test_12888,0.04210925860053457
test_12889,0.00017878398220414393
test_12890,0.9999999198466853
test_12891,2.7121178093411332e-05
test_12892,0.0026015685368783576
test_12893,0.9992840098201711
test_12894,0.001588593470486131
test_12895,0.9978365054683415
test_12896,0.4821095141769491
test_12897,0.9966104033969733
test_12898,0.3989153817237015
test_12899,0.3684753697494164
test_12900,0.9916058279507948
test_12901,0.9772088081698159
test_12902,0.9715607656023911
test_12903,0.3061424226041963
test_12904,0.3120907914539297
test_12905,0.9992302152657733
test_12906,0.008565762062050043
test_12907,1.194931824382837e-05
test_12908,0.9973136534452626
test_12909,0.9964496602044371
test_12910,0.0027254654093048117
test_12911,0.9998529099462922
test_12912,0.9981941773103529
test_12913,0.00012068113058254722
test_12914,1.2791962425690517e-05
test_12915,0.004934346973161601
test_12916,0.9994975184089518
test_12917,0.9963303706475752
test_12918,0.009889844083573041
test_12919,0.9476744645940637
test_12920,0.9999888807530718
test_12921,7.652854758611313e-06
test_12922,0.016414443324033266
test_12923,0.9017716956253384
test_12924,0.9991747430473225
test_12925,0.6357049596760022
test_12926,0.9999098753677522
test_12927,0.001875575562257747
test_12928,0.0014396723588800454
test_12929,0.9996182693620594
test_12930,0.998906454141024
test_12931,0.010087556361471272
test_12932,0.001942534637459154
test_12933,0.994902874665183
test_12934,0.9418099701366859
test_12935,0.007323966130983549
test_12936,0.9910756730269451
test_12937,0.2068558294746548
test_12938,0.31749076525264713
test_12939,0.41687547555921706
test_12940,0.9988780666371286
test_12941,0.5192437198855878
test_12942,0.0664992904375557
test_12943,0.2536957513054994
test_12944,0.999925080118698
test_12945,0.00573067182036659
test_12946,0.999996281924379
test_12947,0.9846137559991974
test_12948,0.0015048411153817394
test_12949,5.614979914402385e-05
test_12950,0.9657207590871091
test_12951,0.07854845336092778
test_12952,0.31362637131263393
test_12953,0.9946411224606557
test_12954,0.0010230364364643457
test_12955,0.34012287914021233
test_12956,0.9996411803071745
test_12957,0.9613194306476532
test_12958,0.0018533443505351823
test_12959,0.5810290607838177
test_12960,0.9024441717216226
test_12961,0.03360379616629747
test_12962,0.0761877275471451
test_12963,0.999991053274387
test_12964,0.07786647632193004
test_12965,0.875752165884725
test_12966,0.9948990465127879
test_12967,0.0011636074908769481
test_12968,0.05422694841984789
test_12969,0.9550991462846569
test_12970,0.19010390187754408
test_12971,0.0001692627509507372
test_12972,0.027273771502441386
test_12973,3.759042516115184e-05
test_12974,0.4097072720946081
test_12975,0.0009804810530400702
test_12976,0.0006840320516863683
test_12977,0.0006637319963887384
test_12978,0.9728700157502918
test_12979,0.00018216105050026957
test_12980,0.0008338189184688953
test_12981,0.9945501274322965
test_12982,0.9805065353457583
test_12983,0.9899410009040042
test_12984,0.6260159292669528
test_12985,0.9988521429345943
test_12986,0.9994531815167282
test_12987,0.9998501072831808
test_12988,0.00037172316141113144
test_12989,0.671369714818921
test_12990,0.9995558049939898
test_12991,0.5583009806702643
test_12992,0.019546524508100797
test_12993,0.9562783710647081
test_12994,0.01751183584607168
test_12995,0.34984974816272096
test_12996,0.9996674148118774
test_12997,0.0004684495829758553
test_12998,0.9995452351534839
test_12999,0.7285907226987939
test_13000,0.4058904020489521
test_13001,0.9999269000954892
test_13002,0.0016665791069757387
test_13003,0.9999513122081914
test_13004,0.026717233022231366
test_13005,0.9014664003575743
test_13006,0.03750764021353068
test_13007,8.150580695068821e-06
test_13008,0.6932405804002258
test_13009,0.9995017283805369
test_13010,0.0567146811488381
test_13011,0.24827196632056392
test_13012,0.6113808582513205
test_13013,0.9999994443358168
test_13014,0.006197912445083083
test_13015,0.9999720269862671
test_13016,0.0035407944726082697
test_13017,0.8587111809966372
test_13018,0.00038741964563255996
test_13019,0.9611332141940293
test_13020,0.0016156781537789752
test_13021,0.1822503121073083
test_13022,0.21383992468581164
test_13023,0.8375420626622792
test_13024,0.9985267316989306
test_13025,0.9815061107806223
test_13026,0.2549272301475225
test_13027,0.9942825715296538
test_13028,0.291596422136086
test_13029,0.8016160935232172
test_13030,0.01411853230342779
test_13031,0.846965982411687
test_13032,0.9979945859168408
test_13033,0.00016502116305935706
test_13034,0.993204599171663
test_13035,0.08332458430085762
test_13036,0.5045918429926349
test_13037,0.9773836331325315
test_13038,0.9824084474926148
test_13039,0.8589321675242748
test_13040,0.9984430319100848
test_13041,0.9543409932042424
test_13042,0.5033537355469748
test_13043,0.8877244125790221
test_13044,0.9992010873060779
test_13045,5.726258353754331e-05
test_13046,0.7714137655626251
test_13047,8.926405734795693e-05
test_13048,0.0001263799261434381
test_13049,0.9951467033712302
test_13050,8.770730479063089e-05
test_13051,0.00018009822565036583
test_13052,0.9996657917288495
test_13053,0.9998507113835354
test_13054,0.0005155954388253745
test_13055,0.04468906476354083
test_13056,0.9995676325753401
test_13057,0.00041419481196102305
test_13058,0.0009480856876192033
test_13059,0.9897589063319756
test_13060,0.9494470793785816
test_13061,0.9999528310884146
test_13062,0.9999657097240032
test_13063,0.3657562187253952
test_13064,0.00018381326133628186
test_13065,0.9999996634946948
test_13066,0.3039254395422962
test_13067,0.05423523659917542
test_13068,0.9180781910121046
test_13069,0.9999906927241465
test_13070,0.9897328416453881
test_13071,0.0004952033465818535
test_13072,8.306335796829405e-05
test_13073,0.6612773054277156
test_13074,0.9995854463810736
test_13075,0.9813942718695995
test_13076,0.010306077021549894
test_13077,0.36380150373270054
test_13078,0.9819348278826959
test_13079,0.9570906642057009
test_13080,0.008723131968482092
test_13081,0.03386515750124469
test_13082,0.9905572246343536
test_13083,0.7897025690949543
test_13084,0.9810288366401351
test_13085,0.9999712153710112
test_13086,0.9889108089942765
test_13087,0.06402784814540095
test_13088,0.8170397956976693
test_13089,0.04755719202441956
test_13090,0.02100271905947363
test_13091,0.00918553731932895
test_13092,0.9994742839290608
test_13093,1.3699356621517752e-06
test_13094,0.9809217846122894
test_13095,0.2973744667230742
test_13096,1.0509749261673107e-06
test_13097,0.0005328957284563015
test_13098,8.68827177566372e-05
test_13099,0.0022361543362312197
test_13100,0.0019765968770586334
test_13101,0.02067885899311765
test_13102,0.4217298834699246
test_13103,0.0033312054997445533
test_13104,8.645511830347742e-06
test_13105,0.9619772799248183
test_13106,0.980101850347592
test_13107,0.9985357338148746
test_13108,0.9999294336749757
test_13109,0.012066319545105538
test_13110,0.9999991027776466
test_13111,0.9316084003821842
test_13112,0.977419727415672
test_13113,0.09558268678879614
test_13114,0.10572927884448607
test_13115,0.17662459996973578
test_13116,0.4903233949245079
test_13117,0.0053577381996246405
test_13118,0.014473783881194649
test_13119,0.003417443233417328
test_13120,0.019778466126834218
test_13121,0.032571183376555526
test_13122,7.6901178986264e-05
test_13123,0.02186980595890287
test_13124,0.9983727478206792
test_13125,0.9998978703222993
test_13126,0.05161365060071088
test_13127,0.9999942593383488
test_13128,0.9778076860550955
test_13129,0.16009471152367352
test_13130,0.9976551053805501
test_13131,0.0040405971023823066
test_13132,0.1618807113037562
test_13133,0.000465442075252774
test_13134,0.01611409270468268
test_13135,0.00016874508492226885
test_13136,0.0042586650217694335
test_13137,0.9724228591411593
test_13138,0.9952463188926629
test_13139,0.023409736549595966
test_13140,0.0032316185875406276
test_13141,0.999946130154578
test_13142,0.009274280726224942
test_13143,0.9959237156612208
test_13144,1.3641225496019896e-05
test_13145,0.02318300692188493
test_13146,0.9996946926449362
test_13147,0.9999998134085217
test_13148,0.00028191435680862624
test_13149,0.03978078777643342
test_13150,0.003380086911588138
test_13151,0.9696162334974291
test_13152,0.05393020302286355
test_13153,0.9831687469140933
test_13154,0.03660631756893649
test_13155,0.9999968527677779
test_13156,9.368088011644547e-05
test_13157,0.04651025936840822
test_13158,0.0037273414041515507
test_13159,0.9916169173722503
test_13160,0.5854870800000931
test_13161,0.0006955968199376493
test_13162,0.4950623873268207
test_13163,0.9999978118163022
test_13164,0.0005980739152105308
test_13165,0.19555505888703992
test_13166,0.0060837930393421984
test_13167,0.8258032666790057
test_13168,0.4726953058268293
test_13169,0.0029190536081021355
test_13170,0.05526871870019709
test_13171,0.0639094387513552
test_13172,0.9391179971819562
test_13173,0.00020761914562790877
test_13174,0.9999221064455341
test_13175,0.00029018769581925434
test_13176,0.05409929677747239
test_13177,0.02617406672333678
test_13178,0.059450478950514175
test_13179,0.003524185014761789
test_13180,0.9996522842645083
test_13181,0.014858330645703419
test_13182,0.9791434366717462
test_13183,0.9999996615363085
test_13184,0.0009037106878868292
test_13185,0.9999997493337831
test_13186,0.9737837663371489
test_13187,0.9620979062559393
test_13188,0.0001357078312278596
test_13189,0.14155326478842484
test_13190,5.060569066378849e-07
test_13191,0.0006483245458092414
test_13192,0.9972647135763343
test_13193,0.0058948755773333555
test_13194,0.9739537688518739
test_13195,0.004312252186823066
test_13196,0.9999042906123042
test_13197,0.05607943752014788
test_13198,0.34244655007735886
test_13199,0.33602386113760063
test_13200,0.08409178856575689
test_13201,0.00028497647266904403
test_13202,0.9315820443027915
test_13203,0.9999979043486323
test_13204,0.4071874636713968
test_13205,0.5631055702538327
test_13206,1.7323901036591476e-06
test_13207,0.9164276082027618
test_13208,0.16773395476778155
test_13209,0.014039147908633774
test_13210,0.9999693850611331
test_13211,0.13896695611789303
test_13212,0.9995817287375153
test_13213,0.007260520107115172
test_13214,6.422947489298106e-05
test_13215,0.016047479497129293
test_13216,0.9999702320259933
test_13217,0.9998658935059395
test_13218,0.9999999865723508
test_13219,0.7256796418675585
test_13220,0.9982213627791756
test_13221,0.02155666744979947
test_13222,0.9990029137730257
test_13223,0.1246695786058536
test_13224,0.9973037193913684
test_13225,0.025234391056579077
test_13226,0.9925658219228768
test_13227,0.9963879115091109
test_13228,3.316450251350489e-05
test_13229,0.0001610021035116039
test_13230,3.2227797711587746e-05
test_13231,0.9958349074450773
test_13232,0.957813855920258
test_13233,0.0005396291756448813
test_13234,0.99529630241128
test_13235,0.001230418237425116
test_13236,0.021119562240754137
test_13237,0.0052159320997270334
test_13238,0.9998379517268638
test_13239,0.6458390602666676
test_13240,0.00010581315439389243
test_13241,0.000889018132301926
test_13242,0.0003959148612795726
test_13243,0.9997705825341372
test_13244,0.9795128739984155
test_13245,0.6090591457237531
test_13246,0.9960367020346581
test_13247,0.9989007289434991
test_13248,0.9445196139309746
test_13249,0.00251477699684962
test_13250,0.9790697822636538
test_13251,0.10669538671838018
test_13252,0.9710241843819405
test_13253,0.015590781732534845
test_13254,0.06755709686639039
test_13255,0.9863551786449511
test_13256,0.0019431667673320025
test_13257,0.001601745926556658
test_13258,0.9635238300619603
test_13259,0.9996538216638663
test_13260,0.010491966581050453
test_13261,0.00021369457207616943
test_13262,0.0023396104779204634
test_13263,0.001322396408659738
test_13264,0.9361552967162966
test_13265,0.965069182020545
test_13266,0.9941955406525188
test_13267,0.16272487174201486
test_13268,0.03174552538565146
test_13269,7.347901103343708e-06
test_13270,0.019175443854113055
test_13271,0.0017177985408487733
test_13272,1.1454627966734968e-05
test_13273,0.9999428649661246
test_13274,0.0021256330473247882
test_13275,0.133192761177277
test_13276,0.002465925074292098
test_13277,0.0037243344745845276
test_13278,0.04835896265394986
test_13279,0.028149796572739232
test_13280,0.0696447875474167
test_13281,0.9922735065043663
test_13282,0.002164870205375077
test_13283,0.9282663285185564
test_13284,0.24192915220237604
test_13285,0.00038050302193280076
test_13286,0.9830095406040092
test_13287,5.2251204094376e-05
test_13288,0.9988854131738871
test_13289,0.00016588507509081123
test_13290,0.9999327887757827
test_13291,0.9999446204726088
test_13292,0.9999280082817846
test_13293,0.9992431240372466
test_13294,0.8501073908264936
test_13295,0.9997799601170457
test_13296,0.9967498613587384
test_13297,0.0009271964128952221
test_13298,0.9996566907143227
test_13299,0.9947350356293927
test_13300,0.4456426156802754
test_13301,0.9943458604753264
test_13302,0.9991393112018434
test_13303,0.02685816429667447
test_13304,0.9976421538048486
test_13305,0.9474526940380467
test_13306,9.513265597427837e-08
test_13307,0.0018104464048574918
test_13308,0.9997473558510855
test_13309,0.9971780238937511
test_13310,0.9999965440461464
test_13311,0.9823305779725007
test_13312,0.0015519524282423358
test_13313,0.8767128825702153
test_13314,0.9884821094108802
test_13315,0.9999659406576612
test_13316,0.00037068243478369993
test_13317,0.9990158986211224
test_13318,0.02126870486888043
test_13319,0.9953292325063051
test_13320,0.007203355253245598
test_13321,0.0023590760228518293
test_13322,0.0034428764071065426
test_13323,0.9956061869525584
test_13324,0.022750057224062033
test_13325,0.0004578648825750397
test_13326,0.04758536024587225
test_13327,0.9998357853984957
test_13328,0.0002887164654394948
test_13329,0.0031165719483565455
test_13330,0.00011290819231830443
test_13331,0.32104606639075967
test_13332,8.415529128341221e-05
test_13333,0.9851645345750579
test_13334,0.0027260701165336717
test_13335,0.00022563800695088598
test_13336,0.027645697939351132
test_13337,0.9977433751280881
test_13338,0.035571849766651405
test_13339,0.9269116976737051
test_13340,2.3841437057987018e-05
test_13341,0.9199429313321921
test_13342,0.00011950114667359394
test_13343,0.9900493860083944
test_13344,0.9998993009969472
test_13345,0.9962594383604201
test_13346,0.5487683223730949
test_13347,0.02697159799573855
test_13348,0.0017215087853638881
test_13349,0.04739224675205482
test_13350,0.014596072214514012
test_13351,0.9994553751268364
test_13352,4.8272492627777195e-05
test_13353,0.0034608912678036354
test_13354,0.999234719105101
test_13355,0.13642787437604734
test_13356,0.9996775378393028
test_13357,0.0004385521171896135
test_13358,0.9994919338885307
test_13359,0.958872850410598
test_13360,0.9999958145823686
test_13361,0.0007142361967958686
test_13362,0.9999995170078545
test_13363,0.05889730210029544
test_13364,0.9408177539729017
test_13365,0.9999999360806612
test_13366,0.9901074966470864
test_13367,0.987882903617352
test_13368,0.9922867991198129
test_13369,0.014934296399221237
test_13370,0.8731989443935371
test_13371,0.9997711173968874
test_13372,0.9998730698311394
test_13373,0.9982634532448424
test_13374,0.9845643933894613
test_13375,0.9987751155894194
test_13376,0.9988643365581216
test_13377,0.3657090622618307
test_13378,0.0032140661150652614
test_13379,0.0015585255930693409
test_13380,0.8683013143741912
test_13381,0.0005011765985926909
test_13382,0.99912615867916
test_13383,0.998773979131852
test_13384,0.9978883950993152
test_13385,0.9381888126391887
test_13386,4.973592199560835e-05
test_13387,1.1881552111145667e-06
test_13388,0.004115504244011656
test_13389,0.03509622776732125
test_13390,0.00046196722513897043
test_13391,0.9998909253345781
test_13392,0.003750030352318838
test_13393,0.8962785081431441
test_13394,0.9872668766456378
test_13395,0.9998859019644668
test_13396,0.981241206819575
test_13397,0.9138676568148054
test_13398,0.9246995231574551
test_13399,0.9962008266210104
test_13400,0.9940430031381908
test_13401,0.010172556841652308
test_13402,0.7054505397023038
test_13403,0.9986377979325872
test_13404,0.9921622281419942
test_13405,0.9953018100964914
test_13406,0.9734350282157438
test_13407,4.897522556882583e-05
test_13408,0.010605511554018458
test_13409,0.3126839525451473
test_13410,0.0015699377154996892
test_13411,0.9996477252832249
test_13412,0.9939679543525282
test_13413,0.003917929288804925
test_13414,0.03210412742811493
test_13415,0.9886142060804334
test_13416,0.9999231860033189
test_13417,0.7589159972448694
test_13418,0.0062483455935700575
test_13419,0.21291541170114542
test_13420,0.9993045839242357
test_13421,0.00035054502949886143
test_13422,0.0002322099290616861
test_13423,0.2793903389400651
test_13424,0.6349222315098108
test_13425,0.0034205795986135814
test_13426,0.5037868119764031
test_13427,0.9996573308542541
test_13428,0.9999116637840407
test_13429,0.9997644157554283
test_13430,0.008925006715611503
test_13431,0.9996192490516298
test_13432,0.0006439076249302706
test_13433,0.0002573353842878311
test_13434,0.9981180418328679
test_13435,0.11896703360104773
test_13436,0.00026624307907068467
test_13437,0.008200956625337529
test_13438,0.9897418827761737
test_13439,0.999962296816015
test_13440,0.9492276859507085
test_13441,0.9979153001508162
test_13442,0.9982580701666774
test_13443,0.5589735173305486
test_13444,0.9998752575710962
test_13445,0.9999870835953624
test_13446,6.930413925631889e-05
test_13447,0.06128355174536521
test_13448,0.00010415986850803631
test_13449,0.08040026868435056
test_13450,0.4822880106165133
test_13451,0.5443010194226794
test_13452,0.9679645900699233
test_13453,0.7926773216576016
test_13454,0.00022960984343476634
test_13455,0.017859530577674053
test_13456,0.9884993950589577
test_13457,0.24769781835103832
test_13458,0.9993840780282133
test_13459,0.9863757510881017
test_13460,0.03082833923671602
test_13461,0.0005317295180067758
test_13462,0.997938783404392
test_13463,0.008719981230846992
test_13464,5.698392263345004e-05
test_13465,0.9063083921940102
test_13466,0.9806116418495189
test_13467,4.733468735361138e-07
test_13468,0.07361274920575187
test_13469,0.9961749688228279
test_13470,0.0077248286718281794
test_13471,0.9999663770981161
test_13472,0.9999086837709636
test_13473,0.9999895765979243
test_13474,0.9374536172906156
test_13475,0.9996894895081556
test_13476,0.005232797448931723
test_13477,0.9073469398797825
test_13478,0.9973779661831057
test_13479,0.9987358491853823
test_13480,0.9982856884785208
test_13481,0.9934783035760406
test_13482,0.010892980498503672
test_13483,0.9638622285015671
test_13484,0.09075144538237322
test_13485,0.9755824326259651
test_13486,0.257095799474515
test_13487,0.2543690033116313
test_13488,0.004985138102455035
test_13489,0.9997645920693843
test_13490,0.00036157183002035023
test_13491,0.03194570419003735
test_13492,0.9999719792430484
test_13493,0.9999844373667282
test_13494,0.0005289246001229906
test_13495,0.0018802910782344813
test_13496,0.9577724441726991
test_13497,0.004585414019493395
test_13498,0.9926766295613517
test_13499,0.3252313623526616
test_13500,0.9989084251123782
test_13501,8.102247156030227e-05
test_13502,0.0657353760291237
test_13503,0.007990844999850604
test_13504,0.00026530678117896427
test_13505,0.0001689305040300192
test_13506,0.005329807789880144
test_13507,0.003600415246384574
test_13508,0.8965746814520372
test_13509,0.0002846669979169007
test_13510,0.06732982587672062
test_13511,0.8964638683105695
test_13512,0.9942308960475851
test_13513,0.0006874840593634145
test_13514,0.0003611008260989734
test_13515,0.0010857817465963968
test_13516,0.0015786430203936284
test_13517,0.01862161747853906
test_13518,0.00023316103502492018
test_13519,0.04078747847476127
test_13520,0.015524443967807439
test_13521,0.9752413977314557
test_13522,0.0021179569117260495
test_13523,0.9998461141927879
test_13524,0.9973133685974408
test_13525,0.9996267878911184
test_13526,0.0001913809481735897
test_13527,0.9806226017242858
test_13528,0.9998198662365256
test_13529,0.9997415310948917
test_13530,0.9999848677618476
test_13531,0.005843584948958497
test_13532,0.0006489228102536798
test_13533,0.9755150344844977
test_13534,0.0016778170593641705
test_13535,0.9999748406040757
test_13536,0.08810985875956137
test_13537,0.00034729106919371814
test_13538,5.6367260733793636e-05
test_13539,0.016736852202190837
test_13540,0.749767457174087
test_13541,0.945368237564248
test_13542,0.00011965579888188299
test_13543,0.005640034655613753
test_13544,0.9996802849825613
test_13545,0.7758620735422475
test_13546,0.997388012710457
test_13547,0.0001374267942281437
test_13548,0.23920448408876685
test_13549,0.7175741553707232
test_13550,0.007850472738865999
test_13551,0.9917246611427368
test_13552,8.206459400361576e-06
test_13553,0.9434376823835141
test_13554,0.9999936758640651
test_13555,0.0015955878882658143
test_13556,0.013741483729306829
test_13557,0.9959436853765957
test_13558,0.0009516732703174341
test_13559,7.130058455111919e-05
test_13560,0.006787103861298407
test_13561,9.124550548785083e-05
test_13562,0.21735855840913196
test_13563,0.9995590508062796
test_13564,0.6969540228205363
test_13565,0.9999676280997808
test_13566,0.37963085715370476
test_13567,0.999973485556817
test_13568,0.7511963572864959
test_13569,0.9989802017373539
test_13570,0.9834656405319993
test_13571,0.18597545458281758
test_13572,0.9127935106657176
test_13573,0.9840382183470885
test_13574,0.11683674525578037
test_13575,0.9998745204497967
test_13576,0.019971720799760572
test_13577,0.06392809367606099
test_13578,0.9122946472218307
test_13579,0.0016660112308194957
test_13580,2.0054549567610293e-05
test_13581,0.6302444176101096
test_13582,0.8345897607570147
test_13583,0.00023372844230410385
test_13584,0.9999948053926219
test_13585,0.9985795116429934
test_13586,0.993489009886642
test_13587,0.0424586369855187
test_13588,0.7987687090649966
test_13589,0.9859375762277421
test_13590,0.12507361362645827
test_13591,1.4900135533322993e-06
test_13592,0.8739173468359233
test_13593,0.999424804245638
test_13594,0.009342175539946252
test_13595,7.76105220572805e-06
test_13596,1.8367985442826033e-05
test_13597,0.043780368745086666
test_13598,0.059353445553769216
test_13599,0.8229784833656651
test_13600,0.0003634785394345993
test_13601,0.9602877498711333
test_13602,0.992096387582827
test_13603,0.9984776061378046
test_13604,0.9882377535193307
test_13605,0.4515044424117419
test_13606,0.9990760768064313
test_13607,0.017048111189505014
test_13608,0.002103141010420589
test_13609,0.9999720263075853
test_13610,0.9348394710077153
test_13611,0.9993984212499228
test_13612,0.9971593458503774
test_13613,0.9935686278661825
test_13614,0.9999999745539958
test_13615,0.9625011803390049
test_13616,0.000828539897443766
test_13617,0.46669965823080994
test_13618,1.7549241866696428e-05
test_13619,0.8273455093257157
test_13620,0.003365951468383789
test_13621,0.8338292089688665
test_13622,0.9999970172207434
test_13623,3.452767403017345e-05
test_13624,0.00010287885665347063
test_13625,0.48265299013892726
test_13626,0.04600010648343478
test_13627,2.7845677694056975e-05
test_13628,0.21637950512802237
test_13629,0.0010893391047507833
test_13630,7.841524201543267e-05
test_13631,0.04468342756895897
test_13632,0.9520809056378083
test_13633,0.03041915055463115
test_13634,0.9899607533306483
test_13635,0.6763194966149957
test_13636,0.9999619155188099
test_13637,0.9853707777166807
test_13638,0.9974238865997027
test_13639,0.9815803715681908
test_13640,0.4896655059570863
test_13641,0.821320263076373
test_13642,0.06022992868864045
test_13643,6.494009659599088e-06
test_13644,0.006635450668603622
test_13645,0.9999975267537179
test_13646,0.9999452420343825
test_13647,0.9108886167325313
test_13648,0.1790308005049077
test_13649,0.008265941900228259
test_13650,5.3308632765979335e-05
test_13651,0.06976227740266962
test_13652,0.00031749810565743705
test_13653,0.23590480392687127
test_13654,0.00026457127311223596
test_13655,0.010520093562069923
test_13656,0.997879622775116
test_13657,0.2869498706710254
test_13658,0.8796577860774191
test_13659,0.9733465564768955
test_13660,0.7540783646593905
test_13661,0.4642460823330852
test_13662,0.9189441691817163
test_13663,0.5500540086837048
test_13664,0.9999999885996794
test_13665,0.00916047099071764
test_13666,0.9938598601224429
test_13667,0.0010800438752423588
test_13668,0.003894271360609148
test_13669,0.29849072902579626
test_13670,0.004538454799742873
test_13671,5.9612721332845456e-05
test_13672,7.879802559545859e-05
test_13673,0.0008101668226729624
test_13674,0.22849419622293796
test_13675,0.4286145699597234
test_13676,0.05947080450765274
test_13677,0.0005765430998698846
test_13678,1.3281270641112305e-05
test_13679,2.5330600998407792e-05
test_13680,0.0013874300287974191
test_13681,0.9999388603747246
test_13682,0.9896870924598702
test_13683,0.9999828209228646
test_13684,0.006461557450432479
test_13685,0.23734700252617671
test_13686,0.0006175407130875597
test_13687,0.9990390957998224
test_13688,0.9254968329839055
test_13689,0.9995821060510325
test_13690,0.8755968879699337
test_13691,0.9957534630014767
test_13692,0.09424713437830248
test_13693,0.004519836480061998
test_13694,0.03463587770923646
test_13695,0.9976334891881725
test_13696,0.9892359848970059
test_13697,0.03898456971538771
test_13698,0.9999922625849349
test_13699,0.9998607410810981
test_13700,0.999608953600221
test_13701,4.4232418150297354e-07
test_13702,0.9998730799478829
test_13703,0.0018346644676818318
test_13704,0.013400510425589263
test_13705,0.9862429835242648
test_13706,0.018418327812733313
test_13707,0.0010190405318386444
test_13708,0.009201019351433116
test_13709,0.727219056903474
test_13710,0.007410000370158478
test_13711,0.004937740899036067
test_13712,0.00473260238826838
test_13713,0.8665636748503491
test_13714,0.0006937628453892213
test_13715,0.05008446902791125
test_13716,0.004094849087502769
test_13717,0.9987994311737649
test_13718,0.8317353543338473
test_13719,0.7479103582201223
test_13720,0.27519459959131987
test_13721,0.9825610699418942
test_13722,0.9595736825255787
test_13723,0.010466027851086995
test_13724,0.0027804626323166444
test_13725,0.996613105656638
test_13726,3.3099640274778627e-05
test_13727,0.9722206023755243
test_13728,0.013996661336869654
test_13729,0.9969210046347754
test_13730,0.0037179105177554683
test_13731,0.00011115010424757356
test_13732,0.9987484456419804
test_13733,0.9033221891921126
test_13734,0.03242640764828857
test_13735,0.9524244253966787
test_13736,0.9958605212063282
test_13737,1.4402619687794001e-05
test_13738,0.9937370195783237
test_13739,0.9886687341819932
test_13740,0.0011408539597294303
test_13741,0.02366989440190812
test_13742,0.0012711625314479962
test_13743,0.0029210823272926623
test_13744,0.22096441813011114
test_13745,0.0010029094221783428
test_13746,0.42918932551668504
test_13747,0.05620311012149986
test_13748,1.9445618708551305e-05
test_13749,0.7168602733603507
test_13750,0.001025795222907295
test_13751,0.9423580873996374
test_13752,7.674076561268825e-05
test_13753,0.5586646677284767
test_13754,0.9999950879696594
test_13755,0.027372988711337698
test_13756,0.9982380061042619
test_13757,0.14037310124943905
test_13758,0.035438431727017966
test_13759,0.568729523481479
test_13760,0.00025421920865094675
test_13761,0.00021713047000149804
test_13762,2.984229159518957e-05
test_13763,0.9999444152519461
test_13764,0.9999903105944054
test_13765,0.9966120881704612
test_13766,0.00038976395831724224
test_13767,0.01612276994512512
test_13768,0.9999185815841803
test_13769,0.823684610730779
test_13770,0.0014011237722493862
test_13771,0.02806723077776368
test_13772,0.000406682116062102
test_13773,0.9760738488402201
test_13774,1.822933145692338e-05
test_13775,7.014755203454776e-05
test_13776,0.964861922001633
test_13777,0.9216153289926997
test_13778,0.22017050534698904
test_13779,0.4069315845029523
test_13780,0.9998821079335692
test_13781,3.0547434645603655e-06
test_13782,0.999228771720005
test_13783,0.02098512299027855
test_13784,0.044535323442433064
test_13785,0.9999988205351018
test_13786,0.01238511079050572
test_13787,0.9987603834846032
test_13788,0.03929665260579304
test_13789,0.4224856514834518
test_13790,0.07452590262007275
test_13791,0.002832286879523762
test_13792,0.9990918713014096
test_13793,0.6705362789047953
test_13794,0.003044955445573905
test_13795,0.00021483833484204186
test_13796,0.999769922920158
test_13797,0.9996973189841611
test_13798,0.03022639349684149
test_13799,0.009212006191148052
test_13800,0.9982225366598374
test_13801,0.844631288917771
test_13802,0.978822955551391
test_13803,1.1350604949437908e-05
test_13804,0.869087622570036
test_13805,0.02652839855064163
test_13806,0.2792588215965897
test_13807,0.011374054697479765
test_13808,0.8829659060377926
test_13809,0.014915968271287126
test_13810,0.9999507494641449
test_13811,0.01835655123997019
test_13812,0.8455754795161559
test_13813,0.9990350972218224
test_13814,0.009772341042917654
test_13815,0.022136569556237704
test_13816,0.9970615792907568
test_13817,0.35593989628105427
test_13818,0.9612353233494308
test_13819,0.8876167457498936
test_13820,0.9955947532675987
test_13821,1.2701657631661278e-05
test_13822,0.001079086022053857
test_13823,0.9950817927038907
test_13824,0.007621066953810694
test_13825,0.0031294180582358442
test_13826,0.9998959480164472
test_13827,0.9968516967921818
test_13828,0.9904237181884078
test_13829,0.9997785814920757
test_13830,0.02682562522576358
test_13831,6.364977930482805e-05
test_13832,0.9996155831135463
test_13833,0.988062401692927
test_13834,0.04120140496113319
test_13835,0.766469210754921
test_13836,0.999857040960334
test_13837,0.0754059831404118
test_13838,0.3989941432933925
test_13839,0.9716738418493504
test_13840,0.9978848910378602
test_13841,6.0093709057382504e-06
test_13842,0.9993338893395713
test_13843,0.09749882013414808
test_13844,0.005130047046343754
test_13845,0.9981871483507003
test_13846,0.9952508632259075
test_13847,2.2731973268288587e-05
test_13848,0.9680491027611834
test_13849,0.0007248754324055831
test_13850,0.6316671341312761
test_13851,0.7847343722891266
test_13852,0.7853230730948604
test_13853,0.9999785000536517
test_13854,0.9863637099944677
test_13855,0.0074637901276648445
test_13856,0.013751495280463485
test_13857,0.9998879058254938
test_13858,0.9998634526533811
test_13859,0.9999978858086599
test_13860,0.15817316449345026
test_13861,0.9998957616381723
test_13862,0.9999280425337804
test_13863,0.911832732067202
test_13864,0.014573677557459216
test_13865,0.9998619737530688
test_13866,1.0851509748089397e-07
test_13867,0.30325372493634917
test_13868,0.004462915288193948
test_13869,0.9765798836739319
test_13870,0.5809002155939406
test_13871,0.00505354197739828
test_13872,0.07609545477817102
test_13873,0.9764787100105314
test_13874,0.9991610247743504
test_13875,0.006575184656253112
test_13876,0.9928532315641854
test_13877,0.0012076563900343406
test_13878,0.9993542424002851
test_13879,0.16515583343568407
test_13880,0.9982924244693251
test_13881,0.9995687574450053
test_13882,0.0009643311601994422
test_13883,0.9948134189509197
test_13884,6.501847271787324e-06
test_13885,0.004133376968894228
test_13886,0.0038778677705489048
test_13887,0.935423524717948
test_13888,0.25619896796212466
test_13889,0.9426083832270719
test_13890,5.8743929084503914e-05
test_13891,0.9899920177590228
test_13892,0.9999869872981525
test_13893,0.13612499760834063
test_13894,2.456497546252397e-05
test_13895,0.0038325820707462975
test_13896,0.9875342042368918
test_13897,0.00015425768509081712
test_13898,0.8367063667285869
test_13899,0.9991567957360072
test_13900,0.9984011324468001
test_13901,0.00047644430228923094
test_13902,0.0015207360347225117
test_13903,0.9985683577065448
test_13904,0.9999964906054584
test_13905,0.0003313965341544904
test_13906,0.9987413076555661
test_13907,0.9939088706739954
test_13908,0.007084120360338526
test_13909,0.1130644889705066
test_13910,0.9999971815015772
test_13911,0.2804615170219465
test_13912,0.9970286949625008
test_13913,0.0014900669516277405
test_13914,0.0001528709605651169
test_13915,0.024338413572675015
test_13916,0.9994610549643487
test_13917,0.019975877591764685
test_13918,3.753145772285714e-05
test_13919,0.9999983190009076
test_13920,0.06524131083260355
test_13921,0.9966781714111419
test_13922,0.8056628023433928
test_13923,0.9999560572267716
test_13924,0.9999945605925079
test_13925,0.9999545475544429
test_13926,0.7885711205122522
test_13927,0.007829278618402867
test_13928,0.9997477704115652
test_13929,0.9899630054160471
test_13930,0.9929538120694483
test_13931,0.9940403842566612
test_13932,0.9998902751147658
test_13933,0.6456459798961312
test_13934,0.00541971812196071
test_13935,0.0021607754850247085
test_13936,0.999862186138404
test_13937,0.9988098202037355
test_13938,0.9618663857841072
test_13939,0.9989012194743013
test_13940,0.9899369259476329
test_13941,0.004266846123240266
test_13942,0.0009791658806621013
test_13943,0.9788487045051686
test_13944,0.9999638171669448
test_13945,0.0023928677600629643
test_13946,0.003914772550521836
test_13947,0.8295265287604691
test_13948,0.0002778119719307641
test_13949,0.0005085294118438644
test_13950,5.204348978692041e-07
test_13951,0.009026158250201206
test_13952,0.9741706396844836
test_13953,0.92235572795764
test_13954,0.9994732231546348
test_13955,0.9978980303095952
test_13956,0.9911517566415791
test_13957,0.0016824256969077262
test_13958,0.9999995130050681
test_13959,7.723769637804525e-05
test_13960,0.9961001230963026
test_13961,0.9996936695097449
test_13962,0.9985106083403421
test_13963,0.9912021210271994
test_13964,0.14555081098965003
test_13965,0.9857260455943805
test_13966,0.00043411032658264757
test_13967,0.9395154420398715
test_13968,0.4252606951648215
test_13969,0.18406152186702412
test_13970,1.950749448714506e-06
test_13971,0.7502848125958737
test_13972,0.00014296705623745355
test_13973,0.9995507081707864
test_13974,0.9626950941786931
test_13975,0.9996640154841618
test_13976,0.03315851622851093
test_13977,0.9999796027705412
test_13978,0.9853911415486386
test_13979,0.0005658142078349065
test_13980,0.18292470937578068
test_13981,0.0021030885972377175
test_13982,0.022036399202583216
test_13983,0.9999644128512462
test_13984,0.30806053350739854
test_13985,0.9999791898135206
test_13986,0.015625112707632033
test_13987,0.004468671734889544
test_13988,0.9829868941543313
test_13989,0.9999936185340438
test_13990,0.993514986879362
test_13991,0.0024229341038909035
test_13992,0.9996780781494367
test_13993,0.0016747270987377604
test_13994,0.001375058943807979
test_13995,0.98977493869311
test_13996,0.9926032246901251
test_13997,0.005866625740960115
test_13998,0.00019040986160158793
test_13999,0.9999602523252438
test_14000,3.267471630580474e-05
test_14001,0.00033914850249458717
test_14002,0.0005562024317561891
test_14003,0.9092677090810458
test_14004,0.9990519136439381
test_14005,0.004063336738787745
test_14006,0.9999136874375936
test_14007,0.9996634694425413
test_14008,0.9992183759389555
test_14009,0.9975833842686223
test_14010,0.0003943117566992067
test_14011,0.07266658029235835
test_14012,0.9999977220170504
test_14013,0.9960732244775079
test_14014,0.0010981421476275333
test_14015,0.9984076821014602
test_14016,0.9999998257709383
test_14017,2.9178705885694773e-05
test_14018,0.0020242763850825927
test_14019,0.049677665390761905
test_14020,0.8426915194259376
test_14021,0.04264488281782532
test_14022,0.9999329585492801
test_14023,4.358268941289341e-06
test_14024,0.0026219356352665604
test_14025,0.9982551716747252
test_14026,0.007452024180382754
test_14027,0.005340958360499547
test_14028,0.9983658980388286
test_14029,0.0007227893873416768
test_14030,0.999869830482399
test_14031,0.4295741577836269
test_14032,0.00020555198492328038
test_14033,0.00013604065514143083
test_14034,9.535845292556228e-05
test_14035,0.020279572823581535
test_14036,0.04494614729994522
test_14037,0.003243052735651531
test_14038,0.0016422189960929386
test_14039,0.967935568630202
test_14040,0.04800918199090518
test_14041,0.00013880899051201014
test_14042,0.9997418605310461
test_14043,0.9794014236975273
test_14044,0.14801903652081727
test_14045,0.03469944945423911
test_14046,0.09034500240738573
test_14047,0.9990473961390711
test_14048,9.734533926725395e-06
test_14049,0.006798481703214553
test_14050,0.00517158210322121
test_14051,0.0001256572264193313
test_14052,0.9979462592394492
test_14053,0.7185332381510157
test_14054,0.30698724441970715
test_14055,0.0001868567544787692
test_14056,2.0536160258696732e-05
test_14057,0.8764422113015341
test_14058,0.998174663335456
test_14059,0.9990410250980123
test_14060,0.9998922091630085
test_14061,0.9636312244022628
test_14062,0.0003255625228900271
test_14063,4.674493741673521e-06
test_14064,0.9996791432484069
test_14065,0.6893791410539096
test_14066,0.005884463452947372
test_14067,0.5448260951571133
test_14068,0.9977759214421108
test_14069,0.0013071421950165672
test_14070,0.4103638773032337
test_14071,0.003650350745153365
test_14072,0.9927539141284744
test_14073,0.1323657148938335
test_14074,0.9999996037575656
test_14075,0.13374617133489278
test_14076,4.156075544331923e-05
test_14077,0.9964435120727472
test_14078,0.9988602806827521
test_14079,0.9803657112809645
test_14080,0.998909633008902
test_14081,0.15787064591708103
test_14082,0.3476651700551125
test_14083,0.0019663773336259047
test_14084,0.9223604309722969
test_14085,0.9989405853771457
test_14086,0.14700700936108704
test_14087,0.9999994882851891
test_14088,0.9862340292003529
test_14089,0.7724108324769982
test_14090,0.0037252175756694607
test_14091,0.0007363546412356829
test_14092,0.8068284353746175
test_14093,0.004494979136319213
test_14094,0.9999805857258357
test_14095,0.9911218793650853
test_14096,0.9987266647058345
test_14097,0.9221109455714248
test_14098,0.9993334597744723
test_14099,0.013294190000727752
test_14100,0.10893440995712032
test_14101,0.9809257847757377
test_14102,0.7537122051751032
test_14103,0.4389257975376468
test_14104,0.9261132777554834
test_14105,0.0002249931394509575
test_14106,0.9805451126475939
test_14107,0.9985923441061064
test_14108,0.00019933042544471982
test_14109,0.01977029603299706
test_14110,0.0005655033070414737
test_14111,0.9976364424932377
test_14112,0.6386486108264638
test_14113,0.002664991358290143
test_14114,0.0009364226306635818
test_14115,2.5841307735599994e-06
test_14116,0.9999889837912507
test_14117,0.9672919938767842
test_14118,0.0007758508986472254
test_14119,0.9998407339430149
test_14120,0.001792404899218478
test_14121,3.8824446232823493e-07
test_14122,0.9994027540563479
test_14123,0.9808430651060983
test_14124,0.0004618767041568552
test_14125,0.9996947680798361
test_14126,0.9995640781130423
test_14127,0.9868026316877699
test_14128,0.00010080555888900301
test_14129,0.9796833597948996
test_14130,0.0008184016393685126
test_14131,0.0697819374313537
test_14132,0.9844988926862169
test_14133,0.0006574328074690224
test_14134,0.0001646647433676724
test_14135,0.3998264294448907
test_14136,0.13663901640679796
test_14137,1.3340749637623977e-05
test_14138,0.0864813199178605
test_14139,0.000948406152691051
test_14140,0.9629508559406857
test_14141,0.7627263169529559
test_14142,0.07853193702450609
test_14143,0.0007745274481727059
test_14144,4.335869984622231e-06
test_14145,0.00019884585329506483
test_14146,0.8432152454104483
test_14147,0.9987440439179507
test_14148,2.409702929829816e-05
test_14149,0.9773652723035371
test_14150,0.01210237397716008
test_14151,0.9200182830019001
test_14152,0.1570051670213338
test_14153,0.00014695802151416695
test_14154,0.9628662690658617
test_14155,0.7958926685627551
test_14156,0.005852996714809099
test_14157,0.013493805278312267
test_14158,0.9977944201510424
test_14159,0.031270617474767275
test_14160,0.03381267552379559
test_14161,0.0023699292696157683
test_14162,0.9999840294768257
test_14163,0.9992291531063109
test_14164,0.0007593777513746534
test_14165,0.9998484574968354
test_14166,0.036228880642515685
test_14167,0.8494811362406917
test_14168,1.2027435064190437e-06
test_14169,0.0002021274114680039
test_14170,0.9999197459947876
test_14171,0.9787067955438202
test_14172,0.000432462115263752
test_14173,1.906665336764195e-05
test_14174,0.9151290254989768
test_14175,0.9999646045560222
test_14176,0.004904657071335238
test_14177,5.1813088851347605e-05
test_14178,0.004010295087561229
test_14179,0.9996545730808551
test_14180,0.017334957219773833
test_14181,0.13055086664450252
test_14182,0.5148649106131115
test_14183,0.9989749127720954
test_14184,0.04564522772641175
test_14185,0.9669553694309189
test_14186,0.0011329209124285788
test_14187,0.04436050585472993
test_14188,0.06096398426486066
test_14189,3.7328618508598525e-06
test_14190,0.9995579309318614
test_14191,0.9999534341389261
test_14192,0.999992126855201
test_14193,0.04906278466920941
test_14194,0.030909984883451036
test_14195,0.9786523406134027
test_14196,0.9957207083165384
test_14197,0.9385916705770855
test_14198,0.5741366247283992
test_14199,0.0005457442690724696
test_14200,0.0031679799388310247
test_14201,0.0014979318223218286
test_14202,0.011539684100241943
test_14203,0.278972941078711
test_14204,0.05287680455677836
test_14205,0.985798953601785
test_14206,0.8802808942705901
test_14207,0.08644903248119443
test_14208,0.9872752944439347
test_14209,2.7926229619066006e-05
test_14210,0.988364041242396
test_14211,6.016945848766278e-05
test_14212,0.9999981636302974
test_14213,0.0006813444483572326
test_14214,0.9265901718473086
test_14215,0.9981709178690057
test_14216,0.08054881458964464
test_14217,6.192072028730735e-05
test_14218,0.002349383365015686
test_14219,0.9992285159156002
test_14220,0.0008887110826763443
test_14221,0.9831190514066493
test_14222,0.0004546865659653488
test_14223,0.007041280421499591
test_14224,0.00011037880821377755
test_14225,0.9989432671844718
test_14226,0.004056638726172846
test_14227,0.999391056059802
test_14228,4.24900614636023e-05
test_14229,0.9983451617317654
test_14230,0.9999867241955419
test_14231,0.5392902639260898
test_14232,0.0007016353419147451
test_14233,0.9998840054752106
test_14234,0.15692082881833214
test_14235,0.0011321677224800635
test_14236,0.0031834981856815703
test_14237,0.9999769458730836
test_14238,0.005029595141983792
test_14239,0.04023714161027525
test_14240,1.5486220600289508e-05
test_14241,0.002906635266696284
test_14242,0.004299650531690058
test_14243,0.9989533196455738
test_14244,0.9907072773316985
test_14245,0.9701179270178311
test_14246,0.9999974975345542
test_14247,0.5541280504617547
test_14248,0.9982044951891581
test_14249,1.4556817506352056e-06
test_14250,0.9997662335013432
test_14251,0.9998855424448437
test_14252,0.9601835273275375
test_14253,0.999711318126714
test_14254,0.9905869658395581
test_14255,0.0005695725300258898
test_14256,0.004660846019120213
test_14257,0.9994087511023191
test_14258,0.00046526813790413854
test_14259,0.1100604684705921
test_14260,0.0001951667366804948
test_14261,0.00036656825761677313
test_14262,0.9997527880513923
test_14263,0.04270924869709507
test_14264,0.9394202789241044
test_14265,0.018251595133179997
test_14266,0.007881294573368967
test_14267,0.9964669112315554
test_14268,0.006761643436892984
test_14269,0.25269530355387493
test_14270,0.0007989759032990854
test_14271,1.2884825252491903e-05
test_14272,0.9979756082136775
test_14273,0.0017560181748384667
test_14274,0.9999405394756032
test_14275,0.04001371390875796
test_14276,0.1554392639316195
test_14277,0.0072580370304078014
test_14278,0.997717233533732
test_14279,0.9738394399558894
test_14280,0.9937117250969597
test_14281,0.9852646077243741
test_14282,0.07179742611081384
test_14283,1.878836969342504e-05
test_14284,0.9999910841056495
test_14285,0.6146850106488153
test_14286,0.9993291883236028
test_14287,0.9509141673592403
test_14288,0.6191161115210324
test_14289,0.9833436456393871
test_14290,0.0032456257528716264
test_14291,0.9585748685470004
test_14292,0.0008898549758049545
test_14293,0.8234682104653669
test_14294,0.0009342799137513484
test_14295,0.9999598961131019
test_14296,0.9993482934027847
test_14297,0.854879338732266
test_14298,0.9992051249661139
test_14299,0.0016655827525345669
test_14300,0.8936800793402496
test_14301,0.0015695449245352062
test_14302,0.0001890952728836466
test_14303,0.9693377731217406
test_14304,0.49427766848267374
test_14305,0.00164936246334908
test_14306,0.9937787891058457
test_14307,0.9998300280009143
test_14308,0.9998823811921572
test_14309,8.236869316514158e-06
test_14310,1.4014537109512062e-07
test_14311,0.9970810404721998
test_14312,0.9225001795651021
test_14313,0.9981155150418156
test_14314,0.8843064457551377
test_14315,1.4152862238504032e-07
test_14316,0.07172139773782907
test_14317,0.6385594262967205
test_14318,0.07056603072900731
test_14319,0.9999695467880474
test_14320,0.0021427701950986425
test_14321,0.9978227941886353
test_14322,0.9622446991324599
test_14323,0.042266352810265556
test_14324,0.9910149078629649
test_14325,0.06551657603699076
test_14326,0.00020966003865359082
test_14327,0.0033433598403474502
test_14328,0.9999958477420026
test_14329,0.008720589508970008
test_14330,9.775465524773435e-05
test_14331,0.091492228104407
test_14332,0.9999110656719703
test_14333,0.0023556041151506562
test_14334,0.998649409600351
test_14335,0.997868550717126
test_14336,0.9998193907144158
test_14337,0.0017215003072391492
test_14338,6.204259412983755e-05
test_14339,0.9767899511142887
test_14340,0.9660780238335922
test_14341,0.9983173121426145
test_14342,0.14947461787149152
test_14343,0.8600387260544866
test_14344,0.009815990900416596
test_14345,4.788429862730501e-06
test_14346,0.7735550854752051
test_14347,0.9999752269721763
test_14348,0.004581179490006491
test_14349,0.998396538727761
test_14350,0.0019002856721950254
test_14351,1.249878731054148e-05
test_14352,2.4443210591787267e-05
test_14353,0.9933554881800901
test_14354,0.0017091740002539934
test_14355,0.5130890513546957
test_14356,0.9593978300145113
test_14357,0.001363339414179628
test_14358,0.9580969495206008
test_14359,0.9957385937416517
test_14360,0.9850161379781553
test_14361,0.00011421992147825786
test_14362,0.9995113091860675
test_14363,0.0013332186292631422
test_14364,0.9913244394702418
test_14365,0.10573561957778262
test_14366,0.9767835655928218
test_14367,0.997200821075174
test_14368,0.7883967424868273
test_14369,0.9823891212597127
test_14370,0.9998687808978828
test_14371,0.9983001825145267
test_14372,0.0013968562850731408
test_14373,0.010152503866716373
test_14374,0.06665775463678338
test_14375,0.04021461061895767
test_14376,0.19842351467266522
test_14377,0.010120675195649008
test_14378,0.8733890381915607
test_14379,3.981506688849127e-05
test_14380,0.8396910589510509
test_14381,0.0045079213833482
test_14382,0.03196747396101564
test_14383,0.9859434771386538
test_14384,1.2217762800569132e-06
test_14385,0.9922190580301642
test_14386,0.014225659075007379
test_14387,0.8239575990957501
test_14388,0.0038961404704742474
test_14389,0.0001714325240830683
test_14390,0.9999124840488968
test_14391,0.026319720100578193
test_14392,0.9998797100523495
test_14393,0.6759642090610237
test_14394,0.9999600053115916
test_14395,0.6523507833617009
test_14396,0.9961954951658132
test_14397,0.9952324849029794
test_14398,0.9862640058391017
test_14399,0.9818343982409881
test_14400,0.9903588523653247
test_14401,0.015230288013041188
test_14402,0.00027183532689049514
test_14403,0.9997977346267141
test_14404,0.0921642708732549
test_14405,0.9996104787658745
test_14406,0.589619103508453
test_14407,0.7274436696309945
test_14408,0.012862868363724961
test_14409,0.9904466978715137
test_14410,0.18380124523899816
test_14411,8.549253345072317e-05
test_14412,0.9996121398843352
test_14413,0.9781942306577391
test_14414,8.435410167196167e-05
test_14415,0.9332995182142609
test_14416,0.9998760007012706
test_14417,0.0032068741296119815
test_14418,0.004722782952675443
test_14419,1.550274273207342e-05
test_14420,9.330434947906505e-06
test_14421,0.9583130543041165
test_14422,0.13478427749014996
test_14423,0.8960064053768658
test_14424,6.979589064396557e-05
test_14425,0.09316103403016383
test_14426,0.004082785319160109
test_14427,0.9551715015963069
test_14428,0.0037500141830809834
test_14429,0.9932728230398002
test_14430,0.04627704996050845
test_14431,0.9990136548340883
test_14432,0.0028379035263632977
test_14433,0.9989950374249799
test_14434,0.9960754326261542
test_14435,0.2817948223952364
test_14436,0.7190242567938439
test_14437,0.9620638027853037
test_14438,0.9999852939169005
test_14439,0.0002197865026897153
test_14440,0.010899008883998326
test_14441,0.9997690504140411
test_14442,0.996159268881331
test_14443,0.9965066848306259
test_14444,0.8765470944672449
test_14445,0.00012644409701266255
test_14446,0.0031674068358093646
test_14447,0.9999672930505944
test_14448,0.17379292503245314
test_14449,0.26980445645855594
test_14450,0.6923446987875198
test_14451,0.9986271356513848
test_14452,0.0003470105904060999
test_14453,0.9948687653555913
test_14454,2.2882871829919627e-05
test_14455,0.9732222116427256
test_14456,0.979947784193651
test_14457,0.0464391751372402
test_14458,0.9899765328285879
test_14459,0.00019598520067446863
test_14460,0.005101466998246263
test_14461,0.0006015788916293198
test_14462,0.9986815970636739
test_14463,0.1991410139317535
test_14464,0.9999438500101724
test_14465,0.98812518517749
test_14466,0.1381655472193433
test_14467,0.6173824977340118
test_14468,0.7829957667970885
test_14469,0.0008297201817294336
test_14470,0.8906790549734679
test_14471,3.635620835118276e-05
test_14472,0.00017687614881237282
test_14473,0.45244065957810536
test_14474,0.6256411812917567
test_14475,0.9948443520485433
test_14476,0.9871683908770719
test_14477,0.9983066823930138
test_14478,0.9998747685487036
test_14479,0.018766016292583714
test_14480,0.981914581773471
test_14481,0.2839839559480929
test_14482,0.024166215632728683
test_14483,0.6569460754429332
test_14484,0.9999860091544861
test_14485,0.007713897882592619
test_14486,0.00012878580907672507
test_14487,0.9655641841416907
test_14488,0.13538310191285072
test_14489,6.8292903479019765e-09
test_14490,0.025727133981455794
test_14491,0.9928813055273116
test_14492,0.08732317248600227
test_14493,0.0012409266156564662
test_14494,0.13345393762564028
test_14495,7.090732203560308e-05
test_14496,0.004386721320403101
test_14497,0.9802435929915349
test_14498,0.9895416366717439
test_14499,0.0023269534793574575
test_14500,4.4633944381209816e-06
test_14501,0.0002534298186771096
test_14502,0.9932984686515861
test_14503,0.702945245180053
test_14504,0.8405580583724712
test_14505,3.601038421992827e-05
test_14506,7.585891504564995e-06
test_14507,0.9976034302647699
test_14508,0.006385594459455548
test_14509,0.1046421614297612
test_14510,0.9892344230202036
test_14511,0.9994375033394745
test_14512,0.999901558948357
test_14513,0.04042744921380105
test_14514,2.4776927630250175e-07
test_14515,0.00034860503226959497
test_14516,0.9999882943595412
test_14517,9.60178643730953e-06
test_14518,0.9975654530101065
test_14519,0.9838922443704196
test_14520,0.029115073348674723
test_14521,0.9996873275050195
test_14522,6.938303260579012e-05
test_14523,0.9968250530553073
test_14524,0.41876064681427627
test_14525,0.993186568359954
test_14526,4.666000772818933e-08
test_14527,0.38004908079188243
test_14528,0.8488666852457141
test_14529,0.010957291727697441
test_14530,0.8798581317549345
test_14531,0.2999019112506824
test_14532,3.073569148496846e-06
test_14533,0.00023495470952219314
test_14534,0.9999704832419839
test_14535,0.001186095100414389
test_14536,0.9999884099751092
test_14537,8.893718003670158e-05
test_14538,0.00014010883596063934
test_14539,1.2511657697200283e-05
test_14540,0.8028710865609818
test_14541,0.0014115207660455099
test_14542,0.9996326340257118
test_14543,0.0010402677537232753
test_14544,0.004092595155090586
test_14545,0.9735759651095404
test_14546,0.9545978378369897
test_14547,0.9888691610706626
test_14548,0.9711214520770105
test_14549,0.12554319686280113
test_14550,0.9992688833247483
test_14551,0.992923032405284
test_14552,0.29612354395279444
test_14553,0.9990636428783626
test_14554,0.00040930574909013443
test_14555,0.1416186175075807
test_14556,0.4631120234940076
test_14557,0.9999347473915808
test_14558,0.10861621811907639
test_14559,0.0006810446456096142
test_14560,0.004100096775017749
test_14561,0.9979408967406921
test_14562,0.999967113751548
test_14563,0.9623805072256433
test_14564,0.054828463168727706
test_14565,0.9958696388637375
test_14566,0.32991862659257876
test_14567,0.9702252634252343
test_14568,0.9903247823254595
test_14569,0.015403468198501817
test_14570,0.9997987143858299
test_14571,0.00019369011446573864
test_14572,0.5792748924213534
test_14573,0.9999268733427032
test_14574,0.9922050041480815
test_14575,0.0391217512104107
test_14576,0.17930948786931952
test_14577,0.9999536401801508
test_14578,0.0008558128588394465
test_14579,9.664116902409097e-05
test_14580,0.21042603368681706
test_14581,0.9898240087623598
test_14582,0.9989399181459285
test_14583,0.9998975448646343
test_14584,0.8373793584000329
test_14585,0.9993065025339504
test_14586,0.07741102834341695
test_14587,0.4103023707602348
test_14588,0.7019580927660085
test_14589,0.11126356233330024
test_14590,0.9997724267966788
test_14591,0.9997031610402485
test_14592,0.9998702489133886
test_14593,0.8919987333700954
test_14594,0.9868782247484905
test_14595,0.9787091333649791
test_14596,0.001254777489908914
test_14597,0.15446915441049805
test_14598,0.0005515673596281416
test_14599,0.9997342237739422
test_14600,0.9946104319612121
test_14601,0.9999758611508642
test_14602,0.999316688140522
test_14603,0.3035863033282032
test_14604,0.8514310688454763
test_14605,0.009105386774548826
test_14606,0.3199466021092299
test_14607,0.002587779913473193
test_14608,0.9636799506001013
test_14609,0.31209262540719945
test_14610,0.0013938825162557295
test_14611,0.5764580991834934
test_14612,0.0016462424652526743
test_14613,0.9974275664745225
test_14614,0.9999818353566752
test_14615,0.918975772065063
test_14616,0.4303430858985002
test_14617,0.9999271891215213
test_14618,0.9999428441611877
test_14619,0.9275032126314227
test_14620,0.993540696742142
test_14621,0.999716280448926
test_14622,0.9969622096124277
test_14623,0.999920960529503
test_14624,0.9995769504602267
test_14625,0.9908334475634296
test_14626,0.9999794125525429
test_14627,0.8160337418034423
test_14628,0.15390344306829298
test_14629,0.997531762544383
test_14630,1.61116007735181e-06
test_14631,0.8220343260361829
test_14632,8.0566175201593e-05
test_14633,0.9797289654252489
test_14634,0.090827897413535
test_14635,0.9614213556387254
test_14636,0.002706788237511168
test_14637,0.969348865252967
test_14638,0.999889251870893
test_14639,1.1405476724626126e-06
test_14640,0.006655268742319225
test_14641,0.009704609401855588
test_14642,0.0002858251625581759
test_14643,0.9995562785330434
test_14644,0.0645718184298223
test_14645,0.33645385880534645
test_14646,0.5339530954997322
test_14647,0.026371912516369805
test_14648,0.046859636274035874
test_14649,0.9929609618919201
test_14650,0.9967357719773243
test_14651,0.9863287933789594
test_14652,0.004630445210791096
test_14653,0.998709883647064
test_14654,0.0036623045616688316
test_14655,0.03152763491106169
test_14656,0.0004807433390867872
test_14657,0.9861215666902821
test_14658,0.00048786182379233456
test_14659,0.1217577719625487
test_14660,0.000858216593439366
test_14661,0.009772454768413147
test_14662,0.9986895031255167
test_14663,0.7678865189966548
test_14664,0.9988594591907656
test_14665,9.610300808121292e-06
test_14666,0.9999744687982001
test_14667,0.5230318759278214
test_14668,0.9993638850379728
test_14669,0.4240560755843616
test_14670,0.9964688696280697
test_14671,0.022270454989795404
test_14672,0.9902369293562253
test_14673,0.7072781882010075
test_14674,0.9998892265413187
test_14675,0.9515053756189339
test_14676,0.998650308843801
test_14677,0.023442844473126476
test_14678,0.9969408905211452
test_14679,0.9927176183227917
test_14680,0.0001008970677667528
test_14681,0.03807931382997414
test_14682,0.9999535921308398
test_14683,0.0013434922046559042
test_14684,0.9999813301737379
test_14685,0.971341787563492
test_14686,0.014487857851600342
test_14687,0.07969258291627768
test_14688,0.9952030626988687
test_14689,0.00033183099044394536
test_14690,0.941604883495046
test_14691,0.6848964170235535
test_14692,0.0007305765369193795
test_14693,0.9986420679291133
test_14694,0.45862987802771416
test_14695,0.7713585649324854
test_14696,0.9999816295510586
test_14697,0.04756161439614819
test_14698,0.7880634806199583
test_14699,0.9995862900823711
test_14700,0.9998011189213524
test_14701,0.008500442092215593
test_14702,0.9999755346026789
test_14703,0.5691677692512299
test_14704,0.9998692899191249
test_14705,0.22334517314334004
test_14706,0.46214119084209887
test_14707,5.327024413659169e-05
test_14708,0.0011084204060208787
test_14709,0.9743664681450163
test_14710,0.9987416976960192
test_14711,0.0001013247977800396
test_14712,0.0039529785494594495
test_14713,0.9999953064125132
test_14714,0.9965605112671563
test_14715,0.34179994658984936
test_14716,0.999947490778429
test_14717,0.9340254825755359
test_14718,0.004242550286545706
test_14719,0.5588591264723312
test_14720,0.9995559524698391
test_14721,0.9997153308271166
test_14722,0.9991720840608371
test_14723,0.9999991842173908
test_14724,0.9971855277553454
test_14725,0.9746439987610793
test_14726,0.9958585987657294
test_14727,0.9254754633364346
test_14728,2.2417845333969344e-06
test_14729,0.03488443035134449
test_14730,0.9996980233970405
test_14731,0.9999878112944501
test_14732,0.9113573591716468
test_14733,0.9957528869574687
test_14734,0.025223332860366512
test_14735,0.9838771627561852
test_14736,0.01105788296770941
test_14737,0.9906131251938152
test_14738,1.1396600676676788e-05
test_14739,0.3742545802295097
test_14740,0.9951832142520912
test_14741,0.000108964534728126
test_14742,0.17233741028395771
test_14743,0.9999677521321872
test_14744,0.9999684422069319
test_14745,0.9772331450218152
test_14746,0.9960378110331005
test_14747,0.6630429599999628
test_14748,0.0011950154169734241
test_14749,0.4206864333663802
test_14750,0.039796423285387225
test_14751,0.0031799176208848097
test_14752,0.00026650646431248024
test_14753,0.0027024496318579162
test_14754,0.9869661104947552
test_14755,0.013037955737791167
test_14756,0.9991097601591288
test_14757,0.9894962948885802
test_14758,0.999825832901621
test_14759,0.006190512614379326
test_14760,0.6039496630725257
test_14761,0.6957751375046901
test_14762,0.0003495539631567003
test_14763,0.8609370299811934
test_14764,0.9999530294930216
test_14765,3.1341337692517785e-05
test_14766,0.9999632876850694
test_14767,0.9997997747261516
test_14768,0.9934803762926792
test_14769,0.9869187841984871
test_14770,0.988181920428151
test_14771,0.9959789282074905
test_14772,0.1649248777654259
test_14773,0.009285454982929934
test_14774,0.9726195757507763
test_14775,0.0013073894742793083
test_14776,0.8173790017195534
test_14777,0.5186302099026016
test_14778,0.9876282143007138
test_14779,0.28786481432614425
test_14780,0.9999712300328325
test_14781,0.01585200379612892
test_14782,0.9216701189142533
test_14783,0.0014448641423929378
test_14784,0.060285528125088084
test_14785,0.9649042156006716
test_14786,0.005975999195933388
test_14787,0.00409701783342976
test_14788,0.9271848770958927
test_14789,0.004968115314645917
test_14790,0.09360361293479935
test_14791,0.9992946333309708
test_14792,0.9506095279866648
test_14793,0.9992133728385865
test_14794,4.369728355001224e-06
test_14795,0.9610484211549284
test_14796,0.9947880511857694
test_14797,0.9999658445514645
test_14798,0.9999028004009474
test_14799,0.013947141046318732
test_14800,0.0011218322121524086
test_14801,3.1362505112540575e-05
test_14802,0.00019941753404097544
test_14803,0.34474294409361944
test_14804,0.00034265918415515926
test_14805,0.0020739350341982435
test_14806,6.84725679110235e-05
test_14807,0.7879836593975841
test_14808,0.9482910735238631
test_14809,0.9996605545122769
test_14810,0.010137153850372284
test_14811,0.9979257922664042
test_14812,0.9993267968524975
test_14813,0.9961388116712723
test_14814,0.9657159035944195
test_14815,0.9640674880721294
test_14816,0.0008734738964589801
test_14817,0.611075211967999
test_14818,0.6570605119958315
test_14819,0.999661011703757
test_14820,9.98376066002132e-05
test_14821,0.03337056503420634
test_14822,0.9920892610487716
test_14823,0.006624380904240633
test_14824,0.690672512667152
test_14825,0.11691659120301148
test_14826,0.9610312464093544
test_14827,0.9986892415638189
test_14828,9.032830274040827e-06
test_14829,0.9901184352863841
test_14830,0.06777745967435356
test_14831,0.9781851312109311
test_14832,0.05847318773904424
test_14833,0.003389378024274924
test_14834,0.9924017291275682
test_14835,0.0005025155916976208
test_14836,0.9975016396170258
test_14837,0.019180813005740045
test_14838,9.380814222471072e-05
test_14839,0.01675630201879289
test_14840,0.0024107818118514696
test_14841,0.9996418872342355
test_14842,0.9998936579898919
test_14843,0.1076588129532483
test_14844,0.031904547021051256
test_14845,0.9989130682658994
test_14846,0.9999799908022846
test_14847,0.9995347838459325
test_14848,0.9654702338228752
test_14849,0.9999960304511999
test_14850,0.000307273048939016
test_14851,0.5999883364669694
test_14852,0.006485162973319415
test_14853,0.0017645413693331714
test_14854,0.007865120324017557
test_14855,0.9965725852434603
test_14856,0.0008644757138183266
test_14857,0.8468798444464188
test_14858,0.9189243904656209
test_14859,0.9849639004663941
test_14860,0.9997337785952791
test_14861,0.9470921220914771
test_14862,0.9948310763230557
test_14863,0.0027227304430428143
test_14864,0.00036496152070966085
test_14865,0.997024304154699
test_14866,0.04639279080656211
test_14867,0.0001484705228697172
test_14868,0.1939876987353406
test_14869,0.9999970816456555
test_14870,0.003232002857656463
test_14871,0.9993131196831594
test_14872,0.7523527688369868
test_14873,0.015306018747311686
test_14874,0.19333879670929965
test_14875,0.9631480296717357
test_14876,0.0011814250172063646
test_14877,0.0002693320381580354
test_14878,0.9991054149946611
test_14879,0.9694439485464371
test_14880,0.9984476660945513
test_14881,0.13618226977404158
test_14882,0.0014940543192049373
test_14883,0.9981246416423747
test_14884,0.5858970978208957
test_14885,0.9932697737681511
test_14886,0.9443383936965005
test_14887,0.02181976195422392
test_14888,0.731795406256449
test_14889,2.0532628328819715e-05
test_14890,0.896112081503443
test_14891,0.5947139599605504
test_14892,0.26552238081207047
test_14893,0.0009306779623309109
test_14894,0.9973593959078885
test_14895,0.8954615097433778
test_14896,0.002673369548319844
test_14897,0.24203986779691547
test_14898,0.999938023968175
test_14899,0.02825836436138385
test_14900,0.41442228338259035
test_14901,0.010088570582452858
test_14902,0.020483957606541453
test_14903,0.9999816109381993
test_14904,0.7971365803365531
test_14905,0.9999983330999361
test_14906,0.9954355262797139
test_14907,0.009306051948426614
test_14908,0.0076459618196366465
test_14909,0.0005834481888193668
test_14910,0.1084289061578827
test_14911,0.9923150119158592
test_14912,0.9975503267710942
test_14913,0.9838132486322508
test_14914,0.993685361780343
test_14915,0.006862454331406501
test_14916,0.9944041120568938
test_14917,0.9604011110014723
test_14918,0.003412986576534454
test_14919,0.00019390614713949867
test_14920,0.020896625100908336
test_14921,0.009750799149622362
test_14922,0.0017639801298160677
test_14923,1.832190558274504e-05
test_14924,0.9797917471741714
test_14925,0.9934297702252437
test_14926,0.008777236655695615
test_14927,0.09444363854389014
test_14928,0.9992232979773844
test_14929,6.695391966949404e-05
test_14930,0.0806443039396102
test_14931,0.9998060958721201
test_14932,0.42489232651527
test_14933,0.03398943687389038
test_14934,0.007148831237698625
test_14935,2.779224077862748e-05
test_14936,0.5960920496257727
test_14937,0.9483856011179678
test_14938,0.06451491136451197
test_14939,0.0035161399814856026
test_14940,0.2381937370920727
test_14941,0.9693805034704807
test_14942,0.9667153036175273
test_14943,0.0018113433424757405
test_14944,0.003710041403320028
test_14945,0.026855012547555335
test_14946,0.015591507943665353
test_14947,0.9986188810922607
test_14948,0.998321299661329
test_14949,0.9021727795201009
test_14950,0.999916862981975
test_14951,4.819062768344044e-05
test_14952,0.00543688035116494
test_14953,0.9999988701544826
test_14954,7.195308016505714e-07
test_14955,0.0003384217071496123
test_14956,0.00223586628947581
test_14957,0.5743604092461319
test_14958,2.366059643504052e-05
test_14959,0.007684649942652044
test_14960,0.9990473894768155
test_14961,0.9999718879339785
test_14962,0.9875525712828704
test_14963,0.9249123873314515
test_14964,0.0004416441455353493
test_14965,0.9999972878622174
test_14966,0.9997538978395477
test_14967,0.00017754601635898895
test_14968,2.8255494356611724e-05
test_14969,0.0001083443497019768
test_14970,0.003617772166637256
test_14971,2.628212765397439e-05
test_14972,0.9149526518491065
test_14973,0.03644242889778123
test_14974,0.9978660184080491
test_14975,0.9875005904842797
test_14976,0.0015100412656159122
test_14977,0.0011406817246052082
test_14978,0.04598569869991918
test_14979,0.00037695443521343754
test_14980,0.9979181486406793
test_14981,0.0005672440031584984
test_14982,0.8359580077088152
test_14983,0.9985300942668712
test_14984,0.005247658283161177
test_14985,0.5533053476557659
test_14986,0.9968036219991766
test_14987,2.518397914218143e-07
test_14988,0.0028799331147393243
test_14989,0.9998662283999672
test_14990,0.07803963021920139
test_14991,0.9954482914756222
test_14992,0.7990453611874359
test_14993,0.9999893365954803
test_14994,0.9957732103941027
test_14995,0.48736629608999066
test_14996,0.9743947053377754
test_14997,0.0003053582865300221
test_14998,0.9992961974634903
test_14999,0.5209255099531611
test_15000,0.9994059236226487
test_15001,0.9716242996521244
test_15002,3.5746563438378385e-05
test_15003,4.2353295902813605e-06
test_15004,0.5819521689246133
test_15005,8.741894152355006e-05
test_15006,0.0803925292493595
test_15007,0.15294643758308396
test_15008,0.9961946481840028
test_15009,0.013499800459064877
test_15010,0.0001927190328705533
test_15011,0.00014323842355192304
test_15012,0.0005359658420669873
test_15013,0.9890947216816149
test_15014,0.977260661570646
test_15015,0.9409560813985116
test_15016,2.9568483154816023e-05
test_15017,0.15381356854581923
test_15018,0.9999357017902362
test_15019,0.3620598454470669
test_15020,0.9832228885292206
test_15021,0.05150505021627331
test_15022,0.0015843560663296927
test_15023,0.9896770589986083
test_15024,0.9867560044805427
test_15025,0.00033411425201017303
test_15026,0.0002959949360140873
test_15027,0.00034614681867193556
test_15028,0.0030807527771234957
test_15029,0.9999334107608849
test_15030,0.010264407762292864
test_15031,0.00025996142032093963
test_15032,3.290551068643805e-05
test_15033,5.8396470746263755e-05
test_15034,0.9934151906895867
test_15035,0.9935720282962879
test_15036,0.00027006395843363163
test_15037,0.0007548737922200604
test_15038,0.9970227883291917
test_15039,0.0006552912385673956
test_15040,0.6942468377881863
test_15041,0.037187072138097535
test_15042,0.9988216425829222
test_15043,0.0019494073643374903
test_15044,0.9926637932380253
test_15045,0.00043048199713900724
test_15046,2.642399369743695e-05
test_15047,0.99988458212378
test_15048,0.9999333376322371
test_15049,0.9904108639938973
test_15050,0.9999630630706643
test_15051,0.9989634639823957
test_15052,0.5045978747636094
test_15053,0.000707291616781427
test_15054,5.4887547584269816e-05
test_15055,0.00018671453973291978
test_15056,0.9293398088073571
test_15057,0.48418451368686893
test_15058,0.9814120584332202
test_15059,0.9990430993593794
test_15060,0.13149336621622523
test_15061,0.9998699513996223
test_15062,0.9969173663853147
test_15063,0.9925415813734821
test_15064,0.0006438272557358703
test_15065,0.9968344815748663
test_15066,0.16410087845643348
test_15067,0.4011494202927352
test_15068,0.015538848796313813
test_15069,0.0005696248914815843
test_15070,0.7333016922346205
test_15071,0.06579644023636318
test_15072,0.9971887905654859
test_15073,6.805511022232111e-05
test_15074,0.001973089113873154
test_15075,4.4296810089208143e-07
test_15076,0.9988747711834862
test_15077,0.22117108118210652
test_15078,0.1236872557505488
test_15079,0.45324951127672386
test_15080,0.0008750897844426134
test_15081,0.4769441614182839
test_15082,0.9801059775981857
test_15083,0.9999946993345724
test_15084,0.9742272187397836
test_15085,0.9986098316986648
test_15086,0.0016242899137733358
test_15087,0.9280484281818875
test_15088,0.9911594685767631
test_15089,1.4940810942473235e-06
test_15090,0.004347480090116513
test_15091,0.9998907843910384
test_15092,0.9996805643004594
test_15093,0.3684679447132252
test_15094,0.6991891541263616
test_15095,0.0024574514927966956
test_15096,0.03893899344817125
test_15097,0.9999690750347033
test_15098,0.006869177941653062
test_15099,0.9998424117724205
test_15100,0.36916678885196574
test_15101,0.00056261397091542
test_15102,0.9987073149946974
test_15103,0.08523162852462773
test_15104,0.9976335194318197
test_15105,0.8223540439751577
test_15106,0.9995500687059683
test_15107,0.10701122634905191
test_15108,0.0002736897874065873
test_15109,0.6179631895991397
test_15110,0.9954953126543742
test_15111,0.8157762277756686
test_15112,0.9910370096492849
test_15113,0.6178299489282306
test_15114,0.9999458275124878
test_15115,0.9885384379442042
test_15116,0.9999248170552935
test_15117,0.7962968649787392
test_15118,0.6360910672711453
test_15119,0.00047024353924753954
test_15120,0.22519524305620842
test_15121,1.4762692688927775e-06
test_15122,0.6519234968578291
test_15123,0.06771043662233393
test_15124,7.749730765839039e-06
test_15125,0.05900222392909994
test_15126,3.6711103757736786e-06
test_15127,0.99878184998277
test_15128,0.01661171789390511
test_15129,0.0012605438334320309
test_15130,9.910969983526522e-06
test_15131,0.9079269402024267
test_15132,0.18183485776213798
test_15133,0.9960940928738897
test_15134,0.999661054499501
test_15135,0.9991506440652113
test_15136,0.9994999777182738
test_15137,0.3266286073349711
test_15138,0.9999094529309733
test_15139,0.00045162648929604704
test_15140,2.4338920286170482e-06
test_15141,0.9986299748895757
test_15142,0.9999996160210167
test_15143,0.5852214025889506
test_15144,0.0003452596285462998
test_15145,0.9983857743399268
test_15146,0.9692022853082726
test_15147,0.012573360619057651
test_15148,0.050469313078701485
test_15149,0.5120093071625501
test_15150,0.2822272148044895
test_15151,0.9860653960590479
test_15152,0.0005543063035040663
test_15153,7.252368547769687e-06
test_15154,0.9790459053052938
test_15155,0.0060045142460012964
test_15156,0.14150949952231479
test_15157,0.9998483571019388
test_15158,0.000693092465940915
test_15159,0.00512784329811392
test_15160,0.8505190074749852
test_15161,0.9996750259138113
test_15162,0.699013454818247
test_15163,0.0022234531861912423
test_15164,0.9937169153137441
test_15165,0.03333240906088779
test_15166,0.0004930970040559404
test_15167,0.15448996126354692
test_15168,0.028724658239543666
test_15169,0.0038787277578613954
test_15170,0.48830280408086485
test_15171,0.9986204559317466
test_15172,8.941747823050592e-05
test_15173,0.01881380660431907
test_15174,0.026053453826550325
test_15175,0.9709405467993535
test_15176,0.9934548757901379
test_15177,0.10930783851725354
test_15178,0.016724086534484813
test_15179,0.22534625385359752
test_15180,0.998391085037984
test_15181,9.270940909744976e-05
test_15182,0.9630109483914673
test_15183,0.1033833718726404
test_15184,0.9982567888613577
test_15185,0.9968746792867897
test_15186,0.9895762060757253
test_15187,0.4584847578572915
test_15188,0.9999969894562386
test_15189,0.9633780396775885
test_15190,3.05203141153669e-07
test_15191,0.00015673238743944828
test_15192,0.024244043132973323
test_15193,0.04343986652577682
test_15194,0.010781832911674089
test_15195,8.756916626178734e-05
test_15196,0.14850541879503157
test_15197,0.9586481631657514
test_15198,0.003151111797454819
test_15199,3.0971245232655314e-05
test_15200,8.243878277921638e-08
test_15201,0.8998753394344169
test_15202,0.9997050338369937
test_15203,0.00034227278577362625
test_15204,0.8785267060660338
test_15205,0.5728913481274829
test_15206,0.9936732660461489
test_15207,0.9910520930629785
test_15208,0.008690088607501159
test_15209,5.7543635583308134e-06
test_15210,0.00810015038152971
test_15211,0.007742819375888441
test_15212,0.00033307016225964857
test_15213,0.9975934832509741
test_15214,0.9989506796034353
test_15215,0.9994280048313553
test_15216,0.9652888994029862
test_15217,0.2653864030456327
test_15218,0.9999919291632783
test_15219,0.9976092414351636
test_15220,0.0014548021017117196
test_15221,0.00017378225577074628
test_15222,0.9995358259267558
test_15223,0.11790649971292994
test_15224,0.03365469524361612
test_15225,0.036046039471772595
test_15226,0.9927033921859152
test_15227,0.00036339660761513034
test_15228,0.9985149515275052
test_15229,0.0017517420991529145
test_15230,0.995406081128239
test_15231,0.9999877654321458
test_15232,0.9786587376603548
test_15233,0.2465881532984792
test_15234,0.35652824266001565
test_15235,0.0003321634658245319
test_15236,0.9996211812810835
test_15237,0.011925846074214926
test_15238,0.9982545659016849
test_15239,0.27428772848046007
test_15240,0.9978797462272411
test_15241,0.691862977907108
test_15242,0.00310475673916995
test_15243,0.034267861247589126
test_15244,0.0003271192591896139
test_15245,0.9994200158956372
test_15246,0.004555855710292206
test_15247,0.9999997444067397
test_15248,0.34379771381526353
test_15249,0.2791976164908273
test_15250,0.9995800079165993
test_15251,0.9999351092008735
test_15252,0.7733830497640742
test_15253,0.998997407230384
test_15254,8.56276078248869e-06
test_15255,0.00012778933997137918
test_15256,0.0005215221457279247
test_15257,0.3487653611039169
test_15258,0.0001555789213624916
test_15259,0.013310071637179373
test_15260,0.998430066420864
test_15261,0.3153893528217462
test_15262,0.05115737105488798
test_15263,0.9941843064307719
test_15264,0.43552458971211133
test_15265,0.04129439795919616
test_15266,0.9995305537766426
test_15267,0.003566018858796919
test_15268,1.1126283323825e-07
test_15269,0.9999393934439468
test_15270,0.9998695632914134
test_15271,0.0060105749763090235
test_15272,0.9978438724246183
test_15273,0.9435263047382835
test_15274,0.11372645872748526
test_15275,0.00010120729353013604
test_15276,0.9121360543147274
test_15277,0.0054841853274866055
test_15278,0.9999938429394413
test_15279,0.9979395726977592
test_15280,0.9941581899451912
test_15281,1.0386098318773799e-05
test_15282,0.999951783513359
test_15283,0.9990379344222222
test_15284,0.7589973285275345
test_15285,0.020399063653897237
test_15286,0.08049533146666286
test_15287,0.911495605471316
test_15288,3.552772779579276e-06
test_15289,8.966306536522239e-05
test_15290,0.9979352877249256
test_15291,0.13724323819956613
test_15292,0.017494638367249512
test_15293,0.007421235122248364
test_15294,0.9996776220885738
test_15295,0.2877676183786119
test_15296,0.9992147201773289
test_15297,0.9999937220912422
test_15298,5.095773897996433e-06
test_15299,0.09312445876373786
test_15300,0.00036499773912834207
test_15301,0.00028388226839118385
test_15302,0.004321116417275493
test_15303,0.3753203906137648
test_15304,0.9987124774549875
test_15305,0.9974176985367534
test_15306,0.9998325574792489
test_15307,0.9988720381124713
test_15308,0.027001624233401536
test_15309,0.998904711371601
test_15310,0.023728660218171722
test_15311,0.0061059422974262196
test_15312,0.0011489488041873594
test_15313,0.3866517037716397
test_15314,0.10562883036929516
test_15315,0.871705879368343
test_15316,0.9849819454807833
test_15317,0.017859728591434147
test_15318,0.00012034188922817402
test_15319,0.005644903948871387
test_15320,0.0030989796049408196
test_15321,0.9998179501665458
test_15322,0.6815725327975667
test_15323,0.9836682333279485
test_15324,0.9954244436307964
test_15325,0.9995718905499794
test_15326,0.5662844451144118
test_15327,0.6878558023493693
test_15328,0.0012096900425196144
test_15329,0.9980561061874168
test_15330,0.01263511191975829
test_15331,0.9892508311784074
test_15332,0.9956467820565689
test_15333,4.5563935637152435e-05
test_15334,0.9638860825982338
test_15335,0.022730425305017957
test_15336,0.9998657925070812
test_15337,0.6799174492026606
test_15338,0.009212695720891104
test_15339,0.36199376522006405
test_15340,0.9983447429146459
test_15341,0.9975394235588868
test_15342,0.00129253973196589
test_15343,0.00394790156636334
test_15344,0.9999754786114774
test_15345,0.9871665070000426
test_15346,0.6029542138051849
test_15347,0.9338067836376175
test_15348,0.001120344793925615
test_15349,0.9999962394258468
test_15350,0.28453499950827504
test_15351,0.00011329676816284622
test_15352,0.012293346702274242
test_15353,0.994813040642472
test_15354,0.9975874250937046
test_15355,0.9551443907045645
test_15356,6.710839857754617e-05
test_15357,0.0002124497056215311
test_15358,0.0335256429714025
test_15359,0.999987281036692
test_15360,0.9999998996823395
test_15361,0.9757957265659786
test_15362,0.002450437675534033
test_15363,0.03436398589236544
test_15364,0.9926566522884503
test_15365,0.003670453084136575
test_15366,0.42094227473522633
test_15367,0.9975467180407469
test_15368,0.9967108094302886
test_15369,0.9984537913373661
test_15370,0.05152345054627432
test_15371,0.8550580282884445
test_15372,0.002469264580021746
test_15373,0.0035522073520805057
test_15374,0.4115558442668671
test_15375,0.011979278688608382
test_15376,0.9999690005179649
test_15377,0.997977074513309
test_15378,0.8881618624834887
test_15379,0.9750617671320108
test_15380,0.9262308705065669
test_15381,0.9999534108624192
test_15382,0.00012659605193283946
test_15383,0.0035439249436250734
test_15384,0.016298119715465884
test_15385,0.005420835830175182
test_15386,0.9955390254063133
test_15387,0.999347349435667
test_15388,0.9803432874896131
test_15389,0.9491901419768695
test_15390,0.001127842631650684
test_15391,0.9542849792319196
test_15392,0.6112115673445678
test_15393,0.5965426325729662
test_15394,0.4532070937781688
test_15395,0.9999625589247074
test_15396,0.00012846939823984215
test_15397,0.9987383142302673
test_15398,0.7924785923540951
test_15399,0.016282289999551874
test_15400,0.9995636954323616
test_15401,0.9706927480144794
test_15402,0.5970256914173812
test_15403,0.9861026622706764
test_15404,0.90544561455426
test_15405,0.9814719315392396
test_15406,0.7899301967950452
test_15407,0.9999560435848692
test_15408,0.17827833580827726
test_15409,0.9826566484371827
test_15410,0.8285852128404282
test_15411,0.9878012763501032
test_15412,0.998954786290303
test_15413,0.9988810026817021
test_15414,0.9999999886639285
test_15415,0.07479000747726902
test_15416,0.0052441145665708955
test_15417,0.955284735678444
test_15418,0.9995516219519895
test_15419,0.13751799661955827
test_15420,0.996685055229878
test_15421,0.27329035963775516
test_15422,0.038342257961761786
test_15423,0.05693354982732924
test_15424,0.9997657870132965
test_15425,0.9995958346796777
test_15426,0.9868897163059188
test_15427,0.9999742488357999
test_15428,0.9810168105213154
test_15429,0.2487526639865874
test_15430,0.97090699400666
test_15431,0.9986516494873705
test_15432,6.051301365345089e-08
test_15433,0.012654055208288049
test_15434,0.9995291285357699
test_15435,0.9934350993970776
test_15436,8.891585824967689e-05
test_15437,0.9954790590495188
test_15438,0.03744309562674938
test_15439,0.9914419351762346
test_15440,0.034371938941252816
test_15441,0.7881888114916953
test_15442,0.042443866425265625
test_15443,0.012337109683538827
test_15444,1.987144368896437e-05
test_15445,0.9987850949413493
test_15446,0.9980058403449574
test_15447,0.07465521454857078
test_15448,0.7331601074199139
test_15449,0.00033290898337151066
test_15450,0.9335050189467342
test_15451,0.0005917339753113589
test_15452,0.9965262872350266
test_15453,0.9882983713467051
test_15454,0.0376473420466801
test_15455,0.9953338571537551
test_15456,0.9635420892180206
test_15457,0.353876803407874
test_15458,0.01209573088797516
test_15459,0.06771596808880202
test_15460,0.8539549929951554
test_15461,0.8907151627734304
test_15462,0.9504301459785462
test_15463,5.744532180712739e-05
test_15464,0.00013851007266594555
test_15465,0.9393487603678775
test_15466,0.9922736652404138
test_15467,0.5476861070782277
test_15468,0.9997672280437022
test_15469,0.7877176023077175
test_15470,0.9542446617318123
test_15471,0.06341931248185644
test_15472,0.0002119336560210618
test_15473,0.2566581040661666
test_15474,0.00030049941321276964
test_15475,0.07228319832083449
test_15476,0.234133847296238
test_15477,0.9930537784075109
test_15478,0.9999948632448111
test_15479,0.9988928315938715
test_15480,0.021030426686228797
test_15481,0.9999389249378966
test_15482,0.13129121728251933
test_15483,0.9992246782047463
test_15484,0.01789484425735055
test_15485,0.9782648964190623
test_15486,0.06661045295643647
test_15487,0.0013802854441122574
test_15488,0.008559316249147825
test_15489,0.0025644447546686773
test_15490,0.0023843942649650015
test_15491,0.000130223594079381
test_15492,0.9994087843114405
test_15493,0.0035424589963825815
test_15494,0.9613073446101864
test_15495,0.003480332693508078
test_15496,0.0001871744569380049
test_15497,0.9847042846741286
test_15498,0.976214162846798
test_15499,0.9998545970492961
test_15500,7.532341241141235e-06
test_15501,0.9994739577048246
test_15502,0.9912261807467361
test_15503,0.9998739881211761
test_15504,0.9999939876610107
test_15505,0.9737300845195817
test_15506,0.07894077797992415
test_15507,0.00017817006209535033
test_15508,0.9958704678217946
test_15509,0.010233351355968149
test_15510,0.49310915459255733
test_15511,0.7627385013635241
test_15512,0.0004254021867608206
test_15513,0.8767061701752393
test_15514,0.9960353991280885
test_15515,0.9929822079556897
test_15516,0.9956320162155573
test_15517,0.044371494014711535
test_15518,0.000367950952592321
test_15519,0.9998338903717974
test_15520,0.09546547691867376
test_15521,0.9950244449700654
test_15522,0.9190986402724729
test_15523,4.8056388660204886e-05
test_15524,0.010553228844937786
test_15525,0.0036799218241209525
test_15526,0.9999973390958669
test_15527,0.9991352007083433
test_15528,0.00499017317511477
test_15529,0.0033324952687819554
test_15530,0.9936051418890459
test_15531,0.09804056823275084
test_15532,0.025309399110943997
test_15533,0.00046753938898853675
test_15534,0.00037681137697534884
test_15535,2.9273367073633705e-05
test_15536,0.0006261159360410199
test_15537,0.9997551230312292
test_15538,0.4219038783088517
test_15539,0.0007125906396836752
test_15540,0.0002077465738711166
test_15541,0.999361896199769
test_15542,0.0007185827447455825
test_15543,0.005423876903869613
test_15544,0.8339462607809136
test_15545,0.7710439768034989
test_15546,0.0017986243778968024
test_15547,1.93772856644425e-06
test_15548,0.0001286885978204342
test_15549,0.07092117139561734
test_15550,0.999403089565044
test_15551,5.1468356521334105e-05
test_15552,0.010852411981981896
test_15553,0.9742416541469026
test_15554,0.010037203825557853
test_15555,0.9758830002690715
test_15556,0.7204902741537897
test_15557,3.9339263937814195e-05
test_15558,0.0005573632301307279
test_15559,0.8224108578296666
test_15560,0.9960954331332017
test_15561,0.14087066687674188
test_15562,0.9988747875669624
test_15563,0.999862491825321
test_15564,0.0005043834827955389
test_15565,0.024195429813311964
test_15566,0.9999994417161692
test_15567,0.2826683767463636
test_15568,0.7853714399176007
test_15569,0.022010847726029098
test_15570,0.9986974608830977
test_15571,0.06663343374811914
test_15572,0.005359480013135476
test_15573,0.9994358167371163
test_15574,0.9996942402768806
test_15575,0.00012323539856230533
test_15576,0.9986135219413772
test_15577,0.9221842815132656
test_15578,0.9954202795102755
test_15579,0.3485904052342222
test_15580,0.999998963528588
test_15581,0.00017951781125972885
test_15582,0.9586748541486498
test_15583,0.00011511040173251718
test_15584,0.0068273044077965745
test_15585,0.9990684705906651
test_15586,0.990804711300337
test_15587,0.015818965800391948
test_15588,0.02623427657137735
test_15589,0.9953498506317809
test_15590,0.0007110693316408511
test_15591,0.004468330393391665
test_15592,0.9871526077747775
test_15593,0.9994703294753999
test_15594,0.31864739838672285
test_15595,0.015999779081736058
test_15596,0.9564857794696487
test_15597,0.9774154587537878
test_15598,0.006023320707891363
test_15599,0.22202708935765506
test_15600,0.7419929530953018
test_15601,0.9993494880484541
test_15602,1.4728826975477725e-05
test_15603,0.006943905795569878
test_15604,0.4362007863747227
test_15605,0.00015654239459072535
test_15606,0.4077779732298256
test_15607,0.9873612531659182
test_15608,0.0341814743188107
test_15609,0.982999580210658
test_15610,0.01911419002841043
test_15611,0.8467874853433774
test_15612,0.9953268859961145
test_15613,0.9895094577141442
test_15614,0.15999529339910049
test_15615,0.19691870290668675
test_15616,0.00018204457314336395
test_15617,0.6907382985483397
test_15618,0.044035265880281095
test_15619,0.9824152931125841
test_15620,0.00012125982660075762
test_15621,0.9462020519017894
test_15622,0.0012344973857741658
test_15623,0.005435070579336114
test_15624,0.0005378270015089794
test_15625,0.0019014590227869996
test_15626,0.9803552013844857
test_15627,0.9990391766227309
test_15628,0.00622611820887352
test_15629,0.00011614452072162347
test_15630,0.00011025941787025849
test_15631,0.9997781987358869
test_15632,0.9985559612787983
test_15633,0.9955315740827253
test_15634,0.00010821361781529078
test_15635,0.0025888291201374156
test_15636,0.9892617319621186
test_15637,0.9999407343433813
test_15638,0.9997071431987543
test_15639,0.0038339959580012454
test_15640,0.9969858594082907
test_15641,0.9732206997578031
test_15642,0.9014286337133798
test_15643,0.996398770499567
test_15644,0.00012332376178471885
test_15645,0.9986229617921327
test_15646,0.9999066236745106
test_15647,1.4600373728023073e-05
test_15648,0.031300307128339575
test_15649,0.0036717649652183433
test_15650,0.9996320280773034
test_15651,0.020862295141766178
test_15652,0.9987498643344372
test_15653,1.4349377704009677e-08
test_15654,0.9833468399161985
test_15655,0.008564908821831837
test_15656,0.9431505720601651
test_15657,0.3863024094777692
test_15658,0.9982214619000511
test_15659,0.004660489964338882
test_15660,0.10868181828494594
test_15661,0.0002292940683797844
test_15662,0.0025409962363732823
test_15663,0.9346556698731449
test_15664,0.00011878874563250144
test_15665,0.6972996753698215
test_15666,0.9989708143364896
test_15667,0.0411382543013393
test_15668,0.999796891090535
test_15669,0.9996494478285376
test_15670,0.26933826002276917
test_15671,0.9689580924059499
test_15672,0.9999728027824248
test_15673,0.022024179473679763
test_15674,0.05545091273872917
test_15675,0.999481405683619
test_15676,0.002998059073848451
test_15677,0.04034905715388858
test_15678,0.9999738065562158
test_15679,0.9996777251159003
test_15680,0.9741792247910553
test_15681,0.12282300731308286
test_15682,0.03721981320973826
test_15683,0.7147640994013148
test_15684,0.5477377000739377
test_15685,1.1778080690165849e-05
test_15686,0.02108338760607379
test_15687,0.9989849968547301
test_15688,0.8993718845784477
test_15689,0.04956169401301922
test_15690,0.0018844099656520098
test_15691,4.733373928790672e-06
test_15692,1.2485582311898609e-05
test_15693,0.9981425826951121
test_15694,0.19136204235358545
test_15695,0.06693246781437537
test_15696,0.9961917683710388
test_15697,0.995031060083186
test_15698,2.0666178824396478e-05
test_15699,0.33390382646493866
test_15700,6.300199297624836e-05
test_15701,0.9946820909379059
test_15702,0.9862050700754755
test_15703,0.5476920840548791
test_15704,0.000423619260661247
test_15705,0.00796677486403823
test_15706,0.9999682442744281
test_15707,0.9988016687841976
test_15708,0.7864462290095876
test_15709,0.9783635095786761
test_15710,0.9986014365447604
test_15711,0.9999970932241998
test_15712,0.0001572431478356793
test_15713,0.942379241711454
test_15714,0.056436477594896756
test_15715,0.9998664121594143
test_15716,0.01550549871955902
test_15717,0.9642546824465924
test_15718,0.9946182360749479
test_15719,0.2251284096088531
test_15720,0.9945364049283464
test_15721,0.9897415193823077
test_15722,0.9850518733958235
test_15723,0.9999312944801629
test_15724,0.9992380931547524
test_15725,0.9778375568724851
test_15726,0.9424561704922848
test_15727,0.9769145238837034
test_15728,0.0862224591837816
test_15729,0.0004934129760972625
test_15730,0.024791146445628666
test_15731,0.0037147038011513932
test_15732,0.990804694113305
test_15733,0.9909473205900905
test_15734,0.0007178747659614358
test_15735,0.2576602406635717
test_15736,0.0005966687703852686
test_15737,0.9595348516090703
test_15738,0.01565686642700833
test_15739,0.9791764808172393
test_15740,0.16058144403051536
test_15741,0.9999922562219411
test_15742,0.9967656958341072
test_15743,0.9967723676917772
test_15744,0.3276573021211678
test_15745,0.5334052013050575
test_15746,0.9994374628952772
test_15747,0.9997862347656238
test_15748,0.01877618519845035
test_15749,0.9999925196981737
test_15750,0.12392514502571145
test_15751,0.9994894833526451
test_15752,0.9548157308918013
test_15753,0.9998242068820979
test_15754,3.5940509343823986e-05
test_15755,0.9994615468859727
test_15756,2.871166081756444e-05
test_15757,0.9978213184256997
test_15758,0.9498866501040506
test_15759,0.0438610338970468
test_15760,0.8772811021628363
test_15761,0.9944707440149009
test_15762,0.6944147482827532
test_15763,0.5824358145683682
test_15764,0.9986017212642484
test_15765,0.8940780227582966
test_15766,0.3088407863661662
test_15767,0.9600152447507787
test_15768,0.0006228050853660407
test_15769,0.0123036933064132
test_15770,0.9297500339922999
test_15771,4.6987404125636014e-05
test_15772,0.4129772860582186
test_15773,1.941128521940299e-05
test_15774,0.999702806888989
test_15775,0.9999966882307576
test_15776,0.0003127388344998445
test_15777,0.0018842554163852087
test_15778,0.009968585706780086
test_15779,0.000326529999434843
test_15780,0.05764255823110284
test_15781,0.014602519509990126
test_15782,0.5491514935095128
test_15783,0.999883405104346
test_15784,0.05885555389472303
test_15785,0.07865692545777311
test_15786,0.9910649051456254
test_15787,0.460818894889534
test_15788,0.007877845192814266
test_15789,0.0027144516819284548
test_15790,0.9722253731980163
test_15791,0.9976897136893226
test_15792,0.7220913700903729
test_15793,0.8940242538995082
test_15794,0.9100290298513913
test_15795,0.013772245971788204
test_15796,0.08632090674360515
test_15797,0.028238521030672138
test_15798,0.46675893972432214
test_15799,0.03202335262369422
test_15800,0.7511572329561865
test_15801,0.9963734875910402
test_15802,0.048025017969641086
test_15803,0.03213497094817762
test_15804,1.4948396207159834e-05
test_15805,0.9146858833295637
test_15806,0.0022199962000560205
test_15807,0.9968548779764176
test_15808,0.6228486191256779
test_15809,0.17367251869715003
test_15810,0.00024158929266245482
test_15811,0.9986793698572292
test_15812,0.0013671887034254627
test_15813,0.9839424784098452
test_15814,0.82301584218335
test_15815,0.00025037834504773837
test_15816,0.9966966511707002
test_15817,0.0012357267963459758
test_15818,0.2355293447304618
test_15819,0.9719942720157333
test_15820,0.0003834079401040336
test_15821,0.9833160792732035
test_15822,0.9698453245161158
test_15823,0.004482497748285732
test_15824,0.03472264403011393
test_15825,0.0072484759513643734
test_15826,0.00016784896301394467
test_15827,0.9588554186928941
test_15828,0.9941833137440762
test_15829,0.99707787885988
test_15830,0.0015367902582323928
test_15831,0.0034585068401745632
test_15832,0.9999971903889249
test_15833,0.8829881886705673
test_15834,0.2835721629839832
test_15835,0.07561587095782582
test_15836,0.9952463834819043
test_15837,0.9992795451193679
test_15838,2.3718787555365322e-05
test_15839,0.9998253176571431
test_15840,0.9991585769711638
test_15841,2.5976699151441925e-06
test_15842,0.9948854547561499
test_15843,0.16370515575026306
test_15844,0.16877177407841365
test_15845,0.9894329157973217
test_15846,0.03899729597238292
test_15847,6.65805514310791e-05
test_15848,0.06984631269696723
test_15849,0.36816139206837295
test_15850,0.004082730136372055
test_15851,0.5606517576550792
test_15852,0.00019638102856258722
test_15853,0.8845810045856486
test_15854,0.9765067899818045
test_15855,0.9956353541389834
test_15856,0.9804229620817104
test_15857,0.0001620014142287143
test_15858,0.9021538229070584
test_15859,0.9999535769712883
test_15860,2.8866967659194717e-05
test_15861,0.8931418600808455
test_15862,0.8865227239450102
test_15863,0.06745527585855453
test_15864,0.9873631631220962
test_15865,0.9997963288240707
test_15866,0.9999959039711008
test_15867,0.999952522448574
test_15868,0.9150572105054535
test_15869,0.0002257498516205152
test_15870,0.035637378111760445
test_15871,0.6412746171329342
test_15872,0.009806610184724097
test_15873,0.11770870123469421
test_15874,0.010707735106125486
test_15875,0.0002781332833922395
test_15876,0.02831354392227347
test_15877,8.441397878766214e-07
test_15878,0.5025348724864945
test_15879,0.04207672659726172
test_15880,0.04557521817243082
test_15881,1.5124444749531494e-05
test_15882,0.44844427009741933
test_15883,0.01240732183759204
test_15884,0.9999454072458972
test_15885,0.9965258672694246
test_15886,0.003197757349361946
test_15887,0.9614394046432491
test_15888,0.038585042903520536
test_15889,0.44330516431042416
test_15890,0.33916636288574004
test_15891,0.9536468077468732
test_15892,0.9969860938292348
test_15893,3.15730978840676e-05
test_15894,2.69109919050479e-05
test_15895,0.9992432481995375
test_15896,0.843511430171902
test_15897,0.9659851286405268
test_15898,0.8894201033621875
test_15899,0.00018238526169581456
test_15900,0.9923609696173413
test_15901,0.9742149712192218
test_15902,0.028689516305050553
test_15903,0.45604140502802926
test_15904,0.0020518895420385346
test_15905,0.9937661687443872
test_15906,7.264747964144136e-05
test_15907,0.9998457017199591
test_15908,1.8248265892990177e-05
test_15909,0.9994929607502618
test_15910,0.9961543949070257
test_15911,0.00240363272281721
test_15912,0.9379084874757819
test_15913,0.9960751743637796
test_15914,0.9997168698551505
test_15915,9.43796786733678e-05
test_15916,0.018138202994294892
test_15917,0.0026182242476265696
test_15918,0.001973593290292884
test_15919,0.9991500124510762
test_15920,0.6216132741124079
test_15921,0.9971408903062606
test_15922,0.001467131456341744
test_15923,0.9875048008340859
test_15924,0.6441330587827504
test_15925,0.172506256331802
test_15926,0.9988177552186288
test_15927,0.9999883692842582
test_15928,0.968640476253903
test_15929,0.999995736971717
test_15930,0.33787510156885564
test_15931,0.016635888640383192
test_15932,0.14053377418814836
test_15933,0.9986627276177221
test_15934,0.05239463440537753
test_15935,0.9999442047699156
test_15936,0.13915176692930348
test_15937,0.9917703072395182
test_15938,0.9999388068751357
test_15939,0.9525321126910319
test_15940,0.998829955732263
test_15941,0.9976931604713576
test_15942,0.00017337748975239524
test_15943,0.962116765932339
test_15944,0.0014135872120427967
test_15945,0.9947263963444467
test_15946,0.011225116742427557
test_15947,0.0005307471554207915
test_15948,0.9996803197959495
test_15949,0.9995183790610271
test_15950,0.01679596741548668
test_15951,0.00010248435818473703
test_15952,0.5653407706091877
test_15953,0.07335468564201639
test_15954,0.9924525512687346
test_15955,0.05570532498345447
test_15956,0.004565290385863701
test_15957,0.00020932131322449948
test_15958,0.9056215583653302
test_15959,0.9943442852896228
test_15960,0.9030976001692557
test_15961,0.9394119352817036
test_15962,0.9965457977924432
test_15963,0.5909236877402712
test_15964,0.9993808268028272
test_15965,0.002658315034803652
test_15966,0.985677430921524
test_15967,0.07089185630843246
test_15968,0.00027776467752997023
test_15969,0.056573959895803
test_15970,0.9688705991225327
test_15971,6.780590719968459e-05
test_15972,0.02845358974451953
test_15973,0.1043805582121138
test_15974,0.2891162348558745
test_15975,0.33705072607588615
test_15976,0.9640096947472898
test_15977,0.8184495977298321
test_15978,0.9820871593082686
test_15979,0.6795795349748968
test_15980,0.4941381476927257
test_15981,0.9999980976826061
test_15982,0.0014117319057612976
test_15983,0.9996049121879935
test_15984,0.9919425584911328
test_15985,0.0010649563657519124
test_15986,0.292618516511582
test_15987,0.0007822181253196826
test_15988,0.9996096944496135
test_15989,0.012660614799060749
test_15990,0.9999280981514524
test_15991,0.9904317893218981
test_15992,0.03660767462569598
test_15993,0.9994148712135082
test_15994,9.346111705763508e-08
test_15995,0.9438877888539899
test_15996,0.88463178523157
test_15997,0.08729134556186142
test_15998,0.004653150618155211
test_15999,0.9767956155987463
test_16000,0.0001653145310518932
test_16001,0.5411133623981708
test_16002,8.930410906471005e-05
test_16003,0.6193901725943658
test_16004,0.00026195065474862543
test_16005,0.021554388629247304
test_16006,0.9915950918311045
test_16007,0.9927957449782707
test_16008,0.18363641556521237
test_16009,2.3444023475789763e-06
test_16010,0.07522964116899994
test_16011,0.20048232945519615
test_16012,0.0003938441318971124
test_16013,0.9821626391277081
test_16014,0.0015176197534562585
test_16015,5.759412423976624e-05
test_16016,0.4030317828217656
test_16017,0.008408783309990137
test_16018,0.99999747602713
test_16019,0.00034165412905677324
test_16020,0.9833815776102561
test_16021,0.9999999226989307
test_16022,0.9949632200004288
test_16023,0.00014399017997763206
test_16024,0.0009186239389065372
test_16025,0.07202805389624976
test_16026,0.8192047461524039
test_16027,0.8299746309216264
test_16028,0.0013733363117664778
test_16029,0.0069881245780525495
test_16030,0.0019471308963298322
test_16031,0.110405502647115
test_16032,0.9981256298429073
test_16033,0.0002331156545264652
test_16034,0.9999913146938257
test_16035,0.002694259139094515
test_16036,6.82344727908069e-05
test_16037,0.0347459410842808
test_16038,0.01987921368762513
test_16039,0.09231064520721462
test_16040,1.1606141367643901e-05
test_16041,0.999999224367747
test_16042,0.9900188776055002
test_16043,0.9996577462924618
test_16044,0.9982189372936532
test_16045,0.9966718426206841
test_16046,0.0020435102934346946
test_16047,0.6154587783309444
test_16048,0.9989041426223527
test_16049,0.68421763870951
test_16050,0.11987001851975587
test_16051,0.7525031755663311
test_16052,0.0002590817044325038
test_16053,0.9653464614573752
test_16054,0.001008477079530245
test_16055,0.0006439011824548415
test_16056,0.9907807207482647
test_16057,0.9996392674925858
test_16058,0.031396996861623575
test_16059,0.9999308829049611
test_16060,0.12916439226531448
test_16061,0.9554358105015217
test_16062,0.00037665125151078343
test_16063,0.6498321614691158
test_16064,0.9920997184012583
test_16065,0.9999962786658897
test_16066,0.9471000862262813
test_16067,0.9874398942939876
test_16068,0.02293912589947377
test_16069,0.17696676217472
test_16070,0.9459129238431752
test_16071,0.9962235995454566
test_16072,0.9888811864213349
test_16073,0.00034758774083612525
test_16074,0.004097820204564871
test_16075,0.9999363258647938
test_16076,0.7918909432525416
test_16077,0.9997012397541384
test_16078,0.5645105341055711
test_16079,0.22556538734896436
test_16080,0.9969447298552289
test_16081,0.8706690982310064
test_16082,0.07398002708920927
test_16083,0.0959224913966017
test_16084,0.0029421453024792623
test_16085,0.001878942077715138
test_16086,0.9985255057378892
test_16087,0.8711822020919449
test_16088,0.7373713004019232
test_16089,0.00013305517816318771
test_16090,0.05586445976502293
test_16091,0.9648309828872748
test_16092,0.023200258816100494
test_16093,0.011125984830606978
test_16094,0.9999997787150082
test_16095,0.9668245471554593
test_16096,0.9985122830936005
test_16097,0.010438787115928326
test_16098,0.4626513483707701
test_16099,0.9859144880385534
test_16100,0.00010519416682639039
test_16101,0.00011520200351001636
test_16102,0.9998325951652153
test_16103,0.005194360744528266
test_16104,0.3186293538195868
test_16105,0.26728356234668627
test_16106,0.9958143207078972
test_16107,0.999517214992225
test_16108,0.06019240115484193
test_16109,0.9996511616028597
test_16110,7.343597953042725e-05
test_16111,0.7453394111054303
test_16112,0.9999788164092752
test_16113,0.9878357065296842
test_16114,0.439826066287674
test_16115,0.0012004307315599612
test_16116,0.019900264690239835
test_16117,0.9998066702967741
test_16118,0.9635623314641376
test_16119,0.8900405334833497
test_16120,0.011583979491323514
test_16121,0.9992362130576485
test_16122,0.00615597797210873
test_16123,0.9999788020822571
test_16124,0.9945171422876262
test_16125,0.9891415641534322
test_16126,0.02241826336651276
test_16127,0.9980770393859899
test_16128,0.6229408595452132
test_16129,0.03472135932380349
test_16130,0.998865876764898
test_16131,0.0007679738676480668
test_16132,0.9999987191709446
test_16133,0.01675096040371577
test_16134,0.8421998250684846
test_16135,0.9997219715750641
test_16136,0.99999464310208
test_16137,0.9999999175881361
test_16138,0.863645796168844
test_16139,0.9994208349278023
test_16140,0.011736483019722632
test_16141,3.8365328627727417e-05
test_16142,0.026446007897710982
test_16143,0.9955750769782866
test_16144,0.8138661826647454
test_16145,0.2983516837300238
test_16146,0.0003623516808412073
test_16147,0.0029086725118156894
test_16148,0.0010231746184216734
test_16149,0.12490655589363107
test_16150,0.017830713442793352
test_16151,0.9926351058382346
test_16152,0.0023587447693845763
test_16153,0.9999737935678803
test_16154,0.007439254296156734
test_16155,0.9996256036532865
test_16156,0.9737950663858644
test_16157,0.0003096437747225919
test_16158,0.0014475381608591393
test_16159,0.7271436616172476
test_16160,0.6853393990627759
test_16161,0.9932110917164312
test_16162,0.788569061430659
test_16163,0.00010411166463901703
test_16164,0.09966713566746356
test_16165,0.009757766434098094
test_16166,1.2401059223892409e-05
test_16167,0.0038589370256986175
test_16168,0.00021518453074047955
test_16169,0.9998701470355933
test_16170,0.9977995986838583
test_16171,0.12673659726965003
test_16172,0.00042482122470845397
test_16173,0.9996298469360645
test_16174,0.0009693463944891885
test_16175,0.20357891393497157
test_16176,0.15642901449346452
test_16177,3.575044040628008e-05
test_16178,1.107749538364254e-07
test_16179,0.021308877097806544
test_16180,0.1272774333953975
test_16181,0.9999602136595193
test_16182,0.00423540629878158
test_16183,0.0017442794287006328
test_16184,0.5396991310271939
test_16185,0.9997879761123334
test_16186,0.0022366790957228403
test_16187,0.0006313711044950548
test_16188,0.04280539772081296
test_16189,0.9998810766917177
test_16190,0.5776265996230421
test_16191,0.16430705749379448
test_16192,0.9321636223421084
test_16193,0.9999018853130668
test_16194,0.00019430300419385306
test_16195,0.9994434094998205
test_16196,0.0015228476337643033
test_16197,0.9974130804238156
test_16198,4.317449563491374e-05
test_16199,0.459058936081538
test_16200,0.05245192088194847
test_16201,0.00028572724892546856
test_16202,0.9992208013153514
test_16203,0.9905938632991327
test_16204,0.9999773834331195
test_16205,0.9990447625626128
test_16206,0.9999999394101874
test_16207,0.9995758112996691
test_16208,0.9117869479736392
test_16209,0.10947806212704038
test_16210,0.9985109857286991
test_16211,0.9998466495589705
test_16212,0.9999648665461721
test_16213,0.9989158062523704
test_16214,0.00013415905474807783
test_16215,0.2396325544250095
test_16216,0.9999916810478615
test_16217,0.0010460760123235427
test_16218,0.9996535972498438
test_16219,0.9819301091991925
test_16220,0.9999577155759012
test_16221,0.9855007879500476
test_16222,0.9643419631700427
test_16223,0.05711280038149019
test_16224,0.9998299921678165
test_16225,0.9861689352326041
test_16226,0.9976588409400055
test_16227,0.0014772407665976203
test_16228,0.6460890631267759
test_16229,0.9713325954398748
test_16230,0.9992526494733193
test_16231,0.5870878019460545
test_16232,0.0009043932877294968
test_16233,8.526764166306887e-05
test_16234,0.43772526028255454
test_16235,0.8659609729920938
test_16236,7.409817151701514e-06
test_16237,0.9999358963743152
test_16238,0.003816692339319298
test_16239,0.12063583213102301
test_16240,0.993586180918384
test_16241,0.00032158764721439636
test_16242,0.4068401565661557
test_16243,0.9998038783113624
test_16244,0.008564915123036101
test_16245,0.9830450793274633
test_16246,0.7997350593899749
test_16247,1.8058502352580526e-05
test_16248,0.9999606191064445
test_16249,0.0005919335155028037
test_16250,0.8707316179478529
test_16251,0.18140881153389463
test_16252,0.0007871264114868189
test_16253,0.822554661162872
test_16254,0.9971900161500543
test_16255,0.015787299636227617
test_16256,0.01683493283006718
test_16257,0.5360659593818744
test_16258,0.0013699590655630964
test_16259,0.9999024702569794
test_16260,0.03717112440001499
test_16261,0.9945381618547587
test_16262,0.9999999931707095
test_16263,0.8861685522971956
test_16264,0.00035597678511844875
test_16265,0.9997747776530781
test_16266,0.9986539003691167
test_16267,0.28272912905595526
test_16268,0.9999960084146544
test_16269,9.957831735530557e-05
test_16270,0.9933043748997117
test_16271,0.9976965162681022
test_16272,0.9981550482274675
test_16273,0.9999999774812945
test_16274,0.9810597055942805
test_16275,1.1016474023957782e-06
test_16276,1.6847937771218894e-06
test_16277,0.9986359437611452
test_16278,5.603677853196268e-07
test_16279,2.1903502352920702e-05
test_16280,0.9991845931438187
test_16281,0.9990846346381101
test_16282,0.9998356433197726
test_16283,0.00022114128478219653
test_16284,0.013002496604909423
test_16285,0.9978458214845997
test_16286,0.017569380744957445
test_16287,0.9999712260812222
test_16288,0.0006275792046336869
test_16289,0.9994717870657247
test_16290,0.0013764858758978935
test_16291,0.99397039125659
test_16292,0.905458484990526
test_16293,0.9999855414126461
test_16294,0.002174562320722291
test_16295,0.9566526929111487
test_16296,0.04331639121728261
test_16297,0.9697301308812317
test_16298,0.9922619582495268
test_16299,0.6006576005280116
test_16300,0.003201771353098736
test_16301,1.0655716180706008e-05
test_16302,0.6064586575289166
test_16303,0.9997184103931509
test_16304,0.09039321946069641
test_16305,0.9999247856279092
test_16306,0.981916610418293
test_16307,0.997735158523686
test_16308,0.9984456743552241
test_16309,0.998465011484778
test_16310,0.000499784752899001
test_16311,0.9407451903180829
test_16312,0.007255435198886581
test_16313,9.545337772903508e-05
test_16314,0.9996251570590603
test_16315,0.11840322150472363
test_16316,0.8692751405312965
test_16317,0.994760630948605
test_16318,0.9991421884984031
test_16319,1.2720085692778044e-05
test_16320,0.9963469816179281
test_16321,0.583030634930094
test_16322,0.01058329985362622
test_16323,0.010862423172520393
test_16324,0.9176427226814039
test_16325,0.915445243911992
test_16326,0.998819033899944
test_16327,0.004319926558666487
test_16328,0.0077371052668831165
test_16329,0.0032735271187165084
test_16330,0.9938990350803796
test_16331,0.0008591326719135208
test_16332,0.6478974951165073
test_16333,0.002398465026278506
test_16334,0.9998176740496768
test_16335,0.999572466133872
test_16336,0.0007120874661137449
test_16337,0.33979881818989155
test_16338,0.9998713649104504
test_16339,0.9804568003793993
test_16340,0.9969214947425664
test_16341,0.9990794585510673
test_16342,0.9994892471316468
test_16343,0.9946003556834545
test_16344,0.9326267654629234
test_16345,0.006526887179358583
test_16346,0.9911050330926078
test_16347,0.00057865538013182
test_16348,0.983298643842309
test_16349,0.9996226511346269
test_16350,0.10355248310866035
test_16351,0.9720642762558505
test_16352,3.6080476013540915e-05
test_16353,0.999965765583042
test_16354,0.14713295078389835
test_16355,0.9989797892686829
test_16356,0.19546196768305113
test_16357,0.1322734780395575
test_16358,0.00010573081071209855
test_16359,0.9747606795880706
test_16360,0.003288998173889621
test_16361,9.201043806353463e-07
test_16362,0.9977936527033521
test_16363,0.03328720921402904
test_16364,0.6778617712428355
test_16365,0.9731842730076206
test_16366,0.31038390668968374
test_16367,0.9967179666419802
test_16368,0.0010828444543765177
test_16369,0.002304170410429325
test_16370,0.00020534400887677
test_16371,0.885539461365849
test_16372,0.9996037976429013
test_16373,0.25779721143009
test_16374,0.010484840011157988
test_16375,0.8740861583771349
test_16376,0.9910031853793213
test_16377,0.9956626731222294
test_16378,0.061821274033907574
test_16379,0.045696879584094144
test_16380,0.00016449581150636123
test_16381,0.2056402779209472
test_16382,0.009305936304081375
test_16383,0.7222605001588465
test_16384,0.9996921757154397
test_16385,0.02133771244045075
test_16386,0.8031691317207837
test_16387,0.9990394342153202
test_16388,0.5429210345232057
test_16389,0.9998889797991195
test_16390,0.9984799236613686
test_16391,0.3763382932541873
test_16392,0.9999988399000519
test_16393,0.024500466215276087
test_16394,0.9723531437903493
test_16395,0.011493738978465446
test_16396,0.9981859910156546
test_16397,0.0008445623103188298
test_16398,0.999735327552938
test_16399,0.2111871676489252
test_16400,0.038939624764058565
test_16401,0.918381765577109
test_16402,0.9765460194382776
test_16403,0.9990716895637181
test_16404,0.9997418471700612
test_16405,0.00015659795404161564
test_16406,1.229318049511804e-05
test_16407,0.9983425820230519
test_16408,0.2193680683981602
test_16409,0.00019414502511709344
test_16410,7.200413170902019e-05
test_16411,0.055774917655797854
test_16412,0.002728227029549718
test_16413,0.02131402467196872
test_16414,0.964058531868813
test_16415,0.9999792621930468
test_16416,0.0012442330449361518
test_16417,0.00032359323847608366
test_16418,0.0004742823245443915
test_16419,0.0023407319199511855
test_16420,0.00013186803142602383
test_16421,0.9335595046700994
test_16422,0.15883677497850368
test_16423,0.9999993702428551
test_16424,0.05029548913786173
test_16425,0.0019307774326313538
test_16426,0.007973146243852255
test_16427,0.21262929084765436
test_16428,0.005082066655837278
test_16429,0.9999705478341656
test_16430,0.9999923155589104
test_16431,0.7470161000743287
test_16432,0.8825393902846757
test_16433,2.8501864144524045e-05
test_16434,0.498518128651022
test_16435,0.0007028388146643013
test_16436,0.038351204357272566
test_16437,0.14994210340102818
test_16438,0.9618489217002145
test_16439,0.9999998582876127
test_16440,0.9951288074416377
test_16441,0.0010142194092448674
test_16442,0.9999234956988231
test_16443,0.03513627243867436
test_16444,0.999832249797332
test_16445,0.9247489688335409
test_16446,0.0004777846913885036
test_16447,0.9994483568094009
test_16448,0.02608601958734563
test_16449,0.9998960974203714
test_16450,0.13202490753632853
test_16451,0.055352627048639996
test_16452,0.00013074757904301353
test_16453,0.9127933261602413
test_16454,1.4716559807608077e-07
test_16455,0.9954627645987212
test_16456,0.9433589903452007
test_16457,0.04971560437173222
test_16458,0.00019237360922721595
test_16459,0.09166399105653113
test_16460,0.001128814201091422
test_16461,0.9999988781016561
test_16462,0.15621241838146027
test_16463,0.9983941380554109
test_16464,0.8302172416020819
test_16465,0.6631656849882095
test_16466,0.7373402070517112
test_16467,0.9475665126156276
test_16468,0.7619540462561787
test_16469,0.7183882581168366
test_16470,0.8548156560392025
test_16471,0.005890919081618222
test_16472,1.1535930345942599e-05
test_16473,0.5437125261694582
test_16474,0.8644769829677705
test_16475,0.03452573090581001
test_16476,0.0016116772335498515
test_16477,0.000384412396826685
test_16478,0.9999990036641245
test_16479,0.3459552475372085
test_16480,0.9999156312387161
test_16481,2.6304212397789018e-05
test_16482,0.550953948994161
test_16483,0.007967478908998108
test_16484,0.999271148879665
test_16485,0.02767624344696317
test_16486,0.996264580351974
test_16487,0.3953435402123935
test_16488,0.0016427756240551532
test_16489,0.0012050196606846102
test_16490,0.9874666329890791
test_16491,0.41488686685044274
test_16492,0.020363174503594688
test_16493,0.001174538038250575
test_16494,0.025087328542691655
test_16495,0.2769937501179297
test_16496,0.9988596505345734
test_16497,0.00011279174514976025
test_16498,0.03566118425474582
test_16499,0.1602690425632919
test_16500,0.11270383044282127
test_16501,0.9986410106497665
test_16502,0.0006270718085812251
test_16503,0.24526169148415264
test_16504,6.702010285506048e-06
test_16505,0.9999822455551125
test_16506,0.00017910076680395886
test_16507,0.041884321525391
test_16508,0.9988058505719721
test_16509,0.00013269003685608622
test_16510,0.02639143097490115
test_16511,0.9945553874028051
test_16512,0.0027191412925713365
test_16513,0.07152192487479524
test_16514,0.0013101309872561209
test_16515,0.9118286468741912
test_16516,0.999986206525956
test_16517,0.0395205575462572
test_16518,0.9964407190844757
test_16519,0.9999855163425048
test_16520,0.38122245455095194
test_16521,0.10664551576003871
test_16522,0.9841306814810575
test_16523,0.9975348235869572
test_16524,0.021351660660474017
test_16525,0.00028421659648826303
test_16526,0.6831217827815955
test_16527,5.092537718380957e-05
test_16528,0.00048534784860793
test_16529,0.997938089461875
test_16530,0.0020306050618326267
test_16531,0.9689944886502453
test_16532,0.9999768734173903
test_16533,4.991737303348898e-05
test_16534,0.9999929439473952
test_16535,0.6042667347177653
test_16536,1.465253268018737e-05
test_16537,0.7693192521955009
test_16538,0.9996969251786607
test_16539,0.9947585050628147
test_16540,6.492654260186021e-06
test_16541,3.7570384624185187e-06
test_16542,0.11310572512681993
test_16543,0.6260103182271722
test_16544,0.029593047669228753
test_16545,1.336928364229959e-05
test_16546,0.9999998396421363
test_16547,0.36876269350790436
test_16548,0.02720693687974774
test_16549,0.1882109364237314
test_16550,0.9999987720373735
test_16551,0.999722493393087
test_16552,0.9998589695758726
test_16553,0.00047122056774096454
test_16554,0.00012612280973895001
test_16555,0.2643956867680103
test_16556,0.9794470141165011
test_16557,0.9999921658067065
test_16558,0.9999626787930551
test_16559,0.9999681487811443
test_16560,0.00012671770491807672
test_16561,0.9820481682050577
test_16562,0.29597544801290193
test_16563,0.0006920508212626177
test_16564,0.9836022158571721
test_16565,0.9058484315069294
test_16566,3.228324679011558e-05
test_16567,0.9990694004179349
test_16568,0.20891394556714227
test_16569,0.016058689904376273
test_16570,0.8025320034971226
test_16571,0.995247122706062
test_16572,0.24201096895648674
test_16573,4.474413493964483e-05
test_16574,0.48737653904523737
test_16575,0.0001744704744026683
test_16576,0.0002131836075999278
test_16577,6.974508273747149e-05
test_16578,0.999584477187169
test_16579,0.09148801909415517
test_16580,0.0009389661931725358
test_16581,0.003234863577990323
test_16582,0.7751212332602506
test_16583,0.9998592286266187
test_16584,0.9910873287200085
test_16585,1.1948645905824687e-05
test_16586,0.6037444139181455
test_16587,0.4982094345915326
test_16588,0.09989545189326977
test_16589,0.8041117770222046
test_16590,0.07212608287944886
test_16591,0.999894451935373
test_16592,0.0005087458143427533
test_16593,0.017836881694559735
test_16594,0.00012349468597269182
test_16595,0.7573991892730618
test_16596,0.01825827043104935
test_16597,0.2597819960123146
test_16598,0.982448253249525
test_16599,0.585618340353121
test_16600,0.9674367272861555
test_16601,0.00022858732217322968
test_16602,0.9977461456122833
test_16603,0.7327104316400416
test_16604,0.9994556068296363
test_16605,0.0001229281694468398
test_16606,0.02419461911693549
test_16607,0.20704189094159858
test_16608,0.9999404571249048
test_16609,0.9938013458904522
test_16610,0.015567280087474449
test_16611,0.2908951545440771
test_16612,0.012039928844076894
test_16613,0.9998534772540533
test_16614,0.9995432792921585
test_16615,0.032787124218686015
test_16616,3.3862702015173663e-06
test_16617,0.0006238893224892897
test_16618,0.0023490643302958906
test_16619,0.005622166407746503
test_16620,0.999813778158811
test_16621,0.9871392697199732
test_16622,0.9701576339574719
test_16623,0.9267334523929176
test_16624,0.9667714908525211
test_16625,0.0004106260043692527
test_16626,0.00010745843936995242
test_16627,0.0014538677800835064
test_16628,8.543241386828999e-06
test_16629,0.006709554280005842
test_16630,0.00019005925011031705
test_16631,0.003423687500910466
test_16632,0.6756338920731249
test_16633,0.0022718628904567343
test_16634,0.3199127852477397
test_16635,0.00040829489423628953
test_16636,0.9936822131351438
test_16637,0.01549817729383329
test_16638,0.9990472969045403
test_16639,0.9990410260791776
test_16640,0.9731356934701497
test_16641,0.3311185641344083
test_16642,0.9999231959354965
test_16643,0.9907696943512669
test_16644,0.999650286892739
test_16645,0.9977128416231115
test_16646,0.9976402798430868
test_16647,0.97208029380143
test_16648,0.19883684938933846
test_16649,0.887071129638283
test_16650,0.0528962266682809
test_16651,2.6675258773442722e-05
test_16652,0.0008482649541792695
test_16653,0.9999839408435022
test_16654,0.9948558872866646
test_16655,0.0007348732383576458
test_16656,0.9518748355337092
test_16657,0.9998516089017643
test_16658,0.9850723671568771
test_16659,0.7058084349195962
test_16660,0.9973321883699988
test_16661,0.00243238606617115
test_16662,0.850284147887937
test_16663,0.04016296980941625
test_16664,0.9993756757680835
test_16665,0.0025435945806421803
test_16666,0.9999245087048556
test_16667,0.0011023936789214428
test_16668,0.9992527015342448
test_16669,3.0645192289730805e-05
test_16670,0.0016156687079095465
test_16671,0.9293907501204519
test_16672,0.999856447511001
test_16673,0.0002444885169759223
test_16674,0.14904275732260214
test_16675,0.6043700207658231
test_16676,0.6743865175109041
test_16677,0.34105380457056805
test_16678,0.5950845550276178
test_16679,0.006862037209928545
test_16680,0.10158907544434738
test_16681,0.0006730748853925205
test_16682,0.993016220467771
test_16683,0.21301387267147245
test_16684,0.01115323544038425
test_16685,0.0009297611095495209
test_16686,0.002715926504043331
test_16687,0.9965231943141201
test_16688,0.982178006021876
test_16689,0.8599123022481504
test_16690,0.999826582638367
test_16691,0.7092882729339888
test_16692,0.9974263350942209
test_16693,0.0051427918771634615
test_16694,0.9987517206672624
test_16695,0.00764429249033618
test_16696,0.27070014114613633
test_16697,0.0013877945302163959
test_16698,0.6818090223698179
test_16699,0.019126135324833256
test_16700,0.8567371012592957
test_16701,0.00015558374721593528
test_16702,0.01280820716241604
test_16703,0.9999235393745749
test_16704,0.035366743941890086
test_16705,0.8717127578817813
test_16706,0.9984398929150956
test_16707,0.7178634313001799
test_16708,0.9996768714982129
test_16709,0.9998673362935885
test_16710,0.0010249369733810367
test_16711,0.8927259548798426
test_16712,0.5902719340058183
test_16713,0.0410687207237227
test_16714,0.0004640197040560477
test_16715,1.1393197951963656e-05
test_16716,0.12672926776334367
test_16717,0.5495529623491644
test_16718,0.0003450732461091495
test_16719,0.24272849875964156
test_16720,0.0019916480477204816
test_16721,0.9957749189510139
test_16722,0.9998162426884438
test_16723,0.9999506518820366
test_16724,0.0026719439703710214
test_16725,0.012348021751170748
test_16726,0.0013668573301619425
test_16727,0.9999335781739843
test_16728,0.0014793527438161762
test_16729,0.05036099245501455
test_16730,0.9874695447472985
test_16731,0.12402232605581048
test_16732,0.17282761099190286
test_16733,0.004811822005879171
test_16734,0.9983954976125903
test_16735,0.001785606898334662
test_16736,0.9201643983040502
test_16737,0.9998817417462497
test_16738,0.8781890652744839
test_16739,0.9173436303979915
test_16740,0.9990835576080077
test_16741,5.3358666270489265e-06
test_16742,0.07634152384548676
test_16743,0.001143588085243704
test_16744,0.9998704796833295
test_16745,9.879076619183224e-05
test_16746,0.02731159914422175
test_16747,0.7739644277695554
test_16748,0.9999694391240542
test_16749,0.5832425946784376
test_16750,2.898264144821107e-05
test_16751,0.9999988592732553
test_16752,0.34086131392258257
test_16753,0.9999352232942808
test_16754,0.001209619954852389
test_16755,0.0004365223723356217
test_16756,0.9998940162709428
test_16757,0.0002388278416140057
test_16758,0.9885549377035696
test_16759,0.938376281332461
test_16760,0.9915753645067767
test_16761,0.9998025036301124
test_16762,0.19572325716913103
test_16763,0.6088762443055772
test_16764,0.000970461583400734
test_16765,0.9997626810345512
test_16766,0.9998249688536337
test_16767,0.0181318555817913
test_16768,0.00011445509122727915
test_16769,0.3825965094767195
test_16770,0.9842722428709146
test_16771,0.8003033788764811
test_16772,0.002712527453591905
test_16773,0.9702479351601884
test_16774,0.9856399837101514
test_16775,0.17693478154708286
test_16776,9.909074003067299e-05
test_16777,0.9995717810436444
test_16778,0.09882346429201938
test_16779,0.015099052399822043
test_16780,0.9999966393024524
test_16781,0.0025436424674404154
test_16782,0.9999951092347941
test_16783,0.9797177992914217
test_16784,0.9848481934092935
test_16785,0.9999794818827349
test_16786,3.2214373568904875e-05
test_16787,0.7787436591404213
test_16788,0.7714691686304849
test_16789,0.9989978193987074
test_16790,0.015751395572783523
test_16791,6.281656063603472e-05
test_16792,0.9999916453086668
test_16793,0.050488939041550565
test_16794,0.9935375101862322
test_16795,0.0005976035202590203
test_16796,0.5167377387849055
test_16797,0.011273289733840947
test_16798,0.42318104034460413
test_16799,0.9983568437039395
test_16800,0.8888303584983324
test_16801,0.9998588963393432
test_16802,0.9999796551293352
test_16803,0.014166237682136462
test_16804,0.999605412028862
test_16805,0.5408421096531099
test_16806,0.9963833618339067
test_16807,0.961650483451884
test_16808,4.58706262510928e-05
test_16809,0.0011401161979927522
test_16810,0.001235104081325204
test_16811,0.9669735379006091
test_16812,0.016879172131298022
test_16813,2.154938171075569e-05
test_16814,0.1009234349461561
test_16815,0.9732759052955994
test_16816,4.252720728280015e-06
test_16817,0.9995616474631784
test_16818,0.00097894928620457
test_16819,0.9999449322004087
test_16820,0.018145758285776907
test_16821,0.8200445342858012
test_16822,0.9829293505103414
test_16823,0.9999740124028024
test_16824,0.9953202852842391
test_16825,0.1594384276173678
test_16826,0.9940291062560926
test_16827,0.004720698442522735
test_16828,0.02264149547416714
test_16829,0.007675977643994882
test_16830,0.006707493747195071
test_16831,0.9999698564826741
test_16832,0.9991315104736099
test_16833,0.3503866812608783
test_16834,0.956309201218727
test_16835,0.9996720330626624
test_16836,0.16698462553857185
test_16837,0.9998855713566343
test_16838,0.7694137096930671
test_16839,0.7427373042327103
test_16840,0.9982407940196668
test_16841,0.9890396811034821
test_16842,0.7243945926100357
test_16843,0.0013835808671789596
test_16844,0.9999975274989144
test_16845,3.5372125456680105e-05
test_16846,0.0003580452912995042
test_16847,0.5897381509792743
test_16848,0.9533050952873232
test_16849,0.9988506213265733
test_16850,0.021967626232409887
test_16851,0.000998450638312609
test_16852,0.08587996016418753
test_16853,0.037115728676232786
test_16854,0.011704108099938467
test_16855,4.484145650672898e-06
test_16856,0.9795952457788963
test_16857,0.9929861281530633
test_16858,0.9489217983346327
test_16859,0.01626885673285172
test_16860,0.9618837322039563
test_16861,0.011046121496830753
test_16862,0.00021920022751418974
test_16863,0.9999891646885124
test_16864,0.015225612563034823
test_16865,0.019028779386740663
test_16866,0.0005463105450964302
test_16867,0.9503908038613288
test_16868,0.9996048471927524
test_16869,0.966238990284126
test_16870,0.9996065720047559
test_16871,0.9999988729642674
test_16872,0.9888162349475708
test_16873,0.03950898163870557
test_16874,0.027468521850626468
test_16875,0.001473153609969366
test_16876,0.9983161530239333
test_16877,0.005549903094263088
test_16878,0.0002898339458684154
test_16879,0.9599215223062726
test_16880,0.9905776127446014
test_16881,0.04106093411715728
test_16882,0.008832348669096598
test_16883,0.9997773812451493
test_16884,0.9992543978516828
test_16885,0.008837533219989185
test_16886,0.4982189316979771
test_16887,0.9963379287627595
test_16888,0.9999853949158586
test_16889,0.9986825383957831
test_16890,0.9966462982164117
test_16891,0.044019894438166715
test_16892,0.9999808912658429
test_16893,0.9979802601768796
test_16894,0.9851900081769756
test_16895,0.0004493075276687804
test_16896,0.9935799066185589
test_16897,0.00026916603078752107
test_16898,0.0021811571015617768
test_16899,0.052021443470816504
test_16900,0.003939893869600101
test_16901,0.0007046173321879474
test_16902,0.007191375229468861
test_16903,0.9982485395418967
test_16904,0.9999034369426107
test_16905,0.0005188923256004436
test_16906,0.008100388162006866
test_16907,0.9995040307590405
test_16908,1.2344653778348245e-06
test_16909,0.9986408378909665
test_16910,0.0504489596938274
test_16911,0.05958922300764984
test_16912,0.576804250780634
test_16913,0.8066570654749561
test_16914,0.009252321176696719
test_16915,0.9959719682369186
test_16916,0.9998671922791562
test_16917,0.00039464176183423973
test_16918,0.9930212079352208
test_16919,0.06478032160037732
test_16920,0.9905582482923063
test_16921,0.8850215101826203
test_16922,0.05861395199276506
test_16923,0.002855875885642684
test_16924,0.8845243747125038
test_16925,0.05461222741038681
test_16926,0.04040894108977461
test_16927,0.02329609979328605
test_16928,0.2921515802649819
test_16929,0.014334280561133884
test_16930,0.31289273653879907
test_16931,0.9994308659918704
test_16932,0.00016150802612516045
test_16933,0.9996555126087104
test_16934,0.9997665231265995
test_16935,0.06710605638819138
test_16936,0.975869019190604
test_16937,0.23719915996642113
test_16938,0.11023891053823423
test_16939,0.568098096174506
test_16940,0.9925943626590558
test_16941,0.999896379506924
test_16942,0.03047813088421513
test_16943,0.7382386206503815
test_16944,0.00012292111453150384
test_16945,0.00026420234592439585
test_16946,0.7194826790735924
test_16947,1.1336071484760543e-08
test_16948,0.002428609908042355
test_16949,0.9975550537753901
test_16950,0.6663960413661906
test_16951,0.9844439288851136
test_16952,0.9658460947443333
test_16953,0.9999877269628483
test_16954,0.001909846234480736
test_16955,0.9969996005406776
test_16956,1.0878492610248797e-05
test_16957,0.6013136018756157
test_16958,0.9997904758830997
test_16959,0.5140010700411044
test_16960,0.9999927745598605
test_16961,0.0037446877893987907
test_16962,0.0328429053697562
test_16963,0.9683410503054648
test_16964,0.0013586432445669987
test_16965,0.7704762564827681
test_16966,0.0026891984238534765
test_16967,0.09645153815487587
test_16968,9.195595179154019e-05
test_16969,0.658323572031701
test_16970,0.0021203989139434725
test_16971,0.9968158698252915
test_16972,0.0380760585827066
test_16973,0.9751918257511553
test_16974,0.7836372300388916
test_16975,0.0005536252182619819
test_16976,0.4826643140902313
test_16977,0.05591124297723937
test_16978,0.9936745307619836
test_16979,0.36413118903857966
test_16980,0.9997161178632671
test_16981,0.9992136040103978
test_16982,0.00019602626240116546
test_16983,0.9974423558483192
test_16984,9.201019954037749e-05
test_16985,6.611821540639538e-05
test_16986,0.0005156163940642075
test_16987,6.6962933966999e-05
test_16988,0.10863222954386707
test_16989,0.012452689409992102
test_16990,2.3645799459371087e-05
test_16991,0.10463663578311379
test_16992,0.9997680409119056
test_16993,0.5828066978002095
test_16994,0.008593252957258095
test_16995,0.7805517040986916
test_16996,0.7257354791536869
test_16997,0.4835801915088124
test_16998,0.0008994379480068192
test_16999,0.9985201671488876
test_17000,0.3787295676702816
test_17001,0.0874439368599144
test_17002,0.9990041373507861
test_17003,5.365872114079845e-05
test_17004,0.9999241631704503
test_17005,0.5904119729393247
test_17006,0.13468858056676805
test_17007,0.7890306134634748
test_17008,0.9983022571092987
test_17009,2.0052282107922764e-06
test_17010,3.799802519281162e-05
test_17011,0.4505347697352924
test_17012,0.8234220463009032
test_17013,0.4112439512566356
test_17014,0.001682950164060255
test_17015,0.7262170905592147
test_17016,0.4290367702177978
test_17017,0.834460046498182
test_17018,0.0012614957377424915
test_17019,0.0007712871631776685
test_17020,0.9998670987478406
test_17021,0.9999270994102603
test_17022,0.0013742107327467854
test_17023,0.0004177327973218879
test_17024,0.9999350065709474
test_17025,0.0018786316627059864
test_17026,0.002137593126115064
test_17027,0.999441491974295
test_17028,0.9965865046909518
test_17029,0.004069118303271188
test_17030,0.9999996790085395
test_17031,0.01895046220510497
test_17032,0.4107597499778534
test_17033,0.9776488489753437
test_17034,0.034999951934416185
test_17035,0.9498357391166984
test_17036,0.9999999093805687
test_17037,9.50881254391227e-05
test_17038,0.6388343021008758
test_17039,0.002391339832244218
test_17040,0.12473623132604218
test_17041,0.23252031027038428
test_17042,0.04163722203770154
test_17043,0.030410402787747776
test_17044,0.05587958394775285
test_17045,0.0037190794362285725
test_17046,0.9999021743727684
test_17047,0.9999542073043237
test_17048,0.6741018551851449
test_17049,0.9999784375504487
test_17050,0.4625024550730997
test_17051,0.3067397488476391
test_17052,8.012385287418613e-05
test_17053,0.7091575993917
test_17054,0.9996707008439569
test_17055,0.00017155664473304441
test_17056,0.9998247044293972
test_17057,0.9867287928430397
test_17058,0.0003727235921817429
test_17059,0.003558595794688379
test_17060,0.03139495757606234
test_17061,0.0021809006962857282
test_17062,0.9700550515963051
test_17063,0.9713523726111009
test_17064,1.06371405148325e-05
test_17065,0.7103884038973376
test_17066,0.8774872565684692
test_17067,0.9854612693504344
test_17068,0.026784492655995168
test_17069,0.8831864813216167
test_17070,0.00011791828086124933
test_17071,0.9431939425285705
test_17072,0.976669518485599
test_17073,0.0116339721927532
test_17074,0.9945863060630303
test_17075,0.9239916021133321
test_17076,0.37497162061018363
test_17077,0.9868499654611103
test_17078,0.0047671171874020335
test_17079,0.774343029812451
test_17080,0.8482781913043423
test_17081,0.00020592799802614042
test_17082,0.9989199598374815
test_17083,0.16370894923198495
test_17084,0.9319194762158909
test_17085,0.00087225205477248
test_17086,0.9432765778322868
test_17087,0.940334927336711
test_17088,0.939686775695342
test_17089,0.013563166062004119
test_17090,0.22510910248294014
test_17091,0.23963748208186825
test_17092,0.016166547014396966
test_17093,0.8075342265542119
test_17094,0.02931790705699395
test_17095,0.9999415144001245
test_17096,0.032228186640258324
test_17097,0.9959729321095363
test_17098,0.20463109457297768
test_17099,0.9999951744718794
test_17100,6.68422375857397e-05
test_17101,0.1944502442771657
test_17102,0.999958432653196
test_17103,0.000178191200019617
test_17104,0.7563921561076725
test_17105,0.9984030784610014
test_17106,0.998861709313928
test_17107,0.006315288661111868
test_17108,0.13344940590426924
test_17109,0.47232879186012716
test_17110,0.999226954678801
test_17111,0.9919060380729572
test_17112,0.9981700981734727
test_17113,0.9521232851489668
test_17114,0.9948669460981122
test_17115,0.8820599643892258
test_17116,0.7256632896286931
test_17117,0.020532865300343334
test_17118,0.9925517318868623
test_17119,0.999924067879204
test_17120,0.7387487990603967
test_17121,0.9830386998597411
test_17122,0.9999999854523773
test_17123,0.0006828779392354849
test_17124,0.001496839942046648
test_17125,0.9845710591248261
test_17126,0.8837128272728657
test_17127,0.025531611339742275
test_17128,0.6575182753615586
test_17129,0.9999897978968505
test_17130,0.9692823429808644
test_17131,0.0015052936397697055
test_17132,0.5277393879903827
test_17133,0.00018653346994641193
test_17134,0.0007156169561345134
test_17135,0.5745662129163109
test_17136,0.9961931154146761
test_17137,0.36972322829688054
test_17138,0.31318121796120113
test_17139,0.003385847557327187
test_17140,0.00451497991884023
test_17141,0.2797293955678483
test_17142,0.9999999397623315
test_17143,0.9998972906470577
test_17144,0.03644710379583712
test_17145,6.274595160379874e-07
test_17146,0.999958808790182
test_17147,0.9998579767220367
test_17148,0.008922682226546593
test_17149,0.15765178381452502
test_17150,0.027143169246228883
test_17151,0.9647756620056203
test_17152,0.002533717620142586
test_17153,0.0037161750766902383
test_17154,0.00031153721741898063
test_17155,0.005383712007027549
test_17156,0.002944444907559532
test_17157,0.950680622971015
test_17158,0.9203435068423511
test_17159,0.0011363082879128667
test_17160,0.9987469914969053
test_17161,0.984802648227003
test_17162,0.00023756132673029593
test_17163,0.9999147758759407
test_17164,0.9997499200549066
test_17165,0.9999365973168972
test_17166,3.9077687410831686e-05
test_17167,0.091668472388374
test_17168,0.98379239095982
test_17169,0.9995631488463885
test_17170,0.07530337874138512
test_17171,2.527733109978551e-05
test_17172,0.9721218206662342
test_17173,0.800667574618103
test_17174,0.9984688630907712
test_17175,0.005763400366091283
test_17176,0.022041119973607425
test_17177,0.9999450327939104
test_17178,0.03407309810938015
test_17179,0.9826556758169486
test_17180,0.7007533571765419
test_17181,0.9989186945270773
test_17182,0.010428921713555035
test_17183,0.8400377902121439
test_17184,0.0442032058977108
test_17185,0.9999503948956385
test_17186,0.2809221526882233
test_17187,0.9014124455985101
test_17188,0.10525027393634429
test_17189,0.0006433221763624236
test_17190,0.0004241344189764319
test_17191,0.12013773825670682
test_17192,0.0015521045617839342
test_17193,0.010142945228803586
test_17194,0.9422978285731167
test_17195,1.693584840048728e-06
test_17196,0.0011441059863374118
test_17197,0.06025578940506129
test_17198,0.0001590317289651245
test_17199,0.00034227913551188315
test_17200,0.9962748221642703
test_17201,0.017840041049089258
test_17202,0.00030560714109007127
test_17203,0.9999998252758272
test_17204,0.9253880944826731
test_17205,0.0013569648973247824
test_17206,0.9995396257715793
test_17207,0.001669831048227171
test_17208,0.9992932437699968
test_17209,0.08461385323959694
test_17210,0.08509176697991551
test_17211,0.007934228519965487
test_17212,0.9955987126096961
test_17213,0.6107497738084089
test_17214,0.9017501033121438
test_17215,0.9999624385704414
test_17216,0.00019652062106098437
test_17217,0.03400289133423291
test_17218,0.00196499990108021
test_17219,0.007221307468281221
test_17220,0.00025519027212871786
test_17221,0.013947317022165241
test_17222,0.9990432572898126
test_17223,0.00027562487933526685
test_17224,1.2680351417086793e-05
test_17225,0.0477367205719493
test_17226,0.050148829638045934
test_17227,0.988179376993022
test_17228,0.9953155535585019
test_17229,0.999765419590904
test_17230,0.8767586548122612
test_17231,0.9700532528086664
test_17232,2.702150052866717e-05
test_17233,0.006593990566988566
test_17234,0.04488592697054911
test_17235,0.9998789997092762
test_17236,1.1437255221955062e-05
test_17237,0.9946412244172026
test_17238,0.0011079831493028725
test_17239,0.6857203523362497
test_17240,0.001124073296693588
test_17241,0.0012398802386269574
test_17242,0.9997802649405265
test_17243,6.082825366059925e-06
test_17244,0.8814182026643218
test_17245,0.0009143937866545842
test_17246,0.015469005209020495
test_17247,0.0362874826259505
test_17248,0.0072171064845297245
test_17249,0.8415549562335133
test_17250,2.5092769860764097e-05
test_17251,0.9855949510237256
test_17252,0.9905899823955702
test_17253,0.3330471727152757
test_17254,0.005442323939402235
test_17255,0.998788101441219
test_17256,0.000584179129199518
test_17257,0.06234416144825755
test_17258,0.6083650635782755
test_17259,0.9742368220700689
test_17260,0.0026081591524534905
test_17261,0.9999680948630699
test_17262,0.9322782268144585
test_17263,0.7699956661570387
test_17264,0.9999827491008264
test_17265,0.9999992569608104
test_17266,3.5245252128813696e-05
test_17267,0.30743709418686355
test_17268,0.0007963199278288132
test_17269,0.0004759816821719696
test_17270,0.9093591712293074
test_17271,8.520388128422475e-07
test_17272,0.9815223031942334
test_17273,0.994193536272399
test_17274,0.03893850583060266
test_17275,0.02145492568230226
test_17276,0.9968801536186569
test_17277,0.9843040907039688
test_17278,0.00030801235035272646
test_17279,0.008894610049789784
test_17280,0.2764245787537012
test_17281,0.03130214637897014
test_17282,0.2126953474455763
test_17283,5.0314327432787176e-05
test_17284,0.9954460753491308
test_17285,0.9999768988448045
test_17286,0.9999531216722614
test_17287,0.0003926662950140849
test_17288,0.3504929152509879
test_17289,0.15904763553909518
test_17290,0.0008890504104619939
test_17291,0.9350792384689505
test_17292,0.9999966698768776
test_17293,0.008616535062404968
test_17294,0.6029304010125552
test_17295,0.12833468790891014
test_17296,0.8689790481221761
test_17297,0.9935806763897685
test_17298,0.003221679493681654
test_17299,0.6417351747391825
test_17300,0.004499106784943735
test_17301,0.9998219000769806
test_17302,0.007084596059418527
test_17303,0.00023176292431139153
test_17304,0.0021786976405586403
test_17305,0.7608368722057058
test_17306,0.9846726358164946
test_17307,0.9981828786261207
test_17308,0.727383885386942
test_17309,2.876978436038189e-05
test_17310,0.9992464291859933
test_17311,0.00015608428529577894
test_17312,0.9981771010535625
test_17313,0.996847228658505
test_17314,0.9937984804067891
test_17315,0.6797496628170236
test_17316,0.0005564969000238271
test_17317,0.39575819537271334
test_17318,0.9979104727521217
test_17319,0.9999816113034774
test_17320,0.9998738918747495
test_17321,0.9999982033641546
test_17322,0.0006638489229815035
test_17323,0.9548452037112963
test_17324,0.0010232871786144276
test_17325,0.00014212536944496559
test_17326,0.9973502681198552
test_17327,0.018889582836653658
test_17328,0.25206867560957963
test_17329,0.06875947845348918
test_17330,3.862290202038508e-05
test_17331,0.5350374682532199
test_17332,0.9395248357225677
test_17333,0.9057064936680249
test_17334,1.6396142287678893e-05
test_17335,0.9997681491996385
test_17336,0.28056532051829064
test_17337,0.0017855877513888903
test_17338,0.9996864423179952
test_17339,0.0021956632848918636
test_17340,0.004115782663104611
test_17341,2.2075895038017772e-05
test_17342,0.07697221997336746
test_17343,7.723748470649452e-05
test_17344,0.991151148655937
test_17345,0.998973277629995
test_17346,0.9985450582224752
test_17347,0.00019476325123091019
test_17348,0.9993977671202491
test_17349,0.003414662761998645
test_17350,0.0016653429085402563
test_17351,0.9954581339157772
test_17352,0.9999997313204356
test_17353,0.9999296504875234
test_17354,0.9980028283537151
test_17355,2.808706605726721e-05
test_17356,0.40499223259783007
test_17357,0.6440187199072333
test_17358,0.00015036852063623454
test_17359,0.9726310938099523
test_17360,0.99186117837319
test_17361,0.9988342331933353
test_17362,0.003556769525827988
test_17363,0.011280222033798713
test_17364,0.005431957055521572
test_17365,1.5394211543487838e-05
test_17366,0.0027547262229792513
test_17367,0.9972534178807625
test_17368,1.0525932563599297e-06
test_17369,0.9649533160662958
test_17370,0.9583467422642827
test_17371,0.999161121767964
test_17372,0.9015747863887567
test_17373,0.0662557999657168
test_17374,0.9911129697049158
test_17375,0.0020677882528498523
test_17376,0.9999425764385388
test_17377,0.00044850259122316947
test_17378,0.009471185481947331
test_17379,0.9949509809811803
test_17380,0.9912911734123071
test_17381,0.0009156184447463478
test_17382,0.596361667065975
test_17383,0.9761622925253726
test_17384,0.8626451669850946
test_17385,0.018101334036724686
test_17386,7.920309984028105e-06
test_17387,0.9987132735497652
test_17388,3.7713041766623976e-05
test_17389,8.296786846226005e-05
test_17390,0.9542866280980882
test_17391,0.021587830637695222
test_17392,0.07644279351287299
test_17393,0.7376395468247542
test_17394,0.0003289408796481801
test_17395,0.00031712518562463694
test_17396,0.9990829143419926
test_17397,0.005696857535463285
test_17398,0.9120842111917721
test_17399,0.9763144506886844
test_17400,6.209300293298359e-06
test_17401,0.9955327441678405
test_17402,0.9999795494730161
test_17403,0.8134034625074876
test_17404,0.9999306359210816
test_17405,0.9343102237466505
test_17406,0.00559703928515354
test_17407,0.9928036690556882
test_17408,0.004363738654882359
test_17409,0.5504961222987722
test_17410,0.5846926107475403
test_17411,0.998723764255012
test_17412,0.23760602371483328
test_17413,0.9862375675979572
test_17414,0.2671603179954028
test_17415,0.02166641251075727
test_17416,0.9927063052337269
test_17417,0.9998471122657351
test_17418,0.0007329279873101678
test_17419,0.2012596679488483
test_17420,0.9998793289157333
test_17421,0.7125606151756699
test_17422,0.7154413127686271
test_17423,0.9447950892117976
test_17424,0.11236063704781057
test_17425,0.5248005929381635
test_17426,0.9996100616036863
test_17427,0.9996622525886714
test_17428,0.00881472440871856
test_17429,0.025048564133540546
test_17430,0.9987992664068399
test_17431,4.429789528303415e-05
test_17432,0.13286225244734134
test_17433,0.0175208269828015
test_17434,0.12918140576769666
test_17435,0.9751916596586219
test_17436,0.0001381955735173256
test_17437,0.1276047071955358
test_17438,0.9992623313282635
test_17439,0.0001088643168511803
test_17440,9.998290708107547e-05
test_17441,0.9980495122956206
test_17442,1.9981231080179498e-05
test_17443,0.9997750825846867
test_17444,0.006297501557317212
test_17445,0.00048129108069480865
test_17446,0.8149697012262425
test_17447,0.18460381134841608
test_17448,0.978593020013702
test_17449,0.8020114575188662
test_17450,0.9819655333028742
test_17451,0.0004667711083638068
test_17452,0.0002789818751525002
test_17453,0.9998250970396803
test_17454,0.9652304147088135
test_17455,0.1452912375140923
test_17456,0.0016760905754419084
test_17457,0.9456531925209841
test_17458,0.4510885601786607
test_17459,0.7060121237919892
test_17460,0.047670962629156856
test_17461,0.9923987402838788
test_17462,0.0010922582170817042
test_17463,3.329250934879223e-05
test_17464,0.004847977368489836
test_17465,1.2710180466850567e-05
test_17466,0.08983964817242392
test_17467,0.9998781724885322
test_17468,0.9999712734765757
test_17469,0.01792078626426901
test_17470,0.0063648002686909995
test_17471,0.8002635326943062
test_17472,0.9813243318278557
test_17473,0.9987355580976984
test_17474,0.9987869150996178
test_17475,0.04702767461339046
test_17476,0.8180414642003898
test_17477,0.022000900279383805
test_17478,0.007844773505211882
test_17479,4.913039736324491e-05
test_17480,0.9998967864995495
test_17481,0.4869060275093194
test_17482,0.37678720104553265
test_17483,0.03361665970663882
test_17484,3.947901498596644e-05
test_17485,0.9970663946740759
test_17486,0.04438913810632894
test_17487,0.6993228609124151
test_17488,0.00015329426543896985
test_17489,0.9983206781771451
test_17490,0.0003493996602146177
test_17491,0.28190684699524277
test_17492,9.15916305349037e-05
test_17493,0.9999758283932455
test_17494,0.7915567696676944
test_17495,0.006632737574701779
test_17496,0.2951501377801114
test_17497,0.04817491907601747
test_17498,0.08973012659364137
test_17499,0.999020758770416
test_17500,2.405644054769225e-06
test_17501,0.6003418683650273
test_17502,3.486123363109934e-05
test_17503,0.9997730074158134
test_17504,0.0003249113598901137
test_17505,0.027568711641674345
test_17506,0.00024164495161013073
test_17507,0.9999464709003162
test_17508,0.999972455568106
test_17509,0.9835388137309455
test_17510,0.00010789596671652412
test_17511,0.9510886000788001
test_17512,0.19985390907328623
test_17513,0.996924767658879
test_17514,0.9986235802002879
test_17515,0.9995096473003107
test_17516,0.001086654529725187
test_17517,0.8323911713875939
test_17518,0.006181784098721583
test_17519,0.00024280375780759113
test_17520,0.18574976711444335
test_17521,0.9999377948270521
test_17522,0.6293553638198076
test_17523,0.002166222424206395
test_17524,0.9116966515317522
test_17525,0.4483945061889736
test_17526,0.9998932095866266
test_17527,0.012785036850095691
test_17528,0.5171341234739311
test_17529,0.0035222548249099687
test_17530,0.9983750463299442
test_17531,0.00023095194959648547
test_17532,0.2940322590820626
test_17533,0.9999972197871747
test_17534,0.999635029117939
test_17535,0.9994002351569415
test_17536,0.9997021673796155
test_17537,0.20052865939233472
test_17538,0.9920889197418371
test_17539,0.5152971413398789
test_17540,0.014206142744319692
test_17541,0.9976132746607556
test_17542,0.9994340530572224
test_17543,0.9974273022617333
test_17544,0.049182318074486475
test_17545,0.9897796978783268
test_17546,0.9468823522151295
test_17547,0.001954783274393084
test_17548,0.9755951965473346
test_17549,8.256171137080027e-06
test_17550,0.9498881131075567
test_17551,8.808686276623885e-05
test_17552,0.9992811040775226
test_17553,0.05369267841158531
test_17554,0.9115399225807701
test_17555,0.0023144043828721376
test_17556,7.323154025892388e-05
test_17557,0.9998354029011537
test_17558,0.9951560047193492
test_17559,0.9999268559844303
test_17560,0.00031440780855924213
test_17561,0.05238337069318413
test_17562,8.463772314605759e-07
test_17563,0.3451259049478332
test_17564,0.2978336943321121
test_17565,0.0013175026758075825
test_17566,0.010337406651655145
test_17567,0.9501919061313134
test_17568,0.0019375213988862816
test_17569,0.033799095516827145
test_17570,0.3937056840151383
test_17571,0.01391968013066092
test_17572,0.9986319593389181
test_17573,0.994594482095903
test_17574,0.043003159437586584
test_17575,0.0009355329195813194
test_17576,0.78701668089288
test_17577,0.9994264415531776
test_17578,0.0002195319180455607
test_17579,0.09362328756389449
test_17580,0.04089688085012641
test_17581,0.0052078581154715526
test_17582,0.9931198514721263
test_17583,0.1040699625939444
test_17584,0.9856209601531472
test_17585,0.9977250981751635
test_17586,6.616364729536702e-08
test_17587,0.004796083150780142
test_17588,0.015135646715247461
test_17589,0.8071633737854171
test_17590,0.017487689814000285
test_17591,0.37471830599533806
test_17592,0.2368050556823248
test_17593,0.991712873482002
test_17594,6.359378528675993e-05
test_17595,0.997889542259037
test_17596,0.9979986589583143
test_17597,0.8899528227648513
test_17598,0.4219315697055381
test_17599,0.9693187389442918
test_17600,0.48605534422184754
test_17601,0.6181481067292529
test_17602,0.03371828469875022
test_17603,0.03724261275569643
test_17604,1.2981191962447602e-06
test_17605,0.0045105946007153175
test_17606,5.79701471760934e-07
test_17607,0.01844344852863287
test_17608,0.07399758592360672
test_17609,0.9989493031997103
test_17610,0.40015374314655017
test_17611,0.9978694998371478
test_17612,0.5033841827347156
test_17613,0.08389015220484276
test_17614,0.9792721694652692
test_17615,0.0035227765310660145
test_17616,0.9979666462578003
test_17617,0.014991219029363265
test_17618,0.0017563741736578687
test_17619,0.9309217825858397
test_17620,0.9480052057202994
test_17621,0.13602093901846146
test_17622,0.010446224413339334
test_17623,0.6715596350361777
test_17624,0.9741001018775819
test_17625,0.9999629790733032
test_17626,0.0019353685170395405
test_17627,0.7789682994534268
test_17628,0.9965917577292843
test_17629,0.9973043967691841
test_17630,0.9975054312173457
test_17631,0.9661553077046752
test_17632,0.003848897571005293
test_17633,0.99999011971946
test_17634,0.0007004905402508729
test_17635,0.3819984694029791
test_17636,0.12207043189756456
test_17637,0.01723915962714004
test_17638,0.8749576690637109
test_17639,0.4189306037274778
test_17640,0.9530445162753596
test_17641,0.003717074331923562
test_17642,0.999770467515999
test_17643,0.00014271062667943677
test_17644,0.7736335510591793
test_17645,0.9948315054400352
test_17646,0.9038503231773497
test_17647,6.302656637024072e-07
test_17648,0.9030653632032969
test_17649,0.024375502386524316
test_17650,0.0028956042431735295
test_17651,0.9351669262121646
test_17652,0.1448323951328811
test_17653,0.02630468489625188
test_17654,9.525339161504354e-05
test_17655,5.842050555015684e-07
test_17656,0.9985809335218004
test_17657,0.9529407497555591
test_17658,0.9700992634724084
test_17659,0.05476991012629748
test_17660,0.997613732552817
test_17661,0.720025383220032
test_17662,0.10948020330915384
test_17663,0.9999532826037657
test_17664,0.00019343434752646884
test_17665,0.0024068699409665988
test_17666,0.01411066133486614
test_17667,0.9924844021070947
test_17668,0.0013954743531226473
test_17669,0.4840990929724169
test_17670,7.669806915059151e-06
test_17671,0.001880859066068098
test_17672,0.9999873694288662
test_17673,0.00012066935754692728
test_17674,0.00036078296602646664
test_17675,0.9999970224510317
test_17676,0.9995947314923074
test_17677,0.9875046970962944
test_17678,0.004144537508504691
test_17679,0.9846775342149433
test_17680,0.0005529436190768647
test_17681,0.03665208343319092
test_17682,0.9681662634749721
test_17683,0.9989655690264418
test_17684,0.9992374442679853
test_17685,0.9964283939235852
test_17686,0.5126710956524786
test_17687,0.006013998575654701
test_17688,0.0005669637562920263
test_17689,0.9999717364048937
test_17690,0.0027596034526912302
test_17691,0.31790107472336776
test_17692,0.6279315345459612
test_17693,0.9786481147950818
test_17694,0.9568937315931354
test_17695,0.9922332988579727
test_17696,0.999979598871945
test_17697,0.9999246670532443
test_17698,0.04380553606880712
test_17699,0.0026648435891480243
test_17700,9.036379070622873e-05
test_17701,0.9309475827264598
test_17702,0.001889806570454059
test_17703,0.0017248323248886214
test_17704,3.5237918242817706e-06
test_17705,2.1777034486776582e-05
test_17706,0.8604400588363293
test_17707,0.021400306652949237
test_17708,0.9987208857169334
test_17709,0.01571458185697548
test_17710,0.9929174791072577
test_17711,0.001718385545157923
test_17712,0.0402809534670532
test_17713,0.0006716062366076052
test_17714,3.585822145881007e-06
test_17715,0.054579210524443963
test_17716,0.0006192567548673858
test_17717,0.9999591881513843
test_17718,0.017377496323944606
test_17719,0.008853418178457674
test_17720,0.1838585221403134
test_17721,0.02894032069157121
test_17722,0.026706898442552092
test_17723,0.9432575161571656
test_17724,0.9838448049728403
test_17725,0.006782598597626569
test_17726,0.9939005094918655
test_17727,0.9851602178923806
test_17728,0.9813378033774167
test_17729,0.9658011287271177
test_17730,0.998402663866136
test_17731,0.04617154149053848
test_17732,0.9977167291753499
test_17733,0.9999912652078159
test_17734,2.0232646660298262e-05
test_17735,0.9486275626929878
test_17736,0.9978630911788464
test_17737,0.004897161777314789
test_17738,0.7603202165931792
test_17739,0.9947735332472892
test_17740,7.040917157211512e-07
test_17741,0.9988311347302548
test_17742,0.02018362373401032
test_17743,0.9999988402975937
test_17744,0.9964415346658927
test_17745,7.440016526465834e-05
test_17746,0.0019947829815537997
test_17747,0.0006575854860289767
test_17748,0.22423655960054253
test_17749,0.9573501449637066
test_17750,0.00026159953962491116
test_17751,0.2902136874002334
test_17752,0.0548308023048119
test_17753,0.9697280038884694
test_17754,0.006228310148291713
test_17755,0.7849516331849217
test_17756,0.070186212789595
test_17757,0.9980934310977572
test_17758,0.0012990910259171688
test_17759,0.9999998645984735
test_17760,0.876843172309963
test_17761,0.46167446685664953
test_17762,0.006733998773609851
test_17763,0.000211464507298166
test_17764,0.0006514854335421584
test_17765,0.9997997717342868
test_17766,0.00029065267522939087
test_17767,0.018266329285227027
test_17768,0.9979781684855623
test_17769,0.01238578710368735
test_17770,0.9970123642289259
test_17771,0.2924350618675973
test_17772,0.8386730181561641
test_17773,0.00537843441271823
test_17774,7.527698026042542e-05
test_17775,0.25489866249033755
test_17776,0.9937694263581703
test_17777,0.003916266076159078
test_17778,0.022782228020386097
test_17779,1.1073525498054531e-05
test_17780,0.9999619659702687
test_17781,2.7248638269404258e-06
test_17782,0.9990475299121587
test_17783,0.00018042538083045084
test_17784,0.9674009350358391
test_17785,0.9976180395789878
test_17786,0.7868917044672229
test_17787,0.34313153926011
test_17788,0.9601569401340406
test_17789,0.18023653242438512
test_17790,0.011517939957384147
test_17791,0.9983886923098709
test_17792,0.003488899234769594
test_17793,0.40076565735962466
test_17794,0.011224937321014246
test_17795,0.018040745475161466
test_17796,0.00037349117050443055
test_17797,0.998857130658445
test_17798,0.0004612990447866773
test_17799,0.088432105052989
test_17800,0.9572594590896865
test_17801,0.03249991025103897
test_17802,0.20840689065278198
test_17803,0.009937406674723568
test_17804,0.9678462169003179
test_17805,0.9897212387500041
test_17806,0.9995600850763865
test_17807,0.00020395954691943425
test_17808,0.1258485881551013
test_17809,0.07227230844146265
test_17810,0.006270169624856878
test_17811,0.07050348894467251
test_17812,0.017703816299318637
test_17813,0.42278882081415947
test_17814,0.7286089092807523
test_17815,0.9943654101899769
test_17816,0.9996972089772694
test_17817,0.001118651936552213
test_17818,0.26502116371448026
test_17819,0.9977382914442589
test_17820,0.00011304938187483889
test_17821,0.9943149267495383
test_17822,0.017585677009395746
test_17823,5.577868321825769e-05
test_17824,0.9800940816941881
test_17825,5.2189397036600365e-05
test_17826,0.046517518578327165
test_17827,0.43612327572241544
test_17828,0.9977728617872704
test_17829,0.7865506381490347
test_17830,0.9981469113793394
test_17831,0.0026334544163504783
test_17832,0.00033051813570841507
test_17833,0.9995379047043982
test_17834,0.0027757621446988026
test_17835,0.9999996973786015
test_17836,0.6597498257630658
test_17837,0.23829496514678541
test_17838,0.899152988962023
test_17839,0.99999288575257
test_17840,0.9791604590403119
test_17841,0.6974829700472903
test_17842,0.9948307107008403
test_17843,0.005637875447688769
test_17844,0.02985026086983995
test_17845,0.27459684781780597
test_17846,0.0006829801939233325
test_17847,0.999207197342965
test_17848,0.9946796471183799
test_17849,0.0006258466104197448
test_17850,0.03930755822195828
test_17851,0.7115479345321447
test_17852,0.991325192177515
test_17853,0.9997825326877546
test_17854,0.00025163535827507123
test_17855,0.03604200259808495
test_17856,0.9999645166602175
test_17857,1.1872253216942906e-05
test_17858,0.9561773195344101
test_17859,0.14945520484431168
test_17860,0.0001730088606790669
test_17861,0.9931622668531243
test_17862,0.9999617286299107
test_17863,0.00015241590740488643
test_17864,0.18586058724844057
test_17865,0.7147665764517526
test_17866,0.009715325711990951
test_17867,0.38621129450529934
test_17868,0.23378090916239028
test_17869,5.919783897832473e-05
test_17870,0.9965806396481433
test_17871,0.9140985783095802
test_17872,0.0551890590222046
test_17873,0.9999479909522841
test_17874,0.01683953022596985
test_17875,0.9995543876450264
test_17876,0.01159921570988479
test_17877,0.0071071902801348825
test_17878,0.30624599548843
test_17879,0.999874552842513
test_17880,0.00095726883797239
test_17881,0.6481193271993915
test_17882,0.01761441620274221
test_17883,0.4773126902745278
test_17884,0.9999425193620916
test_17885,0.9998163692567211
test_17886,4.2162020936951175e-05
test_17887,0.9999691434326904
test_17888,0.004257300279985402
test_17889,0.9998929994008526
test_17890,0.9989626162072605
test_17891,0.9899003132465151
test_17892,0.9986719697552958
test_17893,0.9991921120653834
test_17894,0.9148786981609209
test_17895,0.058429316738829895
test_17896,0.8506399581021363
test_17897,0.0003985230212879044
test_17898,0.9650677770666372
test_17899,0.004133394512319115
test_17900,0.9703913567554515
test_17901,1.4371206073731206e-06
test_17902,0.21741886971619812
test_17903,0.9999938711627336
test_17904,0.9986340266964348
test_17905,0.09296290026625527
test_17906,0.9999505497792639
test_17907,0.6850886627675911
test_17908,0.20401618634510738
test_17909,0.6873984254663063
test_17910,0.014691646610884401
test_17911,0.00477532741768071
test_17912,0.9994421266437781
test_17913,0.7016022734217633
test_17914,0.0026533634211788563
test_17915,0.9953792447455978
test_17916,8.293034187272747e-05
test_17917,0.000142316469213728
test_17918,0.006831102337624542
test_17919,0.006402787901051469
test_17920,0.007011567129587262
test_17921,0.992779761537791
test_17922,0.9977501587642241
test_17923,0.1509594283842084
test_17924,1.3561778171627867e-05
test_17925,0.0017592466049430242
test_17926,0.016635690774219423
test_17927,0.6105393667364087
test_17928,0.9944285906308687
test_17929,0.009818792670960612
test_17930,0.9993757390387497
test_17931,0.989339408997255
test_17932,0.07622989928368729
test_17933,0.9997996632440256
test_17934,4.690342098962188e-06
test_17935,0.5599629093526146
test_17936,0.9995858308182767
test_17937,0.6244873427249571
test_17938,0.011119658658091962
test_17939,0.9996834715950038
test_17940,0.9999939925877986
test_17941,0.7104114814229385
test_17942,0.9999592940804125
test_17943,0.9226193509493932
test_17944,0.9994282515072842
test_17945,0.01577637007331769
test_17946,0.10426764580482276
test_17947,0.20246988617570902
test_17948,0.007310334203753163
test_17949,0.5914279523527181
test_17950,0.9976610627199295
test_17951,0.06394972719025678
test_17952,0.26733759615390323
test_17953,0.9972505327269988
test_17954,0.0018002104903023727
test_17955,0.017732615265144497
test_17956,0.9982960278051328
test_17957,0.00156873845547717
test_17958,0.002019228499088183
test_17959,0.0026076632038933316
test_17960,5.67763813270703e-06
test_17961,0.9866043195885379
test_17962,7.379622246733277e-05
test_17963,0.9997633895393527
test_17964,0.7167183951734872
test_17965,0.9998556998316692
test_17966,0.8251081243365157
test_17967,0.7248997595310134
test_17968,0.15996288426671826
test_17969,0.011299112832100859
test_17970,6.121745446549828e-05
test_17971,0.9998936993788031
test_17972,0.02300929904625286
test_17973,0.9964599030715356
test_17974,0.00541590839425874
test_17975,0.0013535396142167712
test_17976,0.7298217386859925
test_17977,0.004045620825213179
test_17978,0.9771921893611343
test_17979,0.6827230159773556
test_17980,0.02998916700378927
test_17981,0.649151394634524
test_17982,0.9976936434024568
test_17983,0.5867392261794926
test_17984,1.174404996736715e-05
test_17985,0.01436249375474512
test_17986,0.0007711906453155379
test_17987,0.0012484624409371163
test_17988,0.9817301211788259
test_17989,0.9829870518536581
test_17990,0.014657933374022401
test_17991,0.9998684484975949
test_17992,0.962861702857343
test_17993,0.23908433011609517
test_17994,0.04721937345285301
test_17995,0.0015471353710316445
test_17996,0.9974797893617499
test_17997,6.824978807913442e-05
test_17998,0.3438018338299635
test_17999,0.8121748782327055
test_18000,0.5079362593169575
test_18001,0.028468882543988758
test_18002,0.9998573950727769
test_18003,0.4236560006113401
test_18004,0.025047352540785436
test_18005,0.91600525762713
test_18006,0.8652777816208409
test_18007,0.8175642863410669
test_18008,0.9996396009856853
test_18009,0.9997099934130445
test_18010,0.03495370509120136
test_18011,0.9965818164297406
test_18012,0.0016176650843402586
test_18013,0.7470845914715671
test_18014,6.610842620241902e-05
test_18015,0.0009117198691828172
test_18016,0.25064054644097783
test_18017,0.009426376059902939
test_18018,0.07409616106726423
test_18019,0.00421510163085463
test_18020,0.09165794834106192
test_18021,0.31323650459133695
test_18022,0.9972812375684823
test_18023,0.9992427993971316
test_18024,0.7348631077417289
test_18025,0.02025207239662304
test_18026,0.30314619500930584
test_18027,0.0001991664800348756
test_18028,0.8945645750235733
test_18029,0.6748157245639447
test_18030,0.8935288990952128
test_18031,0.9987309327466376
test_18032,0.04762625911982564
test_18033,0.9839694077901217
test_18034,0.9995986787609905
test_18035,0.33823738570157813
test_18036,0.9990751386353861
test_18037,0.40948066838367253
test_18038,0.3271351856572995
test_18039,0.832357400411071
test_18040,0.9999976557342987
test_18041,0.9939521551704061
test_18042,0.9999982100008238
test_18043,0.00019472660976632485
test_18044,0.9730272415188852
test_18045,8.633104805368191e-05
test_18046,0.2138063521022371
test_18047,0.09017667119410314
test_18048,0.04759885990202614
test_18049,0.9998530958644972
test_18050,0.9928535943212925
test_18051,0.00028274599873244716
test_18052,0.0014642811328873758
test_18053,0.03345380408901349
test_18054,0.2704758834576454
test_18055,0.9590541545785561
test_18056,0.06521303721168444
test_18057,0.09532791298688896
test_18058,0.9999918390080049
test_18059,0.9625550777581795
test_18060,0.6578276579066654
test_18061,0.9979302289711284
test_18062,0.9999857341478176
test_18063,0.03619900999126207
test_18064,0.9975662913385848
test_18065,0.9930532057482827
test_18066,0.0010541900966671072
test_18067,0.6842809529345202
test_18068,0.12100654027265148
test_18069,0.8740716224255957
test_18070,0.9989848689705652
test_18071,5.819403511046968e-05
test_18072,0.029157719232589824
test_18073,0.7206760125271584
test_18074,0.04822755554419581
test_18075,0.9991122657749124
test_18076,0.9619864181272163
test_18077,0.00024293672226276042
test_18078,0.9993155295027009
test_18079,0.9996984392989714
test_18080,0.9980638326260403
test_18081,0.9999830552025264
test_18082,0.99648806874919
test_18083,0.9875371284535741
test_18084,0.9930216836416106
test_18085,0.10455244235736864
test_18086,0.99999990142207
test_18087,0.005280392771842276
test_18088,0.9998534303028842
test_18089,0.0004404744281642089
test_18090,0.10185499429614833
test_18091,0.9850372951994987
test_18092,0.9998444880600581
test_18093,0.3110512597431094
test_18094,0.06322112626124263
test_18095,0.21163273571351573
test_18096,0.8105101271272
test_18097,0.9999989439041328
test_18098,0.911654573455683
test_18099,0.9998359892998249
test_18100,0.00015590239602800517
test_18101,0.03475814622704939
test_18102,0.9991039436761362
test_18103,0.3529401956033916
test_18104,0.7354629760901883
test_18105,0.9997195639366402
test_18106,0.8817963482050809
test_18107,0.1619294541900959
test_18108,0.015490269497317964
test_18109,1.3950430301211098e-06
test_18110,0.6654237196334505
test_18111,0.38262991062263974
test_18112,0.20489716636211414
test_18113,0.08446687774001348
test_18114,0.6730479057763681
test_18115,0.984862498296279
test_18116,0.9999633933886539
test_18117,0.9880754467464923
test_18118,0.0004602340586001571
test_18119,0.39132798683627235
test_18120,0.014100705821921284
test_18121,0.8832980813025361
test_18122,0.005755742182677318
test_18123,0.8691921115784622
test_18124,0.002537523807765753
test_18125,0.9997122337454126
test_18126,0.7633375103337727
test_18127,0.0008796945660120932
test_18128,0.023518922415527724
test_18129,0.0041311397627377825
test_18130,1.9474360997263888e-05
test_18131,0.9671226566139471
test_18132,5.187257598758619e-05
test_18133,0.031931166533764786
test_18134,0.4678944075041163
test_18135,0.0446082734645377
test_18136,0.003233716667105131
test_18137,9.547313215038699e-06
test_18138,0.000278064598541426
test_18139,0.00037652588277385256
test_18140,1.3977878629487857e-07
test_18141,0.01496795460151321
test_18142,1.169065551151668e-05
test_18143,0.97140499693642
test_18144,3.6221339687413605e-05
test_18145,0.998912920201835
test_18146,0.9902349248992295
test_18147,4.4191412419930466e-05
test_18148,0.06279646905923851
test_18149,0.9996019475985599
test_18150,0.9981499620309702
test_18151,0.9983862426846625
test_18152,0.9702580335710023
test_18153,0.0020107275943629928
test_18154,0.9946526443768854
test_18155,0.9995944950538596
test_18156,0.006536825393268562
test_18157,0.037640275099817384
test_18158,0.6537028085868957
test_18159,0.1088109442000107
test_18160,0.9991554834654381
test_18161,0.5068576391058954
test_18162,0.43491725695868283
test_18163,4.306507367108627e-05
test_18164,0.9995421807915669
test_18165,0.4525045897558745
test_18166,0.012189066631164164
test_18167,0.9998434617474076
test_18168,0.999999100382186
test_18169,0.9814067492396293
test_18170,0.9208247400299967
test_18171,0.9516380732658394
test_18172,0.2993712771655329
test_18173,0.9999929889546788
test_18174,0.999997766019519
test_18175,0.3564668261585042
test_18176,0.9999999331916951
test_18177,0.9997860403149087
test_18178,0.7390915101387838
test_18179,0.9533375431691199
test_18180,0.0007604271572630972
test_18181,0.9214821270930976
test_18182,0.999362665161437
test_18183,0.9974312828027025
test_18184,0.9536077557940799
test_18185,0.9934529457931617
test_18186,0.0006966400646148932
test_18187,3.802829873363293e-07
test_18188,0.02872903214947089
test_18189,0.014362469766416306
test_18190,0.9999967133749322
test_18191,0.4165402479663506
test_18192,0.9999981648124903
test_18193,0.855566482132735
test_18194,0.02517709538187178
test_18195,0.991860827664276
test_18196,0.7249366169049783
test_18197,0.9862780651204798
test_18198,0.7751559879459216
test_18199,0.7431233961413473
test_18200,0.0002444940932410686
test_18201,0.9999940866064667
test_18202,0.9775761969244864
test_18203,0.965243225430373
test_18204,0.9998448859628466
test_18205,0.8471495013015332
test_18206,0.00652630916080327
test_18207,0.9856922528832129
test_18208,0.15910461786386335
test_18209,0.9998810149020327
test_18210,0.9932345747130696
test_18211,0.010551057475604135
test_18212,0.00014234249650221093
test_18213,0.43465914815883433
test_18214,0.009502833114173185
test_18215,0.6376662062406395
test_18216,0.08559315567485856
test_18217,0.00022803057284258383
test_18218,0.9988289016452485
test_18219,0.3343289383693206
test_18220,0.9990014841011184
test_18221,0.028476803419995225
test_18222,0.002213469725552587
test_18223,0.00018602169197456757
test_18224,0.9951427126495861
test_18225,0.9941490018737913
test_18226,0.996698907716041
test_18227,0.9810103508776336
test_18228,0.9989949459370945
test_18229,0.017762948883514595
test_18230,0.9999816919130474
test_18231,0.13247387940023236
test_18232,0.045666454131030786
test_18233,0.9249779579500699
test_18234,0.03175731369269159
test_18235,0.9920161804338743
test_18236,0.01623488624146261
test_18237,0.0023792162703811233
test_18238,0.999414159483514
test_18239,0.9602397277313228
test_18240,0.7122715253468558
test_18241,0.9872053709832841
test_18242,0.0001800892116218359
test_18243,0.0006936674129416041
test_18244,0.9994456662492327
test_18245,0.8147582071504477
test_18246,0.9975838932391937
test_18247,0.7638137864345215
test_18248,0.9849456700983679
test_18249,0.005471070286208037
test_18250,0.0006255835120245386
test_18251,0.23583716797488705
test_18252,0.9982758855883235
test_18253,0.9890963198275009
test_18254,0.00013569923335994755
test_18255,1.4103246929111102e-06
test_18256,3.300211755457886e-05
test_18257,6.45857183732976e-08
test_18258,0.8608939684764563
test_18259,0.032870592774230725
test_18260,0.9889639437667587
test_18261,0.9994909653105647
test_18262,0.0001573980431798776
test_18263,0.9577247387272299
test_18264,0.0004170603084489992
test_18265,0.016514462687745424
test_18266,0.00011454672869541972
test_18267,0.6247623153711769
test_18268,0.9994721723307811
test_18269,1.3372120084786506e-05
test_18270,0.9913835002037722
test_18271,0.13184379560427237
test_18272,0.0008146957310616028
test_18273,0.016762794601961697
test_18274,0.0592945294926588
test_18275,0.03710593052626248
test_18276,0.012161232063532569
test_18277,5.885239325627046e-05
test_18278,3.4774673480454984e-07
test_18279,0.6561108922739041
test_18280,0.9995249022867099
test_18281,0.0001961411131032157
test_18282,0.3076965220582587
test_18283,0.0005328757902619484
test_18284,0.8260509268023908
test_18285,0.9989027120917021
test_18286,0.017019447045099414
test_18287,0.1252185083603393
test_18288,0.0003354987975687411
test_18289,0.994954924198669
test_18290,0.9998755267842925
test_18291,0.002837576430102392
test_18292,0.18578921171809226
test_18293,0.9579867341590861
test_18294,0.5159548980347324
test_18295,0.9984343287926407
test_18296,4.807441535802343e-05
test_18297,0.007679939517394034
test_18298,0.9500590891613084
test_18299,0.0003566975768834212
test_18300,0.6630851076352182
test_18301,0.027082542871224403
test_18302,0.002610285094296072
test_18303,0.0016669020384084588
test_18304,5.839652733568794e-06
test_18305,0.962821643361369
test_18306,0.09170386981252626
test_18307,0.00014495767302392823
test_18308,0.15015048758563715
test_18309,0.8434856487187584
test_18310,0.9992521172688287
test_18311,0.021808087139569263
test_18312,0.023222743015265453
test_18313,0.9998933303186934
test_18314,0.10310773378272804
test_18315,0.003300831360778749
test_18316,0.7224779149765526
test_18317,0.8255275444460852
test_18318,0.9957468380008915
test_18319,0.006496773642211587
test_18320,0.7209904611724344
test_18321,2.3714214483724706e-06
test_18322,0.999626073088118
test_18323,0.9695485782993766
test_18324,0.9987899182242265
test_18325,0.6836812844303568
test_18326,0.9948245398923878
test_18327,0.06994234401969573
test_18328,0.008850649722247757
test_18329,0.9999927793399754
test_18330,5.5319500705638237e-05
test_18331,0.9998856905684639
test_18332,0.0013563037236331565
test_18333,0.004618957761258044
test_18334,0.99783818338159
test_18335,0.001250663792343135
test_18336,4.474044527419495e-05
test_18337,0.999641167293048
test_18338,0.7559262328592388
test_18339,0.00044042360877275335
test_18340,0.986809289066619
test_18341,0.0004713201024155676
test_18342,0.0018191344934167639
test_18343,0.9985932588640939
test_18344,0.9658172536864624
test_18345,0.032040011514353504
test_18346,0.0027648134613784754
test_18347,0.9565953747032904
test_18348,0.0029800615920365144
test_18349,0.41546901948195036
test_18350,0.9955798410715134
test_18351,0.003797216348351329
test_18352,0.04025334862153631
test_18353,0.0022107327603105033
test_18354,0.06295826401399587
test_18355,0.9577643665848783
test_18356,0.015916445598685516
test_18357,0.9986009218200647
test_18358,0.008354187630462898
test_18359,0.0001815235034394487
test_18360,0.980392755432622
test_18361,0.9988716047762958
test_18362,0.04635487147960595
test_18363,0.99999409396956
test_18364,0.09177551376100015
test_18365,0.9590932195032239
test_18366,0.9266879468091905
test_18367,0.0022323022804371395
test_18368,0.9997191729220003
test_18369,0.9998360053200149
test_18370,0.9982828719537796
test_18371,0.028806656777155524
test_18372,0.826823401136254
test_18373,0.13091095310264758
test_18374,0.8461308009815353
test_18375,0.9928446390896849
test_18376,0.00046532346590412823
test_18377,0.9995240526954715
test_18378,0.2776625054140832
test_18379,0.9997657069674895
test_18380,0.001551759568665801
test_18381,0.95023490293598
test_18382,0.15143174092244244
test_18383,0.9982264225189105
test_18384,0.14420857806960127
test_18385,0.9795648757010675
test_18386,0.9473428881103554
test_18387,0.001373672971716113
test_18388,0.9992494117511854
test_18389,0.9189587307136282
test_18390,0.9995679015183476
test_18391,0.0003861882961785095
test_18392,0.03737652425852232
test_18393,0.3429107559596374
test_18394,4.633936016195964e-07
test_18395,0.00016823236532109606
test_18396,0.0188435135014179
test_18397,0.9998228012400895
test_18398,0.9503556975175738
test_18399,0.9995486005231459
test_18400,6.72516784026395e-05
test_18401,0.771295727095358
test_18402,0.9951040310910815
test_18403,0.9928955855693937
test_18404,0.7880396597431544
test_18405,0.011736824466674898
test_18406,0.9404209224528765
test_18407,0.9773409055733179
test_18408,0.9973369410740753
test_18409,0.012550253890956523
test_18410,0.9947394756161463
test_18411,0.7849729398116377
test_18412,0.8483793517394258
test_18413,0.9988357832629327
test_18414,0.006084223751630958
test_18415,0.0004458081758548696
test_18416,0.998720600256225
test_18417,3.720743351092944e-05
test_18418,0.8350723134423834
test_18419,0.9981276953047409
test_18420,0.23673762570873869
test_18421,0.5759836775570696
test_18422,0.9967117215869348
test_18423,0.9906169073715794
test_18424,0.9994328823862261
test_18425,0.004309559359820342
test_18426,0.9999985930112195
test_18427,0.9778835878803669
test_18428,0.00029557527534850286
test_18429,0.0008683750425693817
test_18430,0.9521609788807908
test_18431,0.99738309645619
test_18432,0.018556965040100834
test_18433,0.9997316330905994
test_18434,0.9985944690650392
test_18435,0.9999525238673003
test_18436,0.9972981485177542
test_18437,0.7336474373798137
test_18438,0.37062131924463326
test_18439,0.9965406616279711
test_18440,0.0562617812029766
test_18441,0.5986320280864446
test_18442,0.9993069604144104
test_18443,0.00828913777298609
test_18444,0.0031407097662169126
test_18445,0.999118889311931
test_18446,0.9787848426648765
test_18447,0.4611430406265085
test_18448,0.0034989202821648297
test_18449,0.0009093225858301733
test_18450,0.22940852604616074
test_18451,0.004621389241501786
test_18452,0.13702023244904082
test_18453,0.9935117770996783
test_18454,6.518868393636655e-05
test_18455,0.9986709327110739
test_18456,0.9417498820918541
test_18457,0.26446052904053546
test_18458,0.9946915939613206
test_18459,0.9990867286805708
test_18460,0.9987084393264158
test_18461,0.9470190870620631
test_18462,0.9805175925218019
test_18463,0.9966265830104222
test_18464,0.8651286068680302
test_18465,8.587059677815967e-05
test_18466,0.9947670507059762
test_18467,0.0794909118254859
test_18468,0.00036224110047257326
test_18469,0.0008067132984947085
test_18470,0.5974303399947344
test_18471,0.9996868588217802
test_18472,0.017115608233892413
test_18473,0.9997073703974897
test_18474,0.08514379715969538
test_18475,0.019950212407843306
test_18476,0.9700882467797665
test_18477,0.00737314404683645
test_18478,0.0003393713375807079
test_18479,0.999406046762608
test_18480,0.6111045632707857
test_18481,0.11111493244516675
test_18482,0.21111248468921756
test_18483,0.9998649646949506
test_18484,0.41156338707052764
test_18485,0.9872256367876404
test_18486,0.5637863785228276
test_18487,0.9819554177990655
test_18488,0.9615168837036656
test_18489,0.00208198593303628
test_18490,0.9998640472435221
test_18491,0.00019666531385470858
test_18492,0.01550288156754661
test_18493,0.023590561402059538
test_18494,0.0025378731370907337
test_18495,0.9984389523582965
test_18496,0.22383035001965537
test_18497,0.8700536863523074
test_18498,0.9995556257454971
test_18499,0.010477224238741813
test_18500,0.1801981679030027
test_18501,0.9919175677589164
test_18502,0.9998291971651243
test_18503,0.0021171404528306957
test_18504,0.584486452213061
test_18505,0.0048091555112025
test_18506,0.9999504662863941
test_18507,0.9995869825220279
test_18508,0.14035892377762035
test_18509,0.6955812186616847
test_18510,0.9911721372035417
test_18511,0.005992328805724421
test_18512,0.9991726745801447
test_18513,0.000984810602261696
test_18514,0.9974542001558488
test_18515,0.004869618332275611
test_18516,0.9998424317557266
test_18517,0.9977658462516443
test_18518,0.48343392569344873
test_18519,0.999869179621604
test_18520,0.016634130815902114
test_18521,0.17579104025328238
test_18522,5.795343151674799e-05
test_18523,0.21232974280394676
test_18524,0.2927374877037513
test_18525,0.14036911055458662
test_18526,0.39499712792865754
test_18527,0.08791935655575774
test_18528,0.0028230195636876373
test_18529,0.9999222704465401
test_18530,0.9776006235123751
test_18531,0.9999952231685565
test_18532,0.0002488497701285841
test_18533,0.9998261555168627
test_18534,2.62922649163758e-07
test_18535,3.108168858428956e-05
test_18536,0.999896819184506
test_18537,0.9942993469441075
test_18538,0.8549870687011945
test_18539,0.0039140260858726746
test_18540,0.11995463339815732
test_18541,0.5075712879607597
test_18542,0.006654607570955875
test_18543,0.9342377750346802
test_18544,0.3472663711784831
test_18545,0.9999267962728522
test_18546,0.9998856199117796
test_18547,0.99966790607356
test_18548,0.9998508189381031
test_18549,0.8603489006816021
test_18550,0.9998998520960851
test_18551,0.9988066962476192
test_18552,0.0023044888811494324
test_18553,0.0001655522733220804
test_18554,0.9997815087278433
test_18555,0.9966273742942547
test_18556,0.9651041683356452
test_18557,0.36647263458017754
test_18558,0.8692212623612475
test_18559,0.9988096333748965
test_18560,3.619770534608878e-08
test_18561,0.11772099635013986
test_18562,0.998348718016697
test_18563,0.9985526042066339
test_18564,0.0006396105813112181
test_18565,0.9964253939430764
test_18566,0.3503160899686786
test_18567,0.9955698703101326
test_18568,0.8109955114847449
test_18569,0.9962662088626001
test_18570,0.6036319919870424
test_18571,0.006495595564777856
test_18572,0.0006305203466648292
test_18573,0.9827418160525737
test_18574,0.9968950357334928
test_18575,0.0008840041033924463
test_18576,0.0040764952108047064
test_18577,0.002582756848143524
test_18578,0.9961499083938341
test_18579,0.9992109691162151
test_18580,0.06211504449141576
test_18581,5.283877125504378e-08
test_18582,0.9998684531192789
test_18583,0.0006320096849637508
test_18584,0.1073169708646624
test_18585,0.019729865954033782
test_18586,0.9999459303424294
test_18587,0.996487719623841
test_18588,0.9983624599777321
test_18589,0.016525764956770512
test_18590,0.9999971563357744
test_18591,0.0004876024120753297
test_18592,0.005750070734171853
test_18593,6.259148786697788e-06
test_18594,0.003755122134482058
test_18595,0.9818811295595952
test_18596,0.9995815368052533
test_18597,0.999069617725925
test_18598,0.9998800276037987
test_18599,0.9951691638839333
test_18600,0.9795298161191385
test_18601,0.9927500678197352
test_18602,0.9999873292375816
test_18603,0.99932194188324
test_18604,0.009675739343319919
test_18605,0.3267139271957863
test_18606,0.9973214648526703
test_18607,0.24452325117947898
test_18608,0.5115538820363765
test_18609,0.0031754165998787564
test_18610,0.11151284049521283
test_18611,0.8125611707911792
test_18612,0.9999982062675467
test_18613,0.9710412578288126
test_18614,0.0010174566886305856
test_18615,0.9995768250120713
test_18616,6.198962009041449e-06
test_18617,0.9999473409514724
test_18618,0.015841540917512806
test_18619,0.998158025561471
test_18620,0.999990685621608
test_18621,0.1978841513230356
test_18622,0.006086798209092851
test_18623,0.9995986354990869
test_18624,0.005458280210458423
test_18625,0.9999521132527259
test_18626,0.03113851781553276
test_18627,0.9903592139159301
test_18628,0.010240855845290015
test_18629,0.24349375986703709
test_18630,0.9728188566986633
test_18631,0.00011752312894883276
test_18632,0.8330089592391845
test_18633,0.00020802377135471195
test_18634,0.9362369696513043
test_18635,0.9993177411721219
test_18636,1.8820125734463723e-07
test_18637,0.9654148997573716
test_18638,0.0090316020208289
test_18639,0.9999720958427002
test_18640,0.9989261463232414
test_18641,0.7783165551498423
test_18642,0.00017411730539219347
test_18643,0.023662360462961433
test_18644,0.008856430617439341
test_18645,0.006828446695982701
test_18646,0.7201383460949315
test_18647,0.6684698807609807
test_18648,0.9999244800414362
test_18649,0.0005959115448951178
test_18650,0.000624085490352461
test_18651,0.8419322596169508
test_18652,0.010956823923628815
test_18653,0.0003863591293940617
test_18654,0.003440028245296616
test_18655,0.5790485848673984
test_18656,0.16576827002184477
test_18657,0.0002826013674031954
test_18658,3.53713552269825e-05
test_18659,0.9972819456020156
test_18660,0.8254103086092036
test_18661,0.0003025265263540599
test_18662,2.3254434339876172e-06
test_18663,0.7642119854382121
test_18664,0.999948000326866
test_18665,0.00012583767614525243
test_18666,0.9864185999670066
test_18667,0.9124216490908631
test_18668,0.9998553475743213
test_18669,0.9951375216206964
test_18670,0.0006181871027008393
test_18671,6.933416232814275e-05
test_18672,0.013698949018462563
test_18673,0.998507770774345
test_18674,0.0008801609140461588
test_18675,0.006411844886861862
test_18676,0.8422723117437874
test_18677,0.01949290238382922
test_18678,1.5663154106447576e-05
test_18679,0.9976527475866644
test_18680,0.999318548856868
test_18681,0.9964128471718663
test_18682,0.9368988779012803
test_18683,0.9852826705879572
test_18684,0.9928786053064868
test_18685,0.14192842811631665
test_18686,0.986717260180477
test_18687,0.9922377131708098
test_18688,0.008606173248792072
test_18689,0.9691223101212335
test_18690,0.9304358252917206
test_18691,0.9993731590895253
test_18692,0.003373539521567218
test_18693,0.9998519462572871
test_18694,0.013887314249122684
test_18695,0.9999882865327681
test_18696,0.9999773640938759
test_18697,0.014398414542750879
test_18698,0.0015141097297897395
test_18699,0.09041964736276144
test_18700,0.7853751909091781
test_18701,0.40233510002440265
test_18702,0.9805629329147331
test_18703,2.680907368013231e-06
test_18704,0.9910059279277112
test_18705,0.027690806412111142
test_18706,0.9804517936554507
test_18707,9.845844328465582e-06
test_18708,1.1300638208522888e-06
test_18709,0.9999952545627455
test_18710,0.9998609003645073
test_18711,0.9944881122235972
test_18712,0.0013772054161936872
test_18713,0.9991864798941258
test_18714,0.43946902892241085
test_18715,0.9925385753856882
test_18716,0.9024911271247381
test_18717,0.15900099968566198
test_18718,0.25571664490657486
test_18719,0.9658219078298441
test_18720,0.0005704878580067032
test_18721,0.9989328052166295
test_18722,0.6837128091459693
test_18723,0.0003386963273789295
test_18724,0.9983759558302626
test_18725,0.9749199637146176
test_18726,0.9889283707556287
test_18727,0.9724958046320482
test_18728,0.04498683253574745
test_18729,0.4570586898136256
test_18730,0.1661924964152665
test_18731,0.999959020551745
test_18732,1.2832116331124186e-05
test_18733,0.9997516522049171
test_18734,0.19220706500531165
test_18735,0.003290114481309428
test_18736,0.9999062724821401
test_18737,0.9858026719924013
test_18738,0.0006623848427809833
test_18739,0.6227529577602235
test_18740,0.05336060910334041
test_18741,0.0070981105175185015
test_18742,0.059768164650330954
test_18743,0.9999930946970587
test_18744,0.9994915272965106
test_18745,0.9999596982246205
test_18746,0.9997853170646687
test_18747,0.0002772534988034231
test_18748,0.997225121739755
test_18749,0.9127015283575866
test_18750,0.005186947660997562
test_18751,0.11816396612588692
test_18752,0.0005136956809409664
test_18753,0.999809234650722
test_18754,0.9417626782585418
test_18755,0.9386490095474659
test_18756,0.6666934452805352
test_18757,0.00834287064739129
test_18758,0.00017414959251697948
test_18759,0.9408041116836697
test_18760,0.02136882543938556
test_18761,0.8568635331271388
test_18762,0.998136985561668
test_18763,0.9974674392250958
test_18764,0.9996102171963542
test_18765,5.394138554308741e-05
test_18766,0.00012602704424202656
test_18767,0.9990264776391461
test_18768,0.0951723335710298
test_18769,0.007050379810042671
test_18770,0.13206471733504194
test_18771,0.018788636391571665
test_18772,0.00027060293634417103
test_18773,0.6608397052209705
test_18774,0.00024121619563018446
test_18775,0.0038327182921699737
test_18776,0.0020051564105006475
test_18777,0.0006885938885167965
test_18778,0.9985413279156625
test_18779,0.43786984485220265
test_18780,0.1932274767311648
test_18781,0.06470660617137902
test_18782,0.9998091772793666
test_18783,0.0950906312374167
test_18784,0.0003192806904681791
test_18785,0.39087833300484176
test_18786,0.021635874464647886
test_18787,0.9999982548110314
test_18788,0.9924918944086875
test_18789,0.00238384149983961
test_18790,0.0016718452148914735
test_18791,0.0028147033147753048
test_18792,0.9944731218864125
test_18793,1.5888153023292283e-07
test_18794,0.9997644293846563
test_18795,0.0021961935763865335
test_18796,0.9447665677967534
test_18797,0.9952896113053658
test_18798,0.001487249026614609
test_18799,0.9967084304627332
test_18800,0.274820792977279
test_18801,0.8003666910962338
test_18802,0.9938588141419276
test_18803,0.4624684963879048
test_18804,0.0002547972106781953
test_18805,0.014939283263397498
test_18806,0.9934792364487823
test_18807,0.0023190174418290283
test_18808,0.0017008904961467314
test_18809,0.0011033647475737686
test_18810,0.029757285594351847
test_18811,0.4051079981401475
test_18812,0.00027668038325638324
test_18813,0.9950647093671882
test_18814,0.7803571096614057
test_18815,0.07636748925987531
test_18816,0.999326242919289
test_18817,2.388646832300878e-05
test_18818,0.0035019501384851
test_18819,0.998755214490032
test_18820,0.683278274992753
test_18821,0.9999997270849511
test_18822,0.856391741093547
test_18823,0.9999427776955494
test_18824,0.0030996192567817596
test_18825,0.9710836148990462
test_18826,0.0002811777097562603
test_18827,0.0004931794514408284
test_18828,0.005261818182049143
test_18829,0.0003520995725125284
test_18830,0.0037374350424742553
test_18831,0.9914021509877242
test_18832,0.0006028972268939877
test_18833,0.014372574775588157
test_18834,0.9553905536466994
test_18835,0.9843578464794803
test_18836,0.9791730603221194
test_18837,0.9913013575841771
test_18838,0.0008726293501062634
test_18839,0.9472964720027185
test_18840,0.8962739715782339
test_18841,0.0029740312046240684
test_18842,0.008209553372393758
test_18843,0.9995984718386611
test_18844,0.033122937448043954
test_18845,0.9991799040319319
test_18846,0.9954781639427106
test_18847,0.014373202642709196
test_18848,0.00046324152799171446
test_18849,0.9846758489292659
test_18850,0.8516195880357694
test_18851,0.9717169656749617
test_18852,0.0004923117086105919
test_18853,0.006309988347977953
test_18854,0.30428672071107477
test_18855,0.0009101162624603776
test_18856,0.006237553909070755
test_18857,2.1291780203013534e-08
test_18858,0.8467897599472248
test_18859,0.007025089260054932
test_18860,0.9815854572624552
test_18861,0.0010523187218133127
test_18862,0.010575689959852905
test_18863,0.004436715763608494
test_18864,0.999976362096296
test_18865,8.07231804364326e-05
test_18866,0.20554108421351497
test_18867,0.9999973361318252
test_18868,0.0012542144868316104
test_18869,0.7537050995975847
test_18870,0.9724651686750195
test_18871,0.0035114605819818595
test_18872,0.9170697644619629
test_18873,0.4531007976906978
test_18874,0.5174562995583999
test_18875,0.024515238832379826
test_18876,0.9954527027379939
test_18877,0.0012841628479270757
test_18878,0.9811017927469353
test_18879,2.472672915287603e-05
test_18880,0.9817497782913256
test_18881,0.9999998822378776
test_18882,5.750637096775644e-07
test_18883,0.16244930103971894
test_18884,0.9598952952273141
test_18885,0.002983289758368598
test_18886,0.690947615832825
test_18887,0.13897401843770832
test_18888,0.0024711671433564454
test_18889,3.469091454073883e-05
test_18890,0.003400905633586254
test_18891,0.0005394812477736356
test_18892,0.9999921218845771
test_18893,0.9956727311716823
test_18894,0.9995588746123889
test_18895,0.9752672817561913
test_18896,0.9932204271426123
test_18897,0.9947287524431458
test_18898,0.921682066139304
test_18899,0.011350755236545147
test_18900,0.198381261345807
test_18901,0.9292688787248955
test_18902,0.8905234006516776
test_18903,0.07001923275428641
test_18904,0.1996116829647608
test_18905,0.5881490136624663
test_18906,0.0009303862084726733
test_18907,0.0006271294781454796
test_18908,0.1572025872873476
test_18909,0.9944861123100757
test_18910,8.497826235690688e-05
test_18911,0.0003537665605404242
test_18912,0.9985266995968084
test_18913,0.023292931483857006
test_18914,0.0747337543002973
test_18915,0.3243975168926896
test_18916,0.0014612049203483648
test_18917,0.010491631764264597
test_18918,0.9999930915878064
test_18919,0.9982542070213136
test_18920,0.053819202642587445
test_18921,0.9993071782447164
test_18922,0.0012684899655405046
test_18923,0.9905569650462867
test_18924,8.49706991382836e-05
test_18925,0.06323393621791856
test_18926,0.00015972221892477563
test_18927,0.750091538213911
test_18928,0.0004949787495120057
test_18929,0.054069158447410726
test_18930,0.9999047711111847
test_18931,0.9997668963551171
test_18932,0.00620994382009534
test_18933,0.368209629680549
test_18934,0.9814592535671862
test_18935,0.10234955645647947
test_18936,0.01462531367111575
test_18937,0.9998073648618161
test_18938,0.006196458361987414
test_18939,0.012847679772792397
test_18940,0.0002482942027270096
test_18941,0.7531775900713235
test_18942,0.0005416317968541665
test_18943,0.029109179364874865
test_18944,0.000792040338624108
test_18945,0.9999993998522465
test_18946,0.0025881835388769166
test_18947,0.9989621582155461
test_18948,0.06330851991660948
test_18949,0.9983293481941089
test_18950,0.4101837526888804
test_18951,0.002379342102821704
test_18952,0.2728397424460493
test_18953,0.30191416359705214
test_18954,0.9998877298737278
test_18955,0.3699076396774926
test_18956,0.016083015934367128
test_18957,0.9999829931841006
test_18958,0.996553812782546
test_18959,0.00027521301080847104
test_18960,0.574906939083943
test_18961,0.0300856430132585
test_18962,0.0021652946605374705
test_18963,0.010503967657933658
test_18964,0.0036801392527194407
test_18965,0.18479234277002576
test_18966,0.9948885221811444
test_18967,0.9983476616231828
test_18968,0.9988774935316981
test_18969,0.9999855120580764
test_18970,0.0007381499945560958
test_18971,0.9782528250455753
test_18972,0.03772794750562881
test_18973,0.9750332120379555
test_18974,0.9999787244357063
test_18975,0.9968396062340482
test_18976,0.945587899876717
test_18977,0.9999974522922952
test_18978,0.9883702852126922
test_18979,0.9997718366852685
test_18980,0.9987514528949062
test_18981,0.06872944793511364
test_18982,0.01331400434176974
test_18983,0.6415411667701433
test_18984,0.9912860069916538
test_18985,0.7385941098987816
test_18986,0.07114906565284679
test_18987,0.9743993599905706
test_18988,0.9053268141898342
test_18989,0.9999612315457399
test_18990,0.9998985124576889
test_18991,0.9998952722330374
test_18992,0.0004032283023749457
test_18993,0.9987272359963162
test_18994,0.9573022515554244
test_18995,0.9841772118153861
test_18996,0.0008388287974845797
test_18997,0.0005831176633542625
test_18998,0.9996539026679381
test_18999,0.011229960088217441
test_19000,0.9967538044919304
test_19001,0.017039489249800338
test_19002,0.00027858055560849623
test_19003,0.0011982073024406896
test_19004,0.9113486016569377
test_19005,0.1070906819150928
test_19006,0.99689086546075
test_19007,0.02935977827441043
test_19008,0.2176534612534885
test_19009,0.005306695353097155
test_19010,0.8087539651656447
test_19011,0.9999430683592367
test_19012,0.0010263151450257632
test_19013,0.038255458388358955
test_19014,0.9982787844504619
test_19015,0.14844173837590288
test_19016,0.9994224980047427
test_19017,0.028089667667772246
test_19018,0.007464785151596425
test_19019,0.9998124624658965
test_19020,0.012484269656596042
test_19021,0.00013257938417220492
test_19022,0.9999564506430787
test_19023,8.293541440080904e-05
test_19024,0.604652394085809
test_19025,0.9939506208034434
test_19026,0.993844379418947
test_19027,0.4491195604974377
test_19028,0.004359158755646131
test_19029,0.9891143298997306
test_19030,3.981316601188131e-06
test_19031,0.9999961520450056
test_19032,0.0009069447789177223
test_19033,0.9997370504159387
test_19034,0.8132814437593375
test_19035,0.01475160880374419
test_19036,0.48675341728252075
test_19037,0.9999905811118474
test_19038,7.621549267118789e-06
test_19039,0.07449081410002703
test_19040,0.9994292261118793
test_19041,0.814699032655912
test_19042,0.9999940841423378
test_19043,0.9776538329653551
test_19044,0.007708590993469269
test_19045,0.002244387013086714
test_19046,0.9991420906199024
test_19047,0.8854543308645472
test_19048,0.9938887680522386
test_19049,0.9996677108578949
test_19050,0.9569238236043773
test_19051,0.9742733906884443
test_19052,0.15896377508336346
test_19053,0.9870631958024733
test_19054,0.0035917751178090166
test_19055,0.9999677690862435
test_19056,0.33777994535966543
test_19057,0.9998804565556897
test_19058,0.0022837241028965615
test_19059,0.0016805109390042577
test_19060,3.3270141534096256e-05
test_19061,0.9315821897005082
test_19062,0.06554679946017018
test_19063,0.9994976467093354
test_19064,0.056281839637201896
test_19065,0.0010132099456102983
test_19066,1.887949268266265e-05
test_19067,0.9949553294304834
test_19068,0.9949421991956684
test_19069,0.0007852114450408579
test_19070,0.3757939575172888
test_19071,0.12110449412338103
test_19072,0.021638880246611505
test_19073,0.9911722202718894
test_19074,0.9993014009307649
test_19075,0.9999073571735303
test_19076,0.9999995743269441
test_19077,0.000651733745950206
test_19078,0.004612043539285087
test_19079,0.2820031089897675
test_19080,0.0014478128691596246
test_19081,0.9998051070059641
test_19082,0.6744548752651361
test_19083,0.26322921852201603
test_19084,0.9908574482570752
test_19085,0.027934492424138216
test_19086,0.011840187996863524
test_19087,0.0001176834843284895
test_19088,0.007808382374430619
test_19089,0.06047708410186192
test_19090,2.294416976042455e-05
test_19091,0.999713562082059
test_19092,0.996363223929494
test_19093,0.0014234709238012814
test_19094,0.0001911797413540108
test_19095,0.0002739389406896624
test_19096,0.9999848288505988
test_19097,0.04652683675856684
test_19098,0.7575041772440744
test_19099,0.9999990032944917
test_19100,0.00011253591517469374
test_19101,0.9980853124368242
test_19102,0.00021338615398110503
test_19103,0.0010769018819358372
test_19104,0.02033295120390143
test_19105,0.9736264653051183
test_19106,0.0029693718207432942
test_19107,0.9999837239551174
test_19108,0.05208209557485951
test_19109,0.14276187376866548
test_19110,0.002184949937147774
test_19111,0.03317437611624743
test_19112,0.9998079666181755
test_19113,0.9892882803462455
test_19114,0.0010367456232496287
test_19115,0.00034406435293833556
test_19116,0.8981831819415922
test_19117,0.0025501497208048423
test_19118,0.00011442097856106313
test_19119,0.3786900467441708
test_19120,0.0026047825023677385
test_19121,0.9433670807835235
test_19122,0.9966161242050372
test_19123,0.8180320032642554
test_19124,1.432308334332295e-06
test_19125,0.999731970940921
test_19126,0.7689291033814922
test_19127,0.7174451556824929
test_19128,0.1777251478057516
test_19129,0.001067552465555648
test_19130,0.9987483677364355
test_19131,0.9969018118375591
test_19132,0.25817645340197315
test_19133,0.00015498252634916801
test_19134,0.05610135461629975
test_19135,0.0002447343132047885
test_19136,0.989222037936483
test_19137,0.9990897787298593
test_19138,0.010344156051202837
test_19139,0.00511181639377392
test_19140,0.999991285267406
test_19141,0.0005826324549958039
test_19142,0.9997897530319282
test_19143,0.0003081053451601331
test_19144,0.9942454651880783
test_19145,0.9975424238572687
test_19146,0.9878890314464481
test_19147,0.9998876045926878
test_19148,0.9965019091415952
test_19149,0.9994632080198425
test_19150,0.0016652641256221672
test_19151,1.2856673360954474e-05
test_19152,0.9642532546392243
test_19153,0.6373805774574788
test_19154,0.04082135352190898
test_19155,0.9998755072879104
test_19156,0.3542299909662217
test_19157,0.9804068907525718
test_19158,0.5293661875695619
test_19159,0.9999267431292514
test_19160,0.00013644382825604652
test_19161,0.06399780299781337
test_19162,0.014304886748919938
test_19163,0.9989541515637129
test_19164,0.4827928880189603
test_19165,0.0012489257553263517
test_19166,0.3211242988244501
test_19167,0.666358940555942
test_19168,0.9999398300793537
test_19169,2.5451191527920084e-06
test_19170,0.9999998580597814
test_19171,0.9999745236736721
test_19172,0.9984263605680608
test_19173,0.9983700450334737
test_19174,0.9979949496452689
test_19175,0.741339440082504
test_19176,0.20625793708020942
test_19177,0.9963854883761709
test_19178,0.983545647137644
test_19179,0.7205907354823599
test_19180,0.0027988198337404093
test_19181,0.3552793230428155
test_19182,2.680220010557455e-06
test_19183,0.9839977152816018
test_19184,0.9635185796500466
test_19185,0.9630631217925141
test_19186,0.3486464523160948
test_19187,0.999919706464371
test_19188,0.9773220282389662
test_19189,0.9831764535869106
test_19190,0.9998397307336816
test_19191,0.0006475792666817652
test_19192,0.994742964698914
test_19193,0.011095354916627219
test_19194,0.0052995741738426265
test_19195,0.00598281497394347
test_19196,0.9982078520002802
test_19197,0.005693015061575842
test_19198,0.9387085510008127
test_19199,0.005089732069205959
test_19200,0.9981279989224799
test_19201,0.9996577158073127
test_19202,0.9579993268169735
test_19203,0.9999863272596875
test_19204,0.8660448652258422
test_19205,0.24843775345117963
test_19206,0.9985691210178905
test_19207,0.00614680439760772
test_19208,0.9992884114866389
test_19209,0.9985296013869626
test_19210,0.05548336215404941
test_19211,1.5181624547004022e-05
test_19212,0.9993065218685618
test_19213,0.9685985708425605
test_19214,0.0008247325501041335
test_19215,0.002180651520288934
test_19216,0.057369442664311994
test_19217,0.9998685272598067
test_19218,0.013031656772565984
test_19219,0.49926284085087635
test_19220,0.6525964317081132
test_19221,0.9957773524867957
test_19222,0.9963194591058624
test_19223,0.9999729836975966
test_19224,0.00019323704022520036
test_19225,0.0010867792115384263
test_19226,0.9952828161574953
test_19227,0.05160180307868962
test_19228,0.9960884275753108
test_19229,0.0003739380867785182
test_19230,0.2116779023822622
test_19231,0.9871619850303626
test_19232,0.9964201037086874
test_19233,0.9966636407913573
test_19234,0.0005028631656015241
test_19235,0.004683825497002371
test_19236,0.17752598728673136
test_19237,0.0017933236146353744
test_19238,0.030705966063052495
test_19239,0.9994094350872147
test_19240,0.9995910464786227
test_19241,0.12278576875343235
test_19242,0.9638061601297553
test_19243,0.7201285665492583
test_19244,0.9998229562228808
test_19245,0.999581474974273
test_19246,0.9901775238108607
test_19247,0.00037044445487717975
test_19248,0.9999102976873372
test_19249,6.608041474795029e-05
test_19250,0.9998623948734279
test_19251,0.9611514624873829
test_19252,1.3843590643924047e-05
test_19253,3.453169261274113e-06
test_19254,0.9931758942670537
test_19255,0.946480412961653
test_19256,0.8231185639267331
test_19257,0.00331080461957768
test_19258,0.053532008363052865
test_19259,2.154613184848915e-05
test_19260,0.8470904990798953
test_19261,0.702590110325811
test_19262,0.9581640981919425
test_19263,0.00961660440942172
test_19264,0.022725129230405507
test_19265,0.8710356162941788
test_19266,0.001290742436383437
test_19267,0.9972704564795919
test_19268,0.9162205230409106
test_19269,0.00013128051457915864
test_19270,0.01007574380709148
test_19271,7.729252182088429e-05
test_19272,0.9945773087191183
test_19273,0.9996855658363261
test_19274,0.00280549379476965
test_19275,0.14397762290370558
test_19276,0.9958874639475638
test_19277,0.000294750282162279
test_19278,0.05237497898064822
test_19279,0.3182039781266035
test_19280,0.8915230615874283
test_19281,0.33893138443096354
test_19282,4.2327260703584585e-05
test_19283,0.006018992954276637
test_19284,0.8664763088309235
test_19285,0.049692091392263216
test_19286,8.825148372166764e-05
test_19287,0.9993394378269173
test_19288,0.02909208967726837
test_19289,0.00021084356282431659
test_19290,0.9999997185443674
test_19291,0.0021831602758783804
test_19292,0.01670324912557039
test_19293,4.7544734561356556e-05
test_19294,0.9978628965916225
test_19295,0.9850606901906442
test_19296,0.9755898772632836
test_19297,1.6839214288914417e-08
test_19298,0.9987752033669227
test_19299,0.29871487026253474
test_19300,3.17559835872079e-05
test_19301,0.16904379804994626
test_19302,0.9999954093529312
test_19303,0.9997211512620537
test_19304,0.9995516991907428
test_19305,0.01631041717704936
test_19306,0.9997352941353341
test_19307,0.999988562806464
test_19308,0.9997365585130074
test_19309,0.24264439295966933
test_19310,0.0007459137701826884
test_19311,1.6696784297145905e-06
test_19312,0.305910301929837
test_19313,1.746177331331172e-05
test_19314,0.2995741888701739
test_19315,0.9997832369853829
test_19316,0.9728220884285422
test_19317,0.00211099715774191
test_19318,0.9952498632272673
test_19319,0.17829226094952577
test_19320,0.9999142500370555
test_19321,0.0036971657908816007
test_19322,0.01496187445563662
test_19323,0.9995920234479688
test_19324,0.102136898233829
test_19325,1.64104935550614e-06
test_19326,0.0016102112274078515
test_19327,0.9163960979182226
test_19328,0.2984771978562151
test_19329,0.007840980185515727
test_19330,0.7910420200949301
test_19331,0.017968447595364187
test_19332,0.9968013634628434
test_19333,0.003506582739236349
test_19334,0.025434132400332772
test_19335,0.001202591841233287
test_19336,0.0010025060569682663
test_19337,0.00039847424170973985
test_19338,0.999847342812683
test_19339,0.006233014632683359
test_19340,0.9541418928652984
test_19341,0.005543974819743036
test_19342,0.9996690228360177
test_19343,0.9999288648996024
test_19344,0.002716809899331123
test_19345,0.9994574908186912
test_19346,0.6958682911219894
test_19347,0.0017299282159433094
test_19348,0.000959646331598325
test_19349,0.0007642692300520983
test_19350,0.0006761633885607734
test_19351,0.020218560476194886
test_19352,0.8913327755937684
test_19353,0.002427682724778612
test_19354,0.9999977673519951
test_19355,0.00014379712684081515
test_19356,0.12107432787253042
test_19357,0.7963716558867301
test_19358,0.9689860832774306
test_19359,0.9999058493389203
test_19360,0.6491494628242465
test_19361,0.004519993774127114
test_19362,0.0023198127379265667
test_19363,0.0004992836385576639
test_19364,0.41899242502603795
test_19365,0.04386468554743636
test_19366,0.07099230509922193
test_19367,0.36115773355246034
test_19368,0.9892051573499167
test_19369,0.8252625301327683
test_19370,0.1103852338828484
test_19371,9.572399370772623e-05
test_19372,0.08824437699022435
test_19373,0.3471467510122552
test_19374,0.9987321803319946
test_19375,0.21117703954803635
test_19376,0.9978018240938834
test_19377,0.9999375295197106
test_19378,0.9972998969699218
test_19379,0.14843932718376515
test_19380,0.942172329118659
test_19381,0.3918364956997312
test_19382,8.930793262019e-06
test_19383,0.9946512456025617
test_19384,0.9998722937138338
test_19385,0.9997907179954658
test_19386,0.005651837898477397
test_19387,0.6637807085729239
test_19388,0.5679187743958763
test_19389,0.2241741108619749
test_19390,0.9999891376247732
test_19391,0.7262588504243906
test_19392,0.0002709427596297617
test_19393,0.969023601335439
test_19394,0.9999966635229324
test_19395,0.0003416201255386171
test_19396,0.9996580324408341
test_19397,0.0810100743021291
test_19398,0.028139321680605355
test_19399,0.18017371784149072
test_19400,0.00446653526949062
test_19401,0.9775954005545036
test_19402,0.13489837552867184
test_19403,0.04383786699444757
test_19404,0.11222059625557614
test_19405,0.9953781740633925
test_19406,0.9992674563355812
test_19407,0.0012219236283016273
test_19408,0.3141047906396583
test_19409,0.0022751633670240593
test_19410,0.0007934026029452697
test_19411,0.00027083602366882444
test_19412,0.013202846885937656
test_19413,0.9776700172832691
test_19414,0.4114124799124862
test_19415,0.5480452237527946
test_19416,0.9896257439102062
test_19417,0.2393949481941176
test_19418,0.00039726963345738736
test_19419,0.8989919645446157
test_19420,0.000125906930288963
test_19421,0.8778616196852207
test_19422,0.9990243000594374
test_19423,0.9795445889875507
test_19424,0.17498629526282464
test_19425,0.0026494108600577278
test_19426,0.001829190173616283
test_19427,9.656070029303176e-05
test_19428,0.9999162893488379
test_19429,0.9938045615985835
test_19430,0.7562292064183564
test_19431,0.9997947441815453
test_19432,0.9995738520217393
test_19433,0.0053165322467116135
test_19434,0.9940860643965321
test_19435,0.9999933064807041
test_19436,0.9984508375299384
test_19437,0.9968972520116158
test_19438,0.0005478513730727006
test_19439,0.13583778881778702
test_19440,0.006498514006562479
test_19441,0.9995046656733187
test_19442,0.010272577924915456
test_19443,0.002026892092061688
test_19444,0.012919396684081012
test_19445,0.02294103248280115
test_19446,0.9999742582379337
test_19447,0.0009993670102232872
test_19448,0.9991017013064786
test_19449,0.9999862648743006
test_19450,0.9690209926607306
test_19451,0.9833140735585766
test_19452,0.9999934141538181
test_19453,0.9225159885417277
test_19454,0.9980611327235445
test_19455,0.002359527369381546
test_19456,1.5386604636667538e-05
test_19457,0.9999144063954165
test_19458,0.9796785150818849
test_19459,0.987745086786647
test_19460,0.011786537754831912
test_19461,0.02228825070080011
test_19462,0.4486403068088923
test_19463,0.6558747920582598
test_19464,0.050624291812459345
test_19465,0.17648290477744663
test_19466,0.3773963923689357
test_19467,0.716445558183148
test_19468,0.8379265654358821
test_19469,0.9997357712666659
test_19470,0.00019421596775796683
test_19471,0.00023758853734607573
test_19472,0.9999804221484959
test_19473,0.9998984681559271
test_19474,0.7515412003262603
test_19475,0.9999928200623744
test_19476,0.6945402178461534
test_19477,0.02853585914120414
test_19478,0.01343040152971834
test_19479,0.9992026377037445
test_19480,0.9959876392497116
test_19481,0.9966871922545787
test_19482,0.0007551665305008844
test_19483,0.9794809984028986
test_19484,0.993909915634727
test_19485,0.981466245190292
test_19486,0.038151819501778275
test_19487,0.8799794289039685
test_19488,0.99878128070987
test_19489,0.8126372438637153
test_19490,0.050028066482066126
test_19491,0.14554483667373247
test_19492,9.575275068652997e-05
test_19493,0.9983893776151936
test_19494,0.06987502315688306
test_19495,0.9994799312195523
test_19496,0.9801165860329704
test_19497,0.09486337157796458
test_19498,0.9960067251320697
test_19499,0.8831814296927569
test_19500,2.3978006107176596e-05
test_19501,0.989003270119469
test_19502,0.0013217299880944773
test_19503,0.6653346199746571
test_19504,0.005625956040541266
test_19505,0.9998234781340946
test_19506,0.1735299091681172
test_19507,0.9755493658957491
test_19508,0.9993886550343681
test_19509,0.9985930828539248
test_19510,0.9997688132734924
test_19511,0.9774703723739485
test_19512,0.710505312686281
test_19513,0.7721051301777937
test_19514,0.9985626186214196
test_19515,0.0009917611003383954
test_19516,0.999394486854037
test_19517,0.06866668088505261
test_19518,0.9500729044938192
test_19519,0.9993270390422243
test_19520,0.4236932978400955
test_19521,0.8711959047603777
test_19522,0.023219039044279577
test_19523,0.8773798007353864
test_19524,0.5312157538835169
test_19525,0.00762123525178423
test_19526,0.04292250828549488
test_19527,0.465326374269951
test_19528,3.6495593836414425e-05
test_19529,0.03462512694435431
test_19530,0.08047170929848346
test_19531,0.019836302144890437
test_19532,0.9238950130047333
test_19533,0.036109688323238666
test_19534,0.9999933245771512
test_19535,0.01709621976192363
test_19536,0.43408678336736134
test_19537,0.003915435347518836
test_19538,0.9999162200666258
test_19539,0.9998081537790391
test_19540,0.8191816504888821
test_19541,0.9843839224027806
test_19542,0.9208265252396247
test_19543,0.0019021052601775504
test_19544,0.9999670665892775
test_19545,0.9988997274687652
test_19546,0.9879478116376861
test_19547,0.0017376426846321261
test_19548,0.9994223455939518
test_19549,6.454671847673235e-06
test_19550,1.429620717572109e-08
test_19551,0.8655885068371619
test_19552,0.9962580391300624
test_19553,0.11006609541639974
test_19554,0.05483326919519716
test_19555,0.9571662285436691
test_19556,0.9553092430424088
test_19557,0.01445007437358664
test_19558,0.0003881408771368272
test_19559,0.02853483155703126
test_19560,0.9954027716292331
test_19561,0.9966782512028306
test_19562,0.9557412803137341
test_19563,0.9731043014712357
test_19564,0.012106326607586601
test_19565,0.7306115823544376
test_19566,0.0014971903816015078
test_19567,0.4496989402348144
test_19568,0.12565833534137974
test_19569,0.2676815438531469
test_19570,0.8977075269854173
test_19571,0.7347565465658843
test_19572,0.9630313431754486
test_19573,0.974264040898902
test_19574,0.00043886163708273344
test_19575,4.4779533458871314e-05
test_19576,0.9993502558771749
test_19577,0.7558385690688744
test_19578,0.8881943828278642
test_19579,1.2510903278078002e-06
test_19580,0.002343743062473034
test_19581,0.6017199964908544
test_19582,0.9635221340402336
test_19583,2.2094054352348225e-07
test_19584,0.47716340608296304
test_19585,0.9993997048719375
test_19586,0.9667639968609814
test_19587,0.0587248344380193
test_19588,0.9999846480891945
test_19589,7.473335490647661e-05
test_19590,0.4847715260823203
test_19591,0.9711844521238441
test_19592,0.40884590958625816
test_19593,0.10505366339390028
test_19594,3.600140728206608e-05
test_19595,0.0001282401424826726
test_19596,0.9996879963330942
test_19597,8.311822546998075e-05
test_19598,0.00042771178361102454
test_19599,0.960376904960055
test_19600,1.7415385786318762e-05
test_19601,0.0027552699439436544
test_19602,1.781550867813368e-05
test_19603,0.9984591481532628
test_19604,0.9987051546379587
test_19605,0.00042569076474693483
test_19606,0.9999500214757154
test_19607,5.981015127954522e-06
test_19608,0.0011149230864316835
test_19609,0.06178861256131288
test_19610,0.9255885871059596
test_19611,0.9999845713210347
test_19612,0.01840329139735054
test_19613,0.9999772687910349
test_19614,0.13736243064766324
test_19615,0.9976245825448806
test_19616,0.001600542721774938
test_19617,0.016731483308060072
test_19618,0.6736530752257367
test_19619,0.9965103429961245
test_19620,0.5071922319435895
test_19621,2.7158724315612184e-06
test_19622,1.0368868412681829e-05
test_19623,0.02663202593094571
test_19624,0.22284655154832736
test_19625,0.9999932305987684
test_19626,0.006551000436489762
test_19627,0.00033380224505472013
test_19628,0.9769738084854748
test_19629,0.0024502565796928723
test_19630,0.9999333840707071
test_19631,0.6879567784746109
test_19632,0.8902295975886066
test_19633,0.9992142280414176
test_19634,0.08687270339563832
test_19635,0.9993260227273579
test_19636,0.8524605719860519
test_19637,0.06666116414584669
test_19638,0.9130514908910233
test_19639,0.8452254766651537
test_19640,0.00014416565367308362
test_19641,0.09458121895963037
test_19642,0.003284542344961539
test_19643,0.0004510356840095457
test_19644,0.003284881058140023
test_19645,0.16923020725008087
test_19646,0.004785306846494782
test_19647,0.9999915207119248
test_19648,0.004115296268696644
test_19649,0.9940733458188282
test_19650,2.806600818526135e-05
test_19651,2.952444721175015e-05
test_19652,1.34674152913987e-05
test_19653,0.36842875866290764
test_19654,0.0013259461508689382
test_19655,0.014574644021485315
test_19656,0.8279697108464918
test_19657,0.002145246558161707
test_19658,0.067508044250577
test_19659,0.9488602122572224
test_19660,0.983855310795995
test_19661,0.031794989289004955
test_19662,0.8235415389607501
test_19663,0.32012034271711126
test_19664,0.19885420316305247
test_19665,0.9967388756074715
test_19666,0.9991362883153959
test_19667,0.999463560587885
test_19668,0.0012956786486082346
test_19669,0.0435281762364142
test_19670,0.9982914236777247
test_19671,0.2162567962013725
test_19672,0.9984859709392612
test_19673,0.012253804985353634
test_19674,0.000856267671621818
test_19675,0.5373632549732198
test_19676,0.9907711010938103
test_19677,0.8493288178396098
test_19678,2.4353908688564483e-05
test_19679,0.9464679088058446
test_19680,0.9425379978897491
test_19681,0.09610786836870064
test_19682,0.002248941830063926
test_19683,0.999938064419037
test_19684,0.00010901472820083279
test_19685,0.9996470949064306
test_19686,0.9982742206550849
test_19687,0.00014634071349556925
test_19688,0.8795083576635926
test_19689,0.9528984630122255
test_19690,0.016717942910135147
test_19691,0.9996007618908253
test_19692,0.9991457537785392
test_19693,0.2987277601937043
test_19694,0.9348569341040145
test_19695,0.23832913800329175
test_19696,0.9693803832635276
test_19697,0.007462890561909065
test_19698,0.7908335776167833
test_19699,0.9999697827617257
test_19700,0.18195824606167454
test_19701,0.002664610556168759
test_19702,0.0005425206222398044
test_19703,9.283696601738885e-06
test_19704,0.9453452383035469
test_19705,0.0012848631072617208
test_19706,0.001093839306567599
test_19707,0.9965656252134347
test_19708,0.9900613531623265
test_19709,0.0005237289291676581
test_19710,0.9998140367465649
test_19711,0.0013495944916037624
test_19712,0.661378200202818
test_19713,0.9999971260313046
test_19714,0.00010238864270742891
test_19715,6.914508869755253e-05
test_19716,0.03399814324769715
test_19717,0.9998642400737576
test_19718,0.9954027861573407
test_19719,0.9998173408453832
test_19720,0.999393249501276
test_19721,0.8859712392713124
test_19722,3.335409601142927e-05
test_19723,0.9876761308124159
test_19724,0.0006017034313524882
test_19725,0.9994401881681829
test_19726,0.9999982989439672
test_19727,0.0013492820042158029
test_19728,0.9900408132204298
test_19729,0.0008109936738665205
test_19730,0.022997876262303086
test_19731,0.07806167509121906
test_19732,0.9997544469184587
test_19733,0.4010121539429622
test_19734,0.9604430750447749
test_19735,0.9844961799276345
test_19736,0.9981983581822965
test_19737,0.2073708384957611
test_19738,0.7779592095909681
test_19739,0.019136550140402494
test_19740,0.992954210940081
test_19741,0.9999971755308763
test_19742,0.0002566397687085693
test_19743,0.0019545362957522363
test_19744,0.9998259282715422
test_19745,0.9910542092010801
test_19746,0.00019980224249296203
test_19747,0.2889835676202149
test_19748,0.0004087019998546431
test_19749,0.8849803814077337
test_19750,0.9999927523243916
test_19751,0.0017345311405773643
test_19752,0.999512266499153
test_19753,0.0006703178203520922
test_19754,0.1825439388837945
test_19755,0.9998926225132162
test_19756,0.9718899231131235
test_19757,0.9982397034260516
test_19758,0.0012551097529176717
test_19759,0.9705998902790471
test_19760,0.8726680806384156
test_19761,0.006155827839600206
test_19762,5.60750661090542e-06
test_19763,0.12900481838806685
test_19764,0.8793282607323278
test_19765,0.9929342028716877
test_19766,0.00042397105789073586
test_19767,0.31283529255778314
test_19768,0.09827539198455998
test_19769,0.06288422109214198
test_19770,3.86893932484032e-05
test_19771,0.9998263876761259
test_19772,0.9999854776289442
test_19773,3.53862435417958e-05
test_19774,0.03922450089619423
test_19775,0.043907578042691735
test_19776,0.9992338772587911
test_19777,0.007253164985698588
test_19778,0.999191544683849
test_19779,0.9200329170691613
test_19780,0.44836818018987534
test_19781,0.00025595047270632744
test_19782,0.4029744461972309
test_19783,0.0019588280958781623
test_19784,0.9999077149914344
test_19785,0.8330170735664849
test_19786,0.9996891222569776
test_19787,5.8487288370687154e-06
test_19788,0.9954182651420842
test_19789,0.8294390603397476
test_19790,0.9997601201564174
test_19791,0.3866357403497909
test_19792,0.948736464214535
test_19793,0.9275110430433857
test_19794,2.1739460428958483e-07
test_19795,0.9057016741800514
test_19796,3.738628105625651e-05
test_19797,0.9698830400000802
test_19798,0.0014200591026600619
test_19799,0.9858645644074164
test_19800,7.084196608581564e-06
test_19801,0.01883719928542532
test_19802,0.0047021424145093325
test_19803,0.9968097482756642
test_19804,0.8950965226961464
test_19805,0.0006861834051745184
test_19806,0.2733265881619114
test_19807,0.9991224450064733
test_19808,0.000525256256249752
test_19809,0.03303032367945073
test_19810,0.974371651365445
test_19811,0.8367196736621528
test_19812,0.25933341785222913
test_19813,0.23053175913822652
test_19814,0.9998875391915722
test_19815,0.021455748827764555
test_19816,0.019856706817092114
test_19817,0.9999854577989332
test_19818,0.003394690851029517
test_19819,0.8787097689962731
test_19820,0.1614502016449808
test_19821,0.9935388015139512
test_19822,0.9996453756755402
test_19823,0.9996945639599581
test_19824,0.9963803878432812
test_19825,0.5017966168141319
test_19826,0.017475338405984017
test_19827,0.9995101301114333
test_19828,0.04306016446792816
test_19829,0.0003912842159625008
test_19830,0.9632403201313301
test_19831,0.012019656947004801
test_19832,0.9998362183210742
test_19833,0.01817187152424386
test_19834,0.6696505328291795
test_19835,0.03195055141612224
test_19836,9.800613625131102e-05
test_19837,0.9999466646488756
test_19838,0.999472400275623
test_19839,0.38742132150198144
test_19840,0.5497846785359931
test_19841,0.0026197024146163853
test_19842,0.0036756499534878364
test_19843,5.241100730263029e-06
test_19844,0.0011010281300043898
test_19845,0.00046004223636477023
test_19846,0.4891267552174261
test_19847,0.9970368893702711
test_19848,0.08955664231381243
test_19849,0.011283565808623436
test_19850,0.9975011825574635
test_19851,0.3674843285191393
test_19852,0.014553131031291206
test_19853,2.1620414278329533e-05
test_19854,0.9948084459622474
test_19855,0.2823278163444726
test_19856,0.9984954757047105
test_19857,0.013748515086502155
test_19858,0.8132460862417474
test_19859,0.3352643872523391
test_19860,0.0009956074330046251
test_19861,0.001160375311659521
test_19862,0.11733679949082124
test_19863,0.7529731199539844
test_19864,0.001670676820900648
test_19865,0.7272688240522204
test_19866,4.92488389129086e-06
test_19867,0.9991963569381986
test_19868,0.8317769539103371
test_19869,0.0017203380062403293
test_19870,0.00017375512792659517
test_19871,0.9999696497904047
test_19872,0.9887899136946936
test_19873,0.9569299709342504
test_19874,2.250526173002566e-06
test_19875,1.7047230282483116e-07
test_19876,0.5745171170007293
test_19877,0.9749558826245363
test_19878,0.9844141132911958
test_19879,0.9998737519179165
test_19880,0.4586521818178112
test_19881,6.226028113177291e-06
test_19882,0.9999928606864394
test_19883,0.4766215081819456
test_19884,0.0012156597271673533
test_19885,0.8080594318415963
test_19886,0.9996826743885171
test_19887,0.9999910151907375
test_19888,0.0004735380455511226
test_19889,0.9987218593937697
test_19890,0.9860165191313768
test_19891,0.3405080129922926
test_19892,0.1557458118090658
test_19893,0.9745832922669134
test_19894,0.005724313951188011
test_19895,0.9996818754941842
test_19896,0.1493285460941452
test_19897,0.33485223124205754
test_19898,0.0013481297481701133
test_19899,0.00010105727985164322
test_19900,0.9972127147119733
test_19901,3.725920780779215e-06
test_19902,0.6297697471596992
test_19903,0.8459547481340193
test_19904,0.9997426380915521
test_19905,0.020645439174485258
test_19906,0.4104684470605167
test_19907,0.049432118057246836
test_19908,0.0016210163172293416
test_19909,0.0008103528052012268
test_19910,0.0587982739681545
test_19911,0.00020656435627937407
test_19912,0.13932901951817153
test_19913,0.9952866189473887
test_19914,0.0006497448520749678
test_19915,0.0022364311011702914
test_19916,0.016927630425756367
test_19917,0.0016640650696773372
test_19918,0.00753743506959026
test_19919,0.0206195789399909
test_19920,0.6400102736043324
test_19921,0.8500389582569771
test_19922,0.9997704405298132
test_19923,0.9956687952617054
test_19924,0.5220288385877644
test_19925,0.9725872913378302
test_19926,0.0008968133842378769
test_19927,0.6673025137919599
test_19928,0.022058858500288787
test_19929,0.9805772829493283
test_19930,0.06138818897025846
test_19931,0.9380971075879507
test_19932,0.9716416525631122
test_19933,0.0009012295594163108
test_19934,0.9949216770021322
test_19935,4.641134860142243e-05
test_19936,0.9997798699485816
test_19937,0.9970117360092894
test_19938,0.9913713767710576
test_19939,0.00984452264998124
test_19940,0.00023801107118761174
test_19941,0.022139460103439583
test_19942,0.3187281154340757
test_19943,0.5298844561629321
test_19944,0.9999746663412151
test_19945,0.0003127959851263059
test_19946,6.966420855382124e-05
test_19947,0.0006545372605516355
test_19948,0.9993937876481477
test_19949,0.012880819976611401
test_19950,0.9330738540454802
test_19951,0.9999967876786686
test_19952,0.8524415520617852
test_19953,0.00034430254600716493
test_19954,0.003568486191913784
test_19955,0.018553550208114836
test_19956,0.0003015149076425687
test_19957,0.006255412688503994
test_19958,0.8309879976984208
test_19959,0.9999422212564557
test_19960,0.19694587617079318
test_19961,0.9595150460821997
test_19962,0.0005520291141950816
test_19963,5.999571329625633e-05
test_19964,0.8990785846849281
test_19965,0.0068124017354412765
test_19966,0.9999997255828117
test_19967,0.9165357857147662
test_19968,0.6511189388374563
test_19969,0.18168319262634772
test_19970,0.0004493243716850354
test_19971,0.3958543663436181
test_19972,0.41190873773224584
test_19973,0.9961621453741065
test_19974,0.7708668082408893
test_19975,0.8948126085840745
test_19976,0.9775532205278744
test_19977,0.05092432756310479
test_19978,0.6141746430080935
test_19979,0.00032021274461465683
test_19980,0.9890365625731347
test_19981,0.9993482012332843
test_19982,0.9989497316201981
test_19983,0.9998746317165391
test_19984,0.5756648441180731
test_19985,0.0003159947735903442
test_19986,0.00024575279017423075
test_19987,0.960224656493888
test_19988,0.8874031832149298
test_19989,0.011362589171704457
test_19990,0.3236542409158668
test_19991,0.9961883152216483
test_19992,0.00023242357198163975
test_19993,0.9989596792730727
test_19994,0.8319536647530893
test_19995,0.01672691385141651
test_19996,0.01074068944032014
test_19997,7.59806973270538e-05
test_19998,1.1864139076233345e-05
test_19999,0.09731951681631666
